2025-06-27 16:17:49,682 - INFO - Database 'crypto' already exists
2025-06-27 16:17:49,736 - INFO - Connected to PostgreSQL database
2025-06-27 16:17:49,737 - INFO - Tables created successfully
2025-06-27 16:17:49,738 - INFO - WebSocket URL: wss://stream.binance.com:9443/stream?streams=btcusdt@kline_1m/ethusdt@kline_1m/bnbusdt@kline_1m
2025-06-27 16:17:49,740 - INFO - Starting crypto data collection...
2025-06-27 16:17:50,985 - INFO - Websocket connected
2025-06-27 16:17:50,986 - INFO - WebSocket connection opened
2025-06-27 16:17:51,030 - INFO - Inserted BNBUSDT data into database
2025-06-27 16:17:51,030 - INFO - Processed data for BNBUSDT: $645.55
2025-06-27 16:17:52,936 - INFO - Inserted BTCUSDT data into database
2025-06-27 16:17:52,937 - INFO - Processed data for BTCUSDT: $106830.62
2025-06-27 16:17:52,940 - INFO - Inserted ETHUSDT data into database
2025-06-27 16:17:52,940 - INFO - Processed data for ETHUSDT: $2435.95
2025-06-27 16:17:54,970 - INFO - Processed data for BTCUSDT: $106820.83
2025-06-27 16:17:54,972 - INFO - Processed data for ETHUSDT: $2435.58
2025-06-27 16:17:55,028 - INFO - Processed data for BNBUSDT: $645.56
2025-06-27 16:17:56,938 - INFO - Processed data for BTCUSDT: $106820.82
2025-06-27 16:17:56,940 - INFO - Processed data for ETHUSDT: $2435.41
2025-06-27 16:17:58,943 - INFO - Processed data for BTCUSDT: $106820.82
2025-06-27 16:17:58,944 - INFO - Processed data for ETHUSDT: $2435.42
2025-06-27 16:17:59,030 - INFO - Processed data for BNBUSDT: $645.54
2025-06-27 16:18:00,924 - INFO - Processed data for BNBUSDT: $645.54
2025-06-27 16:18:00,951 - INFO - Processed data for BTCUSDT: $106820.82
2025-06-27 16:18:00,953 - INFO - Processed data for BTCUSDT: $106820.83
2025-06-27 16:18:00,955 - INFO - Processed data for ETHUSDT: $2435.43
2025-06-27 16:18:00,957 - INFO - Processed data for ETHUSDT: $2435.43
2025-06-27 16:18:01,033 - INFO - Processed data for BNBUSDT: $645.54
2025-06-27 16:18:02,990 - INFO - Processed data for BTCUSDT: $106820.82
2025-06-27 16:18:02,993 - INFO - Processed data for ETHUSDT: $2435.42
2025-06-27 16:18:03,025 - INFO - Processed data for BNBUSDT: $645.54
2025-06-27 16:18:04,948 - INFO - Processed data for BTCUSDT: $106820.82
2025-06-27 16:18:04,949 - INFO - Processed data for ETHUSDT: $2435.43
2025-06-27 16:18:06,930 - INFO - Processed data for BTCUSDT: $106820.82
2025-06-27 16:18:07,022 - INFO - Processed data for BNBUSDT: $645.53
2025-06-27 16:18:08,945 - INFO - Processed data for BTCUSDT: $106820.82
2025-06-27 16:18:08,947 - INFO - Processed data for ETHUSDT: $2435.43
2025-06-27 16:18:09,030 - INFO - Processed data for BNBUSDT: $645.54
2025-06-27 16:18:10,982 - INFO - Processed data for BTCUSDT: $106820.83
2025-06-27 16:18:10,983 - INFO - Processed data for ETHUSDT: $2435.59
2025-06-27 16:18:11,041 - INFO - Processed data for BNBUSDT: $645.54
2025-06-27 16:18:12,943 - INFO - Processed data for BTCUSDT: $106820.82
2025-06-27 16:18:12,944 - INFO - Processed data for ETHUSDT: $2435.59
2025-06-27 16:18:13,028 - INFO - Processed data for BNBUSDT: $645.55
2025-06-27 16:18:14,943 - INFO - Processed data for BTCUSDT: $106820.83
2025-06-27 16:18:14,945 - INFO - Processed data for ETHUSDT: $2435.59
2025-06-27 16:18:15,071 - INFO - Processed data for BNBUSDT: $645.55
2025-06-27 16:18:16,934 - INFO - Processed data for BTCUSDT: $106820.82
2025-06-27 16:18:16,935 - INFO - Processed data for ETHUSDT: $2435.85
2025-06-27 16:18:18,939 - INFO - Processed data for BTCUSDT: $106828.34
2025-06-27 16:18:18,943 - INFO - Processed data for ETHUSDT: $2436.08
2025-06-27 16:18:19,051 - INFO - Processed data for BNBUSDT: $645.54
2025-06-27 16:18:20,410 - INFO - Database 'crypto' already exists
2025-06-27 16:18:20,560 - INFO - Connected to PostgreSQL database
2025-06-27 16:18:20,562 - INFO - Tables created successfully
2025-06-27 16:18:20,562 - INFO - WebSocket URL: wss://stream.binance.com:9443/stream?streams=btcusdt@kline_1m/ethusdt@kline_1m/bnbusdt@kline_1m
2025-06-27 16:18:20,564 - INFO - Starting crypto data collection...
2025-06-27 16:18:20,946 - INFO - Processed data for BTCUSDT: $106828.34
2025-06-27 16:18:20,948 - INFO - Processed data for ETHUSDT: $2436.08
2025-06-27 16:18:21,027 - INFO - Processed data for BNBUSDT: $645.54
2025-06-27 16:18:21,817 - INFO - Websocket connected
2025-06-27 16:18:21,817 - INFO - WebSocket connection opened
2025-06-27 16:18:22,940 - INFO - Processed data for BTCUSDT: $106820.68
2025-06-27 16:18:22,944 - INFO - Processed data for ETHUSDT: $2435.67
2025-06-27 16:18:22,947 - INFO - Inserted BTCUSDT data into database
2025-06-27 16:18:22,947 - INFO - Processed data for BTCUSDT: $106820.68
2025-06-27 16:18:22,952 - INFO - Inserted ETHUSDT data into database
2025-06-27 16:18:22,952 - INFO - Processed data for ETHUSDT: $2435.67
2025-06-27 16:18:23,031 - INFO - Processed data for BNBUSDT: $645.54
2025-06-27 16:18:23,032 - INFO - Inserted BNBUSDT data into database
2025-06-27 16:18:23,033 - INFO - Processed data for BNBUSDT: $645.54
2025-06-27 16:18:24,953 - INFO - Processed data for BTCUSDT: $106818.90
2025-06-27 16:18:24,954 - INFO - Processed data for ETHUSDT: $2435.59
2025-06-27 16:18:24,974 - INFO - Processed data for BTCUSDT: $106818.90
2025-06-27 16:18:24,977 - INFO - Processed data for ETHUSDT: $2435.59
2025-06-27 16:18:25,050 - INFO - Processed data for BNBUSDT: $645.55
2025-06-27 16:18:25,089 - INFO - Processed data for BNBUSDT: $645.55
2025-06-27 16:18:26,930 - INFO - Processed data for BTCUSDT: $106818.81
2025-06-27 16:18:26,943 - INFO - Processed data for ETHUSDT: $2435.16
2025-06-27 16:18:26,947 - INFO - Processed data for BTCUSDT: $106818.81
2025-06-27 16:18:26,961 - INFO - Processed data for ETHUSDT: $2435.16
2025-06-27 16:18:27,022 - INFO - Processed data for BNBUSDT: $645.46
2025-06-27 16:18:27,045 - INFO - Processed data for BNBUSDT: $645.46
2025-06-27 16:18:28,934 - INFO - Processed data for BTCUSDT: $106818.82
2025-06-27 16:18:28,935 - INFO - Processed data for BTCUSDT: $106818.82
2025-06-27 16:18:28,935 - INFO - Processed data for ETHUSDT: $2435.13
2025-06-27 16:18:28,935 - INFO - Processed data for ETHUSDT: $2435.13
2025-06-27 16:18:29,024 - INFO - Processed data for BNBUSDT: $645.46
2025-06-27 16:18:29,025 - INFO - Processed data for BNBUSDT: $645.46
2025-06-27 16:18:30,958 - INFO - Processed data for BTCUSDT: $106818.82
2025-06-27 16:18:30,960 - INFO - Processed data for BTCUSDT: $106818.82
2025-06-27 16:18:30,960 - INFO - Processed data for ETHUSDT: $2435.13
2025-06-27 16:18:30,961 - INFO - Processed data for ETHUSDT: $2435.13
2025-06-27 16:18:31,020 - INFO - Processed data for BNBUSDT: $645.45
2025-06-27 16:18:31,020 - INFO - Processed data for BNBUSDT: $645.45
2025-06-27 16:18:32,952 - INFO - Processed data for BTCUSDT: $106818.82
2025-06-27 16:18:32,953 - INFO - Processed data for ETHUSDT: $2434.71
2025-06-27 16:18:32,953 - INFO - Processed data for BTCUSDT: $106818.82
2025-06-27 16:18:32,954 - INFO - Processed data for ETHUSDT: $2434.71
2025-06-27 16:18:34,934 - INFO - Processed data for BTCUSDT: $106818.82
2025-06-27 16:18:34,936 - INFO - Processed data for BTCUSDT: $106818.82
2025-06-27 16:18:34,936 - INFO - Processed data for ETHUSDT: $2434.64
2025-06-27 16:18:34,937 - INFO - Processed data for ETHUSDT: $2434.64
2025-06-27 16:18:35,046 - INFO - Processed data for BNBUSDT: $645.44
2025-06-27 16:18:36,040 - INFO - Processed data for BNBUSDT: $645.44
2025-06-27 16:18:36,948 - INFO - Processed data for BTCUSDT: $106818.81
2025-06-27 16:18:36,949 - INFO - Processed data for ETHUSDT: $2434.55
2025-06-27 16:18:37,049 - INFO - Processed data for BNBUSDT: $645.43
2025-06-27 16:18:37,049 - INFO - Processed data for BNBUSDT: $645.43
2025-06-27 16:18:38,941 - INFO - Processed data for BTCUSDT: $106815.54
2025-06-27 16:18:38,941 - INFO - Processed data for BTCUSDT: $106815.54
2025-06-27 16:18:38,944 - INFO - Processed data for ETHUSDT: $2433.98
2025-06-27 16:18:38,944 - INFO - Processed data for ETHUSDT: $2433.98
2025-06-27 16:18:40,941 - INFO - Processed data for BTCUSDT: $106815.54
2025-06-27 16:18:40,944 - INFO - Processed data for ETHUSDT: $2433.92
2025-06-27 16:18:40,944 - INFO - Processed data for BTCUSDT: $106815.54
2025-06-27 16:18:40,945 - INFO - Processed data for ETHUSDT: $2433.92
2025-06-27 16:18:41,022 - INFO - Processed data for BNBUSDT: $645.44
2025-06-27 16:18:41,023 - INFO - Processed data for BNBUSDT: $645.44
2025-06-27 16:18:42,951 - INFO - Processed data for BTCUSDT: $106815.55
2025-06-27 16:18:42,951 - INFO - Processed data for ETHUSDT: $2433.92
2025-06-27 16:18:42,953 - INFO - Processed data for BTCUSDT: $106815.55
2025-06-27 16:18:42,953 - INFO - Processed data for ETHUSDT: $2433.92
2025-06-27 16:18:43,022 - INFO - Processed data for BNBUSDT: $645.43
2025-06-27 16:18:43,022 - INFO - Processed data for BNBUSDT: $645.43
2025-06-27 16:18:44,932 - INFO - Processed data for BTCUSDT: $106810.85
2025-06-27 16:18:44,934 - INFO - Processed data for ETHUSDT: $2433.76
2025-06-27 16:18:44,935 - INFO - Processed data for BTCUSDT: $106810.85
2025-06-27 16:18:44,936 - INFO - Processed data for ETHUSDT: $2433.76
2025-06-27 16:18:45,024 - INFO - Processed data for BNBUSDT: $645.44
2025-06-27 16:18:45,025 - INFO - Processed data for BNBUSDT: $645.44
2025-06-27 16:18:46,943 - INFO - Processed data for BTCUSDT: $106810.85
2025-06-27 16:18:46,945 - INFO - Processed data for ETHUSDT: $2433.76
2025-06-27 16:18:46,945 - INFO - Processed data for BTCUSDT: $106810.85
2025-06-27 16:18:46,946 - INFO - Processed data for ETHUSDT: $2433.76
2025-06-27 16:18:47,036 - INFO - Processed data for BNBUSDT: $645.44
2025-06-27 16:18:47,037 - INFO - Processed data for BNBUSDT: $645.44
2025-06-27 16:18:48,979 - INFO - Processed data for BTCUSDT: $106810.85
2025-06-27 16:18:48,980 - INFO - Processed data for BTCUSDT: $106810.85
2025-06-27 16:18:48,981 - INFO - Processed data for ETHUSDT: $2433.71
2025-06-27 16:18:48,981 - INFO - Processed data for ETHUSDT: $2433.71
2025-06-27 16:18:49,036 - INFO - Processed data for BNBUSDT: $645.43
2025-06-27 16:18:49,037 - INFO - Processed data for BNBUSDT: $645.43
2025-06-27 16:18:50,929 - INFO - Processed data for BTCUSDT: $106809.95
2025-06-27 16:18:50,930 - INFO - Processed data for ETHUSDT: $2433.71
2025-06-27 16:18:50,934 - INFO - Processed data for BTCUSDT: $106809.95
2025-06-27 16:18:50,936 - INFO - Processed data for ETHUSDT: $2433.71
2025-06-27 16:18:51,024 - INFO - Processed data for BNBUSDT: $645.44
2025-06-27 16:18:51,025 - INFO - Processed data for BNBUSDT: $645.44
2025-06-27 16:18:52,947 - INFO - Processed data for BTCUSDT: $106800.49
2025-06-27 16:18:52,947 - INFO - Inserted BTCUSDT data into database
2025-06-27 16:18:52,948 - INFO - Processed data for BTCUSDT: $106800.49
2025-06-27 16:18:52,949 - INFO - Inserted ETHUSDT data into database
2025-06-27 16:18:52,949 - INFO - Processed data for ETHUSDT: $2433.53
2025-06-27 16:18:52,949 - INFO - Processed data for ETHUSDT: $2433.53
2025-06-27 16:18:53,022 - INFO - Processed data for BNBUSDT: $645.44
2025-06-27 16:18:53,023 - INFO - Inserted BNBUSDT data into database
2025-06-27 16:18:53,023 - INFO - Processed data for BNBUSDT: $645.44
2025-06-27 16:18:54,953 - INFO - Processed data for BTCUSDT: $106800.49
2025-06-27 16:18:54,953 - INFO - Processed data for ETHUSDT: $2433.43
2025-06-27 16:18:54,956 - INFO - Processed data for BTCUSDT: $106800.49
2025-06-27 16:18:54,958 - INFO - Processed data for ETHUSDT: $2433.43
2025-06-27 16:18:56,939 - INFO - Processed data for BTCUSDT: $106800.50
2025-06-27 16:18:56,939 - INFO - Processed data for BTCUSDT: $106800.50
2025-06-27 16:18:56,942 - INFO - Processed data for ETHUSDT: $2433.57
2025-06-27 16:18:57,020 - INFO - Processed data for BNBUSDT: $645.54
2025-06-27 16:18:57,021 - INFO - Processed data for BNBUSDT: $645.54
2025-06-27 16:18:58,934 - INFO - Processed data for BTCUSDT: $106800.50
2025-06-27 16:18:58,935 - INFO - Processed data for ETHUSDT: $2433.69
2025-06-27 16:18:58,935 - INFO - Processed data for BTCUSDT: $106800.50
2025-06-27 16:18:58,936 - INFO - Processed data for ETHUSDT: $2433.69
2025-06-27 16:19:00,923 - INFO - Processed data for BNBUSDT: $645.54
2025-06-27 16:19:00,930 - INFO - Processed data for BTCUSDT: $106800.50
2025-06-27 16:19:00,931 - INFO - Processed data for BTCUSDT: $106800.50
2025-06-27 16:19:00,932 - INFO - Processed data for ETHUSDT: $2433.04
2025-06-27 16:19:00,933 - INFO - Processed data for ETHUSDT: $2433.04
2025-06-27 16:19:00,934 - INFO - Processed data for ETHUSDT: $2433.04
2025-06-27 16:19:00,934 - INFO - Processed data for ETHUSDT: $2433.04
2025-06-27 16:19:01,020 - INFO - Processed data for BNBUSDT: $645.54
2025-06-27 16:19:01,023 - INFO - Processed data for BNBUSDT: $645.54
2025-06-27 16:19:02,928 - ERROR - WebSocket error: 0
2025-06-27 16:19:02,931 - INFO - Processed data for BTCUSDT: $106783.01
2025-06-27 16:19:02,950 - INFO - Processed data for ETHUSDT: $2432.64
2025-06-27 16:19:03,078 - INFO - Processed data for BNBUSDT: $645.50
2025-06-27 16:19:03,378 - INFO - WebSocket connection closed
2025-06-27 16:19:04,942 - INFO - Processed data for BTCUSDT: $106783.00
2025-06-27 16:19:04,943 - INFO - Processed data for ETHUSDT: $2432.59
2025-06-27 16:19:05,023 - INFO - Processed data for BNBUSDT: $645.51
2025-06-27 16:19:06,940 - INFO - Processed data for BTCUSDT: $106774.50
2025-06-27 16:19:06,942 - INFO - Processed data for ETHUSDT: $2432.43
2025-06-27 16:19:07,039 - INFO - Processed data for BNBUSDT: $645.51
2025-06-27 16:19:08,932 - INFO - Processed data for BTCUSDT: $106774.50
2025-06-27 16:19:08,935 - INFO - Processed data for ETHUSDT: $2432.42
2025-06-27 16:19:09,021 - INFO - Processed data for BNBUSDT: $645.51
2025-06-27 16:19:10,936 - INFO - Processed data for BTCUSDT: $106774.50
2025-06-27 16:19:10,940 - INFO - Processed data for ETHUSDT: $2432.43
2025-06-27 16:19:11,027 - INFO - Processed data for BNBUSDT: $645.52
2025-06-27 16:19:12,932 - INFO - Processed data for BTCUSDT: $106766.31
2025-06-27 16:19:12,933 - INFO - Processed data for ETHUSDT: $2432.07
2025-06-27 16:19:13,021 - INFO - Processed data for BNBUSDT: $645.53
2025-06-27 16:19:14,956 - INFO - Processed data for BTCUSDT: $106766.30
2025-06-27 16:19:14,959 - INFO - Processed data for ETHUSDT: $2432.07
2025-06-27 16:19:16,951 - INFO - Processed data for BTCUSDT: $106766.30
2025-06-27 16:19:16,953 - INFO - Processed data for ETHUSDT: $2432.06
2025-06-27 16:19:17,026 - INFO - Processed data for BNBUSDT: $645.54
2025-06-27 16:19:18,939 - INFO - Processed data for BTCUSDT: $106766.30
2025-06-27 16:19:18,941 - INFO - Processed data for ETHUSDT: $2432.06
2025-06-27 16:19:20,931 - INFO - Processed data for BTCUSDT: $106766.31
2025-06-27 16:19:20,932 - INFO - Processed data for ETHUSDT: $2432.06
2025-06-27 16:19:21,027 - INFO - Processed data for BNBUSDT: $645.54
2025-06-27 16:19:22,944 - ERROR - WebSocket error: 0
2025-06-27 16:19:23,386 - INFO - WebSocket connection closed
2025-06-27 16:30:04,852 - INFO - Database 'crypto' already exists
2025-06-27 16:30:04,895 - INFO - Connected to PostgreSQL database
2025-06-27 16:30:04,897 - INFO - Tables created successfully
2025-06-27 16:30:04,897 - INFO - WebSocket URL: wss://stream.binance.com:9443/stream?streams=btcusdt@kline_1m/ethusdt@kline_1m/bnbusdt@kline_1m
2025-06-27 16:30:04,900 - INFO - Starting crypto data collection...
2025-06-27 16:30:06,177 - INFO - Websocket connected
2025-06-27 16:30:06,178 - INFO - WebSocket connection opened
2025-06-27 16:30:06,934 - INFO - Inserted BTCUSDT data into database
2025-06-27 16:30:06,935 - INFO - Processed data for BTCUSDT: $106688.44
2025-06-27 16:30:06,941 - INFO - Inserted ETHUSDT data into database
2025-06-27 16:30:06,942 - INFO - Processed data for ETHUSDT: $2425.37
2025-06-27 16:30:07,019 - INFO - Inserted BNBUSDT data into database
2025-06-27 16:30:07,019 - INFO - Processed data for BNBUSDT: $644.83
2025-06-27 16:30:08,930 - INFO - Processed data for BTCUSDT: $106688.45
2025-06-27 16:30:08,933 - INFO - Processed data for ETHUSDT: $2425.51
2025-06-27 16:30:09,032 - INFO - Processed data for BNBUSDT: $644.83
2025-06-27 16:30:10,929 - INFO - Processed data for BTCUSDT: $106688.45
2025-06-27 16:30:10,930 - INFO - Processed data for ETHUSDT: $2425.50
2025-06-27 16:30:11,017 - INFO - Processed data for BNBUSDT: $644.83
2025-06-27 16:30:12,925 - INFO - Processed data for BTCUSDT: $106663.21
2025-06-27 16:30:12,932 - INFO - Processed data for ETHUSDT: $2424.88
2025-06-27 16:30:13,017 - INFO - Processed data for BNBUSDT: $644.81
2025-06-27 16:30:14,927 - INFO - Processed data for BTCUSDT: $106663.22
2025-06-27 16:30:14,930 - INFO - Processed data for ETHUSDT: $2424.95
2025-06-27 16:30:15,018 - INFO - Processed data for BNBUSDT: $644.81
2025-06-27 16:30:16,928 - INFO - Processed data for BTCUSDT: $106660.00
2025-06-27 16:30:16,930 - INFO - Processed data for ETHUSDT: $2425.06
2025-06-27 16:30:17,019 - INFO - Processed data for BNBUSDT: $644.81
2025-06-27 16:30:18,926 - INFO - Processed data for BTCUSDT: $106671.00
2025-06-27 16:30:18,928 - INFO - Processed data for ETHUSDT: $2425.52
2025-06-27 16:30:19,016 - INFO - Processed data for BNBUSDT: $644.84
2025-06-27 16:30:20,925 - INFO - Processed data for BTCUSDT: $106689.60
2025-06-27 16:30:20,928 - INFO - Processed data for ETHUSDT: $2425.72
2025-06-27 16:30:21,028 - INFO - Processed data for BNBUSDT: $644.89
2025-06-27 16:30:22,935 - INFO - Processed data for BTCUSDT: $106687.48
2025-06-27 16:30:22,937 - INFO - Processed data for ETHUSDT: $2425.95
2025-06-27 16:30:23,024 - INFO - Processed data for BNBUSDT: $644.90
2025-06-27 16:30:24,932 - INFO - Processed data for BTCUSDT: $106694.92
2025-06-27 16:30:24,935 - INFO - Processed data for ETHUSDT: $2425.99
2025-06-27 16:30:25,045 - INFO - Processed data for BNBUSDT: $644.90
2025-06-27 16:30:26,932 - INFO - Processed data for BTCUSDT: $106713.60
2025-06-27 16:30:26,935 - INFO - Processed data for ETHUSDT: $2426.63
2025-06-27 16:30:27,015 - INFO - Processed data for BNBUSDT: $644.99
2025-06-27 16:30:28,926 - INFO - Processed data for BTCUSDT: $106727.38
2025-06-27 16:30:28,928 - INFO - Processed data for ETHUSDT: $2427.76
2025-06-27 16:30:29,017 - INFO - Processed data for BNBUSDT: $645.09
2025-06-27 16:30:30,934 - INFO - Processed data for BTCUSDT: $106732.00
2025-06-27 16:30:30,937 - INFO - Processed data for ETHUSDT: $2428.34
2025-06-27 16:30:31,017 - INFO - Processed data for BNBUSDT: $645.09
2025-06-27 16:30:32,928 - INFO - Processed data for BTCUSDT: $106747.19
2025-06-27 16:30:32,930 - INFO - Processed data for ETHUSDT: $2427.87
2025-06-27 16:30:33,019 - INFO - Processed data for BNBUSDT: $645.08
2025-06-27 16:30:34,944 - INFO - Processed data for BTCUSDT: $106747.99
2025-06-27 16:30:34,947 - INFO - Processed data for ETHUSDT: $2428.75
2025-06-27 16:30:35,129 - INFO - Processed data for BNBUSDT: $645.16
2025-06-27 16:30:36,924 - INFO - Processed data for BTCUSDT: $106758.91
2025-06-27 16:30:36,958 - INFO - Processed data for ETHUSDT: $2428.93
2025-06-27 16:30:37,021 - INFO - Processed data for BNBUSDT: $645.17
2025-06-27 16:30:38,937 - INFO - Processed data for BTCUSDT: $106764.90
2025-06-27 16:30:38,939 - INFO - Processed data for ETHUSDT: $2428.94
2025-06-27 16:30:40,948 - INFO - Processed data for BTCUSDT: $106764.90
2025-06-27 16:30:40,950 - INFO - Processed data for ETHUSDT: $2428.94
2025-06-27 16:30:41,029 - INFO - Processed data for BNBUSDT: $645.18
2025-06-27 16:30:42,924 - INFO - Processed data for BTCUSDT: $106745.00
2025-06-27 16:30:42,956 - INFO - Processed data for ETHUSDT: $2428.17
2025-06-27 16:30:43,015 - INFO - Processed data for BNBUSDT: $645.13
2025-06-27 16:30:44,931 - INFO - Processed data for BTCUSDT: $106747.45
2025-06-27 16:30:44,934 - INFO - Processed data for ETHUSDT: $2428.18
2025-06-27 16:30:45,017 - INFO - Processed data for BNBUSDT: $645.14
2025-06-27 16:30:46,930 - INFO - Processed data for BTCUSDT: $106757.69
2025-06-27 16:30:46,933 - INFO - Processed data for ETHUSDT: $2428.21
2025-06-27 16:30:47,018 - INFO - Processed data for BNBUSDT: $645.14
2025-06-27 16:30:48,924 - INFO - Processed data for BTCUSDT: $106744.84
2025-06-27 16:30:48,927 - INFO - Processed data for ETHUSDT: $2427.49
2025-06-27 16:30:50,927 - INFO - Processed data for BTCUSDT: $106744.84
2025-06-27 16:30:50,929 - INFO - Processed data for ETHUSDT: $2427.61
2025-06-27 16:30:51,030 - INFO - Processed data for BNBUSDT: $645.14
2025-06-27 16:30:52,962 - INFO - Processed data for BTCUSDT: $106722.13
2025-06-27 16:30:52,965 - INFO - Processed data for ETHUSDT: $2427.28
2025-06-27 16:30:53,054 - INFO - Processed data for BNBUSDT: $645.10
2025-06-27 16:30:54,945 - INFO - Processed data for BTCUSDT: $106715.62
2025-06-27 16:30:54,946 - INFO - Processed data for ETHUSDT: $2426.83
2025-06-27 16:30:56,936 - INFO - Processed data for BTCUSDT: $106706.28
2025-06-27 16:30:56,937 - INFO - Processed data for ETHUSDT: $2426.81
2025-06-27 16:30:58,932 - INFO - Processed data for BTCUSDT: $106715.50
2025-06-27 16:30:58,935 - INFO - Processed data for ETHUSDT: $2426.90
2025-06-27 16:30:59,030 - INFO - Processed data for BNBUSDT: $645.09
2025-06-27 16:31:00,924 - INFO - Processed data for BNBUSDT: $645.09
2025-06-27 16:31:00,952 - INFO - Processed data for BTCUSDT: $106715.62
2025-06-27 16:31:00,953 - INFO - Processed data for BTCUSDT: $106715.62
2025-06-27 16:31:00,953 - INFO - Processed data for ETHUSDT: $2426.92
2025-06-27 16:31:00,954 - INFO - Processed data for ETHUSDT: $2426.92
2025-06-27 16:31:01,032 - INFO - Processed data for BNBUSDT: $645.13
2025-06-27 16:31:02,948 - INFO - Processed data for BTCUSDT: $106715.62
2025-06-27 16:31:02,950 - INFO - Processed data for ETHUSDT: $2427.33
2025-06-27 16:31:03,025 - INFO - Processed data for BNBUSDT: $645.13
2025-06-27 16:31:04,924 - INFO - Processed data for BTCUSDT: $106731.37
2025-06-27 16:31:04,939 - INFO - Processed data for ETHUSDT: $2428.06
2025-06-27 16:31:05,026 - INFO - Processed data for BNBUSDT: $645.20
2025-06-27 16:31:06,933 - INFO - Inserted BTCUSDT data into database
2025-06-27 16:31:06,934 - INFO - Processed data for BTCUSDT: $106740.00
2025-06-27 16:31:06,938 - INFO - Processed data for ETHUSDT: $2427.95
2025-06-27 16:31:07,016 - INFO - Processed data for BNBUSDT: $645.20
2025-06-27 16:31:08,947 - INFO - Processed data for BTCUSDT: $106740.00
2025-06-27 16:31:08,952 - INFO - Inserted ETHUSDT data into database
2025-06-27 16:31:08,953 - INFO - Processed data for ETHUSDT: $2427.97
2025-06-27 16:31:09,019 - INFO - Inserted BNBUSDT data into database
2025-06-27 16:31:09,020 - INFO - Processed data for BNBUSDT: $645.24
2025-06-27 16:31:10,925 - INFO - Processed data for BTCUSDT: $106722.48
2025-06-27 16:31:10,927 - INFO - Processed data for ETHUSDT: $2427.61
2025-06-27 16:31:12,928 - INFO - Processed data for BTCUSDT: $106705.59
2025-06-27 16:31:12,931 - INFO - Processed data for ETHUSDT: $2427.51
2025-06-27 16:31:13,015 - INFO - Processed data for BNBUSDT: $645.18
2025-06-27 16:31:14,939 - INFO - Processed data for BTCUSDT: $106702.48
2025-06-27 16:31:14,942 - INFO - Processed data for ETHUSDT: $2427.21
2025-06-27 16:31:15,024 - INFO - Processed data for BNBUSDT: $645.14
2025-06-27 16:31:16,928 - INFO - Processed data for BTCUSDT: $106710.09
2025-06-27 16:31:16,931 - INFO - Processed data for ETHUSDT: $2427.20
2025-06-27 16:31:17,029 - INFO - Processed data for BNBUSDT: $645.20
2025-06-27 16:31:18,944 - INFO - Processed data for BTCUSDT: $106723.91
2025-06-27 16:31:18,946 - INFO - Processed data for ETHUSDT: $2427.90
2025-06-27 16:31:19,016 - INFO - Processed data for BNBUSDT: $645.23
2025-06-27 16:31:21,975 - INFO - Processed data for BTCUSDT: $106730.00
2025-06-27 16:31:21,977 - INFO - Processed data for ETHUSDT: $2427.90
2025-06-27 16:31:21,980 - INFO - Processed data for BNBUSDT: $645.24
2025-06-27 16:31:22,924 - INFO - Processed data for BTCUSDT: $106752.89
2025-06-27 16:31:22,930 - INFO - Processed data for ETHUSDT: $2428.03
2025-06-27 16:31:23,019 - INFO - Processed data for BNBUSDT: $645.29
2025-06-27 16:31:24,928 - INFO - Processed data for BTCUSDT: $106752.89
2025-06-27 16:31:24,930 - INFO - Processed data for ETHUSDT: $2428.18
2025-06-27 16:31:26,925 - INFO - Processed data for BTCUSDT: $106785.13
2025-06-27 16:31:26,928 - INFO - Processed data for ETHUSDT: $2428.99
2025-06-27 16:31:27,015 - INFO - Processed data for BNBUSDT: $645.37
2025-06-27 16:31:28,947 - INFO - Processed data for BTCUSDT: $106774.46
2025-06-27 16:31:28,947 - INFO - Processed data for ETHUSDT: $2428.67
2025-06-27 16:31:29,020 - INFO - Processed data for BNBUSDT: $645.36
2025-06-27 16:31:30,926 - INFO - Processed data for BTCUSDT: $106765.50
2025-06-27 16:31:30,928 - INFO - Processed data for ETHUSDT: $2428.33
2025-06-27 16:31:31,024 - INFO - Processed data for BNBUSDT: $645.37
2025-06-27 16:31:32,930 - INFO - Processed data for BTCUSDT: $106740.00
2025-06-27 16:31:32,933 - INFO - Processed data for ETHUSDT: $2427.77
2025-06-27 16:31:33,017 - INFO - Processed data for BNBUSDT: $645.21
2025-06-27 16:31:34,937 - INFO - Processed data for BTCUSDT: $106740.01
2025-06-27 16:31:34,938 - INFO - Processed data for ETHUSDT: $2427.77
2025-06-27 16:31:35,014 - INFO - Processed data for BNBUSDT: $645.21
2025-06-27 16:31:36,926 - INFO - Processed data for BTCUSDT: $106692.86
2025-06-27 16:31:36,929 - INFO - Processed data for ETHUSDT: $2426.25
2025-06-27 16:31:37,022 - INFO - Processed data for BNBUSDT: $645.10
2025-06-27 16:31:38,925 - INFO - Processed data for BTCUSDT: $106695.50
2025-06-27 16:31:38,928 - INFO - Processed data for ETHUSDT: $2426.48
2025-06-27 16:31:39,043 - INFO - Processed data for BNBUSDT: $645.10
2025-06-27 16:31:40,924 - INFO - Processed data for BTCUSDT: $106700.17
2025-06-27 16:31:40,934 - INFO - Processed data for ETHUSDT: $2426.00
2025-06-27 16:31:41,021 - INFO - Processed data for BNBUSDT: $645.10
2025-06-27 16:31:42,929 - INFO - Processed data for BTCUSDT: $106696.17
2025-06-27 16:31:42,932 - INFO - Processed data for ETHUSDT: $2426.01
2025-06-27 16:31:43,028 - INFO - Processed data for BNBUSDT: $645.06
2025-06-27 16:31:44,932 - INFO - Processed data for BTCUSDT: $106719.99
2025-06-27 16:31:44,934 - INFO - Processed data for ETHUSDT: $2426.55
2025-06-27 16:31:45,014 - INFO - Processed data for BNBUSDT: $645.06
2025-06-27 16:31:46,928 - INFO - Processed data for BTCUSDT: $106719.99
2025-06-27 16:31:46,931 - INFO - Processed data for ETHUSDT: $2426.69
2025-06-27 16:31:47,028 - INFO - Processed data for BNBUSDT: $645.06
2025-06-27 16:31:48,935 - INFO - Processed data for BTCUSDT: $106731.37
2025-06-27 16:31:48,938 - INFO - Processed data for ETHUSDT: $2426.86
2025-06-27 16:31:49,021 - INFO - Processed data for BNBUSDT: $645.10
2025-06-27 16:31:50,925 - INFO - Processed data for BTCUSDT: $106731.80
2025-06-27 16:31:50,928 - INFO - Processed data for ETHUSDT: $2427.10
2025-06-27 16:31:51,035 - INFO - Processed data for BNBUSDT: $645.11
2025-06-27 16:31:52,923 - INFO - Processed data for BTCUSDT: $106731.81
2025-06-27 16:31:52,927 - INFO - Processed data for ETHUSDT: $2427.13
2025-06-27 16:31:54,927 - INFO - Processed data for BTCUSDT: $106731.81
2025-06-27 16:31:54,930 - INFO - Processed data for ETHUSDT: $2427.13
2025-06-27 16:31:55,014 - INFO - Processed data for BNBUSDT: $645.11
2025-06-27 16:31:56,939 - INFO - Processed data for BTCUSDT: $106731.80
2025-06-27 16:31:56,941 - INFO - Processed data for ETHUSDT: $2427.01
2025-06-27 16:31:57,026 - INFO - Processed data for BNBUSDT: $645.10
2025-06-27 16:31:58,931 - INFO - Processed data for BTCUSDT: $106731.80
2025-06-27 16:31:59,032 - INFO - Processed data for BNBUSDT: $645.11
2025-06-27 16:32:00,917 - INFO - Processed data for BNBUSDT: $645.10
2025-06-27 16:32:00,933 - INFO - Processed data for BTCUSDT: $106731.80
2025-06-27 16:32:00,935 - INFO - Processed data for BTCUSDT: $106731.80
2025-06-27 16:32:00,938 - INFO - Processed data for ETHUSDT: $2427.49
2025-06-27 16:32:00,941 - INFO - Processed data for ETHUSDT: $2427.49
2025-06-27 16:32:01,014 - INFO - Processed data for BNBUSDT: $645.11
2025-06-27 16:32:02,924 - INFO - Processed data for BTCUSDT: $106689.32
2025-06-27 16:32:02,926 - INFO - Processed data for ETHUSDT: $2426.42
2025-06-27 16:32:03,015 - INFO - Processed data for BNBUSDT: $645.01
2025-06-27 16:32:04,928 - INFO - Processed data for BTCUSDT: $106685.03
2025-06-27 16:32:04,930 - INFO - Processed data for ETHUSDT: $2425.33
2025-06-27 16:32:05,015 - INFO - Processed data for BNBUSDT: $645.01
2025-06-27 16:32:06,923 - INFO - Processed data for BTCUSDT: $106688.22
2025-06-27 16:32:06,933 - INFO - Processed data for ETHUSDT: $2425.33
2025-06-27 16:32:07,027 - INFO - Processed data for BNBUSDT: $645.01
2025-06-27 16:32:08,932 - INFO - Inserted BTCUSDT data into database
2025-06-27 16:32:08,932 - INFO - Processed data for BTCUSDT: $106713.69
2025-06-27 16:32:08,933 - INFO - Processed data for ETHUSDT: $2426.64
2025-06-27 16:32:09,017 - INFO - Processed data for BNBUSDT: $645.09
2025-06-27 16:32:10,921 - INFO - Processed data for BTCUSDT: $106737.95
2025-06-27 16:32:10,931 - INFO - Inserted ETHUSDT data into database
2025-06-27 16:32:10,932 - INFO - Processed data for ETHUSDT: $2426.78
2025-06-27 16:32:11,027 - INFO - Inserted BNBUSDT data into database
2025-06-27 16:32:11,028 - INFO - Processed data for BNBUSDT: $645.09
2025-06-27 16:32:12,939 - INFO - Processed data for BTCUSDT: $106734.66
2025-06-27 16:32:12,941 - INFO - Processed data for ETHUSDT: $2426.77
2025-06-27 16:32:14,932 - INFO - Processed data for BTCUSDT: $106721.70
2025-06-27 16:32:14,935 - INFO - Processed data for ETHUSDT: $2426.60
2025-06-27 16:32:15,023 - INFO - Processed data for BNBUSDT: $645.07
2025-06-27 16:32:16,953 - INFO - Processed data for BTCUSDT: $106721.50
2025-06-27 16:32:16,956 - INFO - Processed data for ETHUSDT: $2426.38
2025-06-27 16:32:17,017 - INFO - Processed data for BNBUSDT: $645.05
2025-06-27 16:32:18,940 - INFO - Processed data for BTCUSDT: $106705.62
2025-06-27 16:32:18,943 - INFO - Processed data for ETHUSDT: $2426.16
2025-06-27 16:32:19,016 - INFO - Processed data for BNBUSDT: $645.01
2025-06-27 16:32:20,930 - INFO - Processed data for BTCUSDT: $106705.61
2025-06-27 16:32:20,933 - INFO - Processed data for ETHUSDT: $2426.17
2025-06-27 16:32:21,024 - INFO - Processed data for BNBUSDT: $645.00
2025-06-27 16:32:22,929 - INFO - Processed data for BTCUSDT: $106681.52
2025-06-27 16:32:22,931 - INFO - Processed data for ETHUSDT: $2425.71
2025-06-27 16:32:23,030 - INFO - Processed data for BNBUSDT: $644.97
2025-06-27 16:32:24,935 - INFO - Processed data for BTCUSDT: $106680.00
2025-06-27 16:32:24,937 - INFO - Processed data for ETHUSDT: $2425.41
2025-06-27 16:32:25,016 - INFO - Processed data for BNBUSDT: $644.91
2025-06-27 16:32:26,936 - INFO - Processed data for BTCUSDT: $106704.99
2025-06-27 16:32:26,938 - INFO - Processed data for ETHUSDT: $2425.97
2025-06-27 16:32:27,023 - INFO - Processed data for BNBUSDT: $644.94
2025-06-27 16:32:28,959 - INFO - Processed data for BTCUSDT: $106699.90
2025-06-27 16:32:28,961 - INFO - Processed data for ETHUSDT: $2425.99
2025-06-27 16:32:30,922 - INFO - Processed data for BTCUSDT: $106675.79
2025-06-27 16:32:30,927 - INFO - Processed data for ETHUSDT: $2425.51
2025-06-27 16:32:31,038 - INFO - Processed data for BNBUSDT: $644.94
2025-06-27 16:32:32,935 - INFO - Processed data for BTCUSDT: $106675.79
2025-06-27 16:32:32,937 - INFO - Processed data for ETHUSDT: $2425.51
2025-06-27 16:32:33,027 - INFO - Processed data for BNBUSDT: $644.93
2025-06-27 16:32:34,954 - INFO - Processed data for BTCUSDT: $106675.79
2025-06-27 16:32:34,957 - INFO - Processed data for ETHUSDT: $2425.68
2025-06-27 16:32:35,029 - INFO - Processed data for BNBUSDT: $644.91
2025-06-27 16:32:36,929 - INFO - Processed data for BTCUSDT: $106694.23
2025-06-27 16:32:36,932 - INFO - Processed data for ETHUSDT: $2425.88
2025-06-27 16:32:37,019 - INFO - Processed data for BNBUSDT: $644.92
2025-06-27 16:32:38,931 - INFO - Processed data for BTCUSDT: $106689.81
2025-06-27 16:32:38,933 - INFO - Processed data for ETHUSDT: $2425.45
2025-06-27 16:32:39,021 - INFO - Processed data for BNBUSDT: $644.92
2025-06-27 16:32:40,927 - INFO - Processed data for BTCUSDT: $106689.81
2025-06-27 16:32:40,929 - INFO - Processed data for ETHUSDT: $2425.45
2025-06-27 16:32:41,020 - INFO - Processed data for BNBUSDT: $644.93
2025-06-27 16:32:42,933 - INFO - Processed data for BTCUSDT: $106687.51
2025-06-27 16:32:42,935 - INFO - Processed data for ETHUSDT: $2425.46
2025-06-27 16:32:43,013 - INFO - Processed data for BNBUSDT: $644.93
2025-06-27 16:32:44,927 - INFO - Processed data for BTCUSDT: $106676.37
2025-06-27 16:32:44,928 - INFO - Processed data for ETHUSDT: $2423.78
2025-06-27 16:32:45,025 - INFO - Processed data for BNBUSDT: $644.84
2025-06-27 16:32:46,922 - INFO - Processed data for BTCUSDT: $106676.37
2025-06-27 16:32:46,923 - INFO - Processed data for ETHUSDT: $2424.06
2025-06-27 16:32:47,017 - INFO - Processed data for BNBUSDT: $644.83
2025-06-27 16:32:48,927 - INFO - Processed data for BTCUSDT: $106690.00
2025-06-27 16:32:48,930 - INFO - Processed data for ETHUSDT: $2425.14
2025-06-27 16:32:49,014 - INFO - Processed data for BNBUSDT: $644.85
2025-06-27 16:32:50,926 - INFO - Processed data for BTCUSDT: $106697.00
2025-06-27 16:32:50,929 - INFO - Processed data for ETHUSDT: $2425.55
2025-06-27 16:32:51,014 - INFO - Processed data for BNBUSDT: $644.88
2025-06-27 16:32:52,932 - INFO - Processed data for BTCUSDT: $106704.94
2025-06-27 16:32:52,933 - INFO - Processed data for ETHUSDT: $2425.99
2025-06-27 16:32:53,020 - INFO - Processed data for BNBUSDT: $644.99
2025-06-27 16:32:54,923 - INFO - Processed data for BTCUSDT: $106715.61
2025-06-27 16:32:54,934 - INFO - Processed data for ETHUSDT: $2426.27
2025-06-27 16:32:55,016 - INFO - Processed data for BNBUSDT: $644.99
2025-06-27 16:32:56,927 - INFO - Processed data for BTCUSDT: $106723.91
2025-06-27 16:32:56,930 - INFO - Processed data for ETHUSDT: $2426.56
2025-06-27 16:32:57,030 - INFO - Processed data for BNBUSDT: $645.06
2025-06-27 16:32:58,925 - INFO - Processed data for BTCUSDT: $106731.37
2025-06-27 16:32:58,928 - INFO - Processed data for ETHUSDT: $2426.99
2025-06-27 16:32:59,014 - INFO - Processed data for BNBUSDT: $645.06
2025-06-27 16:33:00,919 - INFO - Processed data for BNBUSDT: $645.09
2025-06-27 16:33:00,926 - INFO - Processed data for BTCUSDT: $106750.25
2025-06-27 16:33:00,928 - INFO - Processed data for BTCUSDT: $106750.25
2025-06-27 16:33:00,931 - INFO - Processed data for ETHUSDT: $2427.60
2025-06-27 16:33:00,932 - INFO - Processed data for ETHUSDT: $2427.61
2025-06-27 16:33:01,024 - INFO - Processed data for BNBUSDT: $645.09
2025-06-27 16:33:02,949 - INFO - Processed data for BTCUSDT: $106740.90
2025-06-27 16:33:02,951 - INFO - Processed data for ETHUSDT: $2426.20
2025-06-27 16:33:04,924 - INFO - Processed data for BTCUSDT: $106740.89
2025-06-27 16:33:04,927 - INFO - Processed data for ETHUSDT: $2426.55
2025-06-27 16:33:05,030 - INFO - Processed data for BNBUSDT: $645.07
2025-06-27 16:33:06,937 - INFO - Processed data for BTCUSDT: $106740.90
2025-06-27 16:33:06,939 - INFO - Processed data for ETHUSDT: $2426.55
2025-06-27 16:33:07,056 - INFO - Processed data for BNBUSDT: $645.07
2025-06-27 16:33:08,924 - INFO - Processed data for BTCUSDT: $106754.99
2025-06-27 16:33:08,927 - INFO - Processed data for ETHUSDT: $2426.83
2025-06-27 16:33:09,041 - INFO - Processed data for BNBUSDT: $645.07
2025-06-27 16:33:10,944 - INFO - Inserted BTCUSDT data into database
2025-06-27 16:33:10,945 - INFO - Processed data for BTCUSDT: $106764.99
2025-06-27 16:33:10,950 - INFO - Inserted ETHUSDT data into database
2025-06-27 16:33:10,951 - INFO - Processed data for ETHUSDT: $2427.47
2025-06-27 16:33:11,017 - INFO - Processed data for BNBUSDT: $645.07
2025-06-27 16:33:12,928 - INFO - Processed data for BTCUSDT: $106750.80
2025-06-27 16:33:12,930 - INFO - Processed data for ETHUSDT: $2427.19
2025-06-27 16:33:14,961 - INFO - Processed data for BTCUSDT: $106759.16
2025-06-27 16:33:14,964 - INFO - Processed data for ETHUSDT: $2427.32
2025-06-27 16:33:15,024 - INFO - Inserted BNBUSDT data into database
2025-06-27 16:33:15,024 - INFO - Processed data for BNBUSDT: $645.08
2025-06-27 16:33:16,929 - INFO - Processed data for BTCUSDT: $106782.46
2025-06-27 16:33:16,932 - INFO - Processed data for ETHUSDT: $2427.69
2025-06-27 16:33:17,014 - INFO - Processed data for BNBUSDT: $645.15
2025-06-27 16:33:18,926 - INFO - Processed data for BTCUSDT: $106815.50
2025-06-27 16:33:18,929 - INFO - Processed data for ETHUSDT: $2428.38
2025-06-27 16:33:19,024 - INFO - Processed data for BNBUSDT: $645.16
2025-06-27 16:33:20,924 - INFO - Processed data for BTCUSDT: $106820.00
2025-06-27 16:33:20,926 - INFO - Processed data for ETHUSDT: $2429.34
2025-06-27 16:33:21,013 - INFO - Processed data for BNBUSDT: $645.29
2025-06-27 16:33:22,924 - INFO - Processed data for BTCUSDT: $106802.61
2025-06-27 16:33:22,926 - INFO - Processed data for ETHUSDT: $2429.21
2025-06-27 16:33:23,014 - INFO - Processed data for BNBUSDT: $645.29
2025-06-27 16:33:24,923 - INFO - Processed data for BTCUSDT: $106811.23
2025-06-27 16:33:24,936 - INFO - Processed data for ETHUSDT: $2429.29
2025-06-27 16:33:25,015 - INFO - Processed data for BNBUSDT: $645.27
2025-06-27 16:33:26,931 - INFO - Processed data for BTCUSDT: $106809.51
2025-06-27 16:33:26,933 - INFO - Processed data for ETHUSDT: $2429.06
2025-06-27 16:33:27,013 - INFO - Processed data for BNBUSDT: $645.26
2025-06-27 16:33:28,934 - INFO - Processed data for BTCUSDT: $106804.67
2025-06-27 16:33:28,935 - INFO - Processed data for ETHUSDT: $2429.73
2025-06-27 16:33:29,015 - INFO - Processed data for BNBUSDT: $645.26
2025-06-27 16:33:30,935 - INFO - Processed data for BTCUSDT: $106798.01
2025-06-27 16:33:30,938 - INFO - Processed data for ETHUSDT: $2429.56
2025-06-27 16:33:31,028 - INFO - Processed data for BNBUSDT: $645.25
2025-06-27 16:33:32,924 - INFO - Processed data for BTCUSDT: $106791.50
2025-06-27 16:33:32,927 - INFO - Processed data for ETHUSDT: $2429.57
2025-06-27 16:33:34,925 - INFO - Processed data for BTCUSDT: $106795.97
2025-06-27 16:33:34,926 - INFO - Processed data for ETHUSDT: $2429.71
2025-06-27 16:33:35,060 - INFO - Processed data for BNBUSDT: $645.25
2025-06-27 16:33:36,923 - INFO - Processed data for BTCUSDT: $106807.53
2025-06-27 16:33:36,935 - INFO - Processed data for ETHUSDT: $2429.95
2025-06-27 16:33:37,026 - INFO - Processed data for BNBUSDT: $645.25
2025-06-27 16:33:38,922 - INFO - Processed data for BTCUSDT: $106808.70
2025-06-27 16:33:38,923 - INFO - Processed data for ETHUSDT: $2430.75
2025-06-27 16:33:39,017 - INFO - Processed data for BNBUSDT: $645.25
2025-06-27 16:33:40,926 - INFO - Processed data for BTCUSDT: $106808.70
2025-06-27 16:33:40,929 - INFO - Processed data for ETHUSDT: $2430.90
2025-06-27 16:33:41,060 - INFO - Processed data for BNBUSDT: $645.24
2025-06-27 16:33:42,922 - INFO - Processed data for BTCUSDT: $106808.69
2025-06-27 16:33:42,924 - INFO - Processed data for ETHUSDT: $2430.76
2025-06-27 16:33:43,014 - INFO - Processed data for BNBUSDT: $645.36
2025-06-27 16:33:44,923 - INFO - Processed data for BTCUSDT: $106808.70
2025-06-27 16:33:44,945 - INFO - Processed data for ETHUSDT: $2430.68
2025-06-27 16:33:45,020 - INFO - Processed data for BNBUSDT: $645.36
2025-06-27 16:33:46,923 - INFO - Processed data for BTCUSDT: $106811.22
2025-06-27 16:33:46,926 - INFO - Processed data for ETHUSDT: $2430.73
2025-06-27 16:33:47,014 - INFO - Processed data for BNBUSDT: $645.36
2025-06-27 16:33:48,940 - INFO - Processed data for BTCUSDT: $106846.00
2025-06-27 16:33:48,942 - INFO - Processed data for ETHUSDT: $2431.74
2025-06-27 16:33:49,034 - INFO - Processed data for BNBUSDT: $645.39
2025-06-27 16:33:50,924 - INFO - Processed data for BTCUSDT: $106875.23
2025-06-27 16:33:50,925 - INFO - Processed data for ETHUSDT: $2432.40
2025-06-27 16:33:51,023 - INFO - Processed data for BNBUSDT: $645.49
2025-06-27 16:33:52,928 - INFO - Processed data for BTCUSDT: $106875.22
2025-06-27 16:33:52,931 - INFO - Processed data for ETHUSDT: $2432.38
2025-06-27 16:33:53,015 - INFO - Processed data for BNBUSDT: $645.49
2025-06-27 16:33:54,923 - INFO - Processed data for BTCUSDT: $106875.23
2025-06-27 16:33:54,926 - INFO - Processed data for ETHUSDT: $2432.37
2025-06-27 16:33:55,019 - INFO - Processed data for BNBUSDT: $645.49
2025-06-27 16:33:56,932 - INFO - Processed data for BTCUSDT: $106875.22
2025-06-27 16:33:56,932 - INFO - Processed data for ETHUSDT: $2432.26
2025-06-27 16:33:57,013 - INFO - Processed data for BNBUSDT: $645.49
2025-06-27 16:33:58,932 - INFO - Processed data for BTCUSDT: $106885.01
2025-06-27 16:33:58,934 - INFO - Processed data for ETHUSDT: $2432.37
2025-06-27 16:33:59,029 - INFO - Processed data for BNBUSDT: $645.50
2025-06-27 16:34:00,916 - INFO - Processed data for BNBUSDT: $645.50
2025-06-27 16:34:00,923 - INFO - Processed data for BTCUSDT: $106887.01
2025-06-27 16:34:00,925 - INFO - Processed data for BTCUSDT: $106887.01
2025-06-27 16:34:00,927 - INFO - Processed data for ETHUSDT: $2432.85
2025-06-27 16:34:00,928 - INFO - Processed data for ETHUSDT: $2432.85
2025-06-27 16:34:01,017 - INFO - Processed data for BNBUSDT: $645.50
2025-06-27 16:34:02,928 - INFO - Processed data for BTCUSDT: $106881.03
2025-06-27 16:34:02,930 - INFO - Processed data for ETHUSDT: $2432.17
2025-06-27 16:34:03,016 - INFO - Processed data for BNBUSDT: $645.56
2025-06-27 16:34:04,925 - INFO - Processed data for BTCUSDT: $106881.03
2025-06-27 16:34:04,927 - INFO - Processed data for ETHUSDT: $2432.17
2025-06-27 16:34:05,015 - INFO - Processed data for BNBUSDT: $645.56
2025-06-27 16:34:06,924 - INFO - Processed data for BTCUSDT: $106875.23
2025-06-27 16:34:06,930 - INFO - Processed data for ETHUSDT: $2432.16
2025-06-27 16:34:07,015 - INFO - Processed data for BNBUSDT: $645.56
2025-06-27 16:34:08,924 - INFO - Processed data for BTCUSDT: $106875.24
2025-06-27 16:34:08,924 - INFO - Processed data for ETHUSDT: $2431.71
2025-06-27 16:34:09,023 - INFO - Processed data for BNBUSDT: $645.56
2025-06-27 16:34:10,924 - INFO - Processed data for BTCUSDT: $106875.23
2025-06-27 16:34:10,926 - INFO - Processed data for ETHUSDT: $2431.85
2025-06-27 16:34:11,014 - INFO - Processed data for BNBUSDT: $645.55
2025-06-27 16:34:12,928 - INFO - Inserted BTCUSDT data into database
2025-06-27 16:34:12,929 - INFO - Processed data for BTCUSDT: $106875.23
2025-06-27 16:34:12,934 - INFO - Inserted ETHUSDT data into database
2025-06-27 16:34:12,935 - INFO - Processed data for ETHUSDT: $2432.06
2025-06-27 16:34:13,033 - INFO - Processed data for BNBUSDT: $645.55
2025-06-27 16:34:14,925 - INFO - Processed data for BTCUSDT: $106875.22
2025-06-27 16:34:14,927 - INFO - Processed data for ETHUSDT: $2431.85
2025-06-27 16:34:15,021 - INFO - Processed data for BNBUSDT: $645.56
2025-06-27 16:34:16,931 - INFO - Processed data for BTCUSDT: $106873.50
2025-06-27 16:34:17,052 - INFO - Inserted BNBUSDT data into database
2025-06-27 16:34:17,053 - INFO - Processed data for BNBUSDT: $645.53
2025-06-27 16:34:18,940 - INFO - Processed data for BTCUSDT: $106873.51
2025-06-27 16:34:18,943 - INFO - Processed data for ETHUSDT: $2431.86
2025-06-27 16:34:19,012 - INFO - Processed data for BNBUSDT: $645.53
2025-06-27 16:34:20,945 - INFO - Processed data for BTCUSDT: $106864.12
2025-06-27 16:34:20,946 - INFO - Processed data for ETHUSDT: $2431.46
2025-06-27 16:34:21,018 - INFO - Processed data for BNBUSDT: $645.47
2025-06-27 16:34:22,926 - INFO - Processed data for BTCUSDT: $106864.13
2025-06-27 16:34:22,928 - INFO - Processed data for ETHUSDT: $2431.45
2025-06-27 16:34:23,013 - INFO - Processed data for BNBUSDT: $645.46
2025-06-27 16:34:24,925 - INFO - Processed data for BTCUSDT: $106856.68
2025-06-27 16:34:24,928 - INFO - Processed data for ETHUSDT: $2431.28
2025-06-27 16:34:25,015 - INFO - Processed data for BNBUSDT: $645.47
2025-06-27 16:34:26,929 - INFO - Processed data for BTCUSDT: $106856.67
2025-06-27 16:34:26,932 - INFO - Processed data for ETHUSDT: $2431.28
2025-06-27 16:34:27,020 - INFO - Processed data for BNBUSDT: $645.46
2025-06-27 16:34:28,937 - INFO - Processed data for BTCUSDT: $106893.47
2025-06-27 16:34:28,940 - INFO - Processed data for ETHUSDT: $2432.48
2025-06-27 16:34:29,024 - INFO - Processed data for BNBUSDT: $645.54
2025-06-27 16:34:30,928 - INFO - Processed data for BTCUSDT: $106895.31
2025-06-27 16:34:30,931 - INFO - Processed data for ETHUSDT: $2432.88
2025-06-27 16:34:31,031 - INFO - Processed data for BNBUSDT: $645.54
2025-06-27 16:34:32,940 - INFO - Processed data for BTCUSDT: $106891.87
2025-06-27 16:34:32,942 - INFO - Processed data for ETHUSDT: $2431.91
2025-06-27 16:34:33,015 - INFO - Processed data for BNBUSDT: $645.58
2025-06-27 16:34:34,927 - INFO - Processed data for BTCUSDT: $106882.79
2025-06-27 16:34:34,928 - INFO - Processed data for ETHUSDT: $2431.81
2025-06-27 16:34:35,019 - INFO - Processed data for BNBUSDT: $645.58
2025-06-27 16:34:36,923 - INFO - Processed data for BTCUSDT: $106881.54
2025-06-27 16:34:36,934 - INFO - Processed data for ETHUSDT: $2431.91
2025-06-27 16:34:37,017 - INFO - Processed data for BNBUSDT: $645.57
2025-06-27 16:34:38,944 - INFO - Processed data for BTCUSDT: $106881.54
2025-06-27 16:34:38,947 - INFO - Processed data for ETHUSDT: $2431.80
2025-06-27 16:34:39,048 - INFO - Processed data for BNBUSDT: $645.57
2025-06-27 16:34:40,937 - INFO - Processed data for BTCUSDT: $106881.54
2025-06-27 16:34:40,940 - INFO - Processed data for ETHUSDT: $2431.80
2025-06-27 16:34:41,016 - INFO - Processed data for BNBUSDT: $645.58
2025-06-27 16:34:42,928 - INFO - Processed data for BTCUSDT: $106871.50
2025-06-27 16:34:42,931 - INFO - Processed data for ETHUSDT: $2431.81
2025-06-27 16:34:43,021 - INFO - Processed data for BNBUSDT: $645.50
2025-06-27 16:34:45,440 - INFO - Processed data for BTCUSDT: $106871.40
2025-06-27 16:34:45,443 - INFO - Processed data for ETHUSDT: $2431.54
2025-06-27 16:34:45,445 - INFO - Processed data for BNBUSDT: $645.46
2025-06-27 16:34:46,922 - INFO - Processed data for BTCUSDT: $106851.90
2025-06-27 16:34:46,924 - INFO - Processed data for ETHUSDT: $2431.04
2025-06-27 16:34:47,017 - INFO - Processed data for BNBUSDT: $645.45
2025-06-27 16:34:48,930 - INFO - Processed data for BTCUSDT: $106851.90
2025-06-27 16:34:48,934 - INFO - Processed data for ETHUSDT: $2431.23
2025-06-27 16:34:49,012 - INFO - Processed data for BNBUSDT: $645.42
2025-06-27 16:34:51,481 - INFO - Processed data for BTCUSDT: $106851.91
2025-06-27 16:34:51,484 - INFO - Processed data for ETHUSDT: $2431.37
2025-06-27 16:34:51,486 - INFO - Processed data for BNBUSDT: $645.42
2025-06-27 16:34:52,975 - INFO - Processed data for BTCUSDT: $106862.53
2025-06-27 16:34:52,978 - INFO - Processed data for ETHUSDT: $2431.04
2025-06-27 16:34:53,375 - INFO - Processed data for BNBUSDT: $645.42
2025-06-27 16:34:54,965 - INFO - Processed data for BTCUSDT: $106853.78
2025-06-27 16:34:54,968 - INFO - Processed data for ETHUSDT: $2431.01
2025-06-27 16:34:55,027 - INFO - Processed data for BNBUSDT: $645.41
2025-06-27 16:34:56,923 - INFO - Processed data for BTCUSDT: $106853.78
2025-06-27 16:34:56,943 - INFO - Processed data for ETHUSDT: $2431.22
2025-06-27 16:34:57,022 - INFO - Processed data for BNBUSDT: $645.42
2025-06-27 16:34:58,931 - INFO - Processed data for BTCUSDT: $106853.79
2025-06-27 16:34:58,933 - INFO - Processed data for ETHUSDT: $2431.00
2025-06-27 16:34:59,033 - INFO - Processed data for BNBUSDT: $645.41
2025-06-27 16:35:00,940 - INFO - Processed data for BNBUSDT: $645.41
2025-06-27 16:35:00,943 - INFO - Processed data for BTCUSDT: $106851.09
2025-06-27 16:35:00,945 - INFO - Processed data for BTCUSDT: $106851.09
2025-06-27 16:35:00,948 - INFO - Processed data for ETHUSDT: $2430.79
2025-06-27 16:35:00,951 - INFO - Processed data for ETHUSDT: $2430.79
2025-06-27 16:35:01,015 - INFO - Processed data for BNBUSDT: $645.41
2025-06-27 16:35:02,928 - INFO - Processed data for BTCUSDT: $106836.13
2025-06-27 16:35:02,930 - INFO - Processed data for ETHUSDT: $2430.74
2025-06-27 16:35:03,015 - INFO - Processed data for BNBUSDT: $645.41
2025-06-27 16:35:04,925 - INFO - Processed data for BTCUSDT: $106836.13
2025-06-27 16:35:04,927 - INFO - Processed data for ETHUSDT: $2430.88
2025-06-27 16:35:05,014 - INFO - Processed data for BNBUSDT: $645.40
2025-06-27 16:35:06,923 - INFO - Processed data for BTCUSDT: $106836.14
2025-06-27 16:35:07,013 - INFO - Processed data for BNBUSDT: $645.48
2025-06-27 16:35:08,936 - INFO - Processed data for BTCUSDT: $106849.47
2025-06-27 16:35:08,938 - INFO - Processed data for ETHUSDT: $2431.59
2025-06-27 16:35:09,024 - INFO - Processed data for BNBUSDT: $645.50
2025-06-27 16:35:10,953 - INFO - Processed data for BTCUSDT: $106849.47
2025-06-27 16:35:10,956 - INFO - Processed data for ETHUSDT: $2431.32
2025-06-27 16:35:11,037 - INFO - Processed data for BNBUSDT: $645.49
2025-06-27 16:35:12,934 - INFO - Inserted BTCUSDT data into database
2025-06-27 16:35:12,935 - INFO - Processed data for BTCUSDT: $106840.19
2025-06-27 16:35:12,937 - INFO - Inserted ETHUSDT data into database
2025-06-27 16:35:12,937 - INFO - Processed data for ETHUSDT: $2431.23
2025-06-27 16:35:13,024 - INFO - Processed data for BNBUSDT: $645.49
2025-06-27 16:35:14,927 - INFO - Processed data for BTCUSDT: $106840.19
2025-06-27 16:35:14,930 - INFO - Processed data for ETHUSDT: $2431.23
2025-06-27 16:35:15,048 - INFO - Processed data for BNBUSDT: $645.49
2025-06-27 16:35:16,934 - INFO - Processed data for BTCUSDT: $106833.69
2025-06-27 16:35:16,937 - INFO - Processed data for ETHUSDT: $2431.25
2025-06-27 16:35:17,048 - INFO - Processed data for BNBUSDT: $645.49
2025-06-27 16:35:18,924 - INFO - Processed data for BTCUSDT: $106828.51
2025-06-27 16:35:18,939 - INFO - Processed data for ETHUSDT: $2430.96
2025-06-27 16:35:19,016 - INFO - Inserted BNBUSDT data into database
2025-06-27 16:35:19,016 - INFO - Processed data for BNBUSDT: $645.43
2025-06-27 16:35:20,949 - INFO - Processed data for BTCUSDT: $106821.80
2025-06-27 16:35:20,952 - INFO - Processed data for ETHUSDT: $2430.74
2025-06-27 16:35:22,930 - INFO - Processed data for BTCUSDT: $106821.81
2025-06-27 16:35:22,933 - INFO - Processed data for ETHUSDT: $2430.70
2025-06-27 16:35:23,018 - INFO - Processed data for BNBUSDT: $645.42
2025-06-27 16:35:24,926 - INFO - Processed data for BTCUSDT: $106821.80
2025-06-27 16:35:24,929 - INFO - Processed data for ETHUSDT: $2430.70
2025-06-27 16:35:25,014 - INFO - Processed data for BNBUSDT: $645.43
2025-06-27 16:35:26,925 - INFO - Processed data for BTCUSDT: $106821.80
2025-06-27 16:35:26,928 - INFO - Processed data for ETHUSDT: $2430.73
2025-06-27 16:35:27,015 - INFO - Processed data for BNBUSDT: $645.42
2025-06-27 16:35:28,925 - INFO - Processed data for BTCUSDT: $106821.81
2025-06-27 16:35:28,925 - INFO - Processed data for ETHUSDT: $2430.74
2025-06-27 16:35:29,036 - INFO - Processed data for BNBUSDT: $645.43
2025-06-27 16:35:30,923 - INFO - Processed data for BTCUSDT: $106821.80
2025-06-27 16:35:30,926 - INFO - Processed data for ETHUSDT: $2430.58
2025-06-27 16:35:31,020 - INFO - Processed data for BNBUSDT: $645.38
2025-06-27 16:35:32,940 - INFO - Processed data for BTCUSDT: $106827.50
2025-06-27 16:35:32,943 - INFO - Processed data for ETHUSDT: $2431.19
2025-06-27 16:35:33,017 - INFO - Processed data for BNBUSDT: $645.45
2025-06-27 16:35:34,921 - INFO - Processed data for BTCUSDT: $106848.81
2025-06-27 16:35:34,925 - INFO - Processed data for ETHUSDT: $2431.86
2025-06-27 16:35:35,012 - INFO - Processed data for BNBUSDT: $645.49
2025-06-27 16:35:36,929 - INFO - Processed data for BTCUSDT: $106859.99
2025-06-27 16:35:36,931 - INFO - Processed data for ETHUSDT: $2432.39
2025-06-27 16:35:37,035 - INFO - Processed data for BNBUSDT: $645.50
2025-06-27 16:35:38,938 - INFO - Processed data for BTCUSDT: $106859.99
2025-06-27 16:35:38,941 - INFO - Processed data for ETHUSDT: $2432.53
2025-06-27 16:35:39,049 - INFO - Processed data for BNBUSDT: $645.56
2025-06-27 16:35:40,941 - INFO - Processed data for BTCUSDT: $106860.00
2025-06-27 16:35:40,943 - INFO - Processed data for ETHUSDT: $2432.59
2025-06-27 16:35:41,034 - INFO - Processed data for BNBUSDT: $645.56
2025-06-27 16:35:42,922 - INFO - Processed data for BTCUSDT: $106850.70
2025-06-27 16:35:42,925 - INFO - Processed data for ETHUSDT: $2432.29
2025-06-27 16:35:43,013 - INFO - Processed data for BNBUSDT: $645.55
2025-06-27 16:35:44,930 - INFO - Processed data for BTCUSDT: $106840.50
2025-06-27 16:35:44,933 - INFO - Processed data for ETHUSDT: $2432.04
2025-06-27 16:35:46,926 - INFO - Processed data for BTCUSDT: $106840.51
2025-06-27 16:35:46,929 - INFO - Processed data for ETHUSDT: $2432.05
2025-06-27 16:35:47,018 - INFO - Processed data for BNBUSDT: $645.45
2025-06-27 16:35:48,923 - INFO - Processed data for BTCUSDT: $106821.81
2025-06-27 16:35:48,926 - INFO - Processed data for ETHUSDT: $2431.74
2025-06-27 16:35:49,017 - INFO - Processed data for BNBUSDT: $645.41
2025-06-27 16:35:50,921 - INFO - Processed data for BTCUSDT: $106821.81
2025-06-27 16:35:50,928 - INFO - Processed data for ETHUSDT: $2431.74
2025-06-27 16:35:51,015 - INFO - Processed data for BNBUSDT: $645.40
2025-06-27 16:35:52,939 - INFO - Processed data for BTCUSDT: $106821.81
2025-06-27 16:35:53,012 - INFO - Processed data for BNBUSDT: $645.40
2025-06-27 16:35:54,924 - INFO - Processed data for BTCUSDT: $106826.25
2025-06-27 16:35:54,927 - INFO - Processed data for ETHUSDT: $2431.70
2025-06-27 16:35:55,020 - INFO - Processed data for BNBUSDT: $645.41
2025-06-27 16:35:56,942 - INFO - Processed data for BTCUSDT: $106826.24
2025-06-27 16:35:56,945 - INFO - Processed data for ETHUSDT: $2431.58
2025-06-27 16:35:57,017 - INFO - Processed data for BNBUSDT: $645.36
2025-06-27 16:35:58,924 - INFO - Processed data for BTCUSDT: $106820.24
2025-06-27 16:35:58,927 - INFO - Processed data for ETHUSDT: $2431.01
2025-06-27 16:35:59,015 - INFO - Processed data for BNBUSDT: $645.33
2025-06-27 16:36:00,929 - INFO - Processed data for BNBUSDT: $645.31
2025-06-27 16:36:00,933 - INFO - Processed data for BTCUSDT: $106806.50
2025-06-27 16:36:00,935 - INFO - Processed data for BTCUSDT: $106806.50
2025-06-27 16:36:00,938 - INFO - Processed data for ETHUSDT: $2430.57
2025-06-27 16:36:00,941 - INFO - Processed data for ETHUSDT: $2430.57
2025-06-27 16:36:01,012 - INFO - Processed data for BNBUSDT: $645.31
2025-06-27 16:36:02,941 - INFO - Processed data for BTCUSDT: $106805.42
2025-06-27 16:36:02,944 - INFO - Processed data for ETHUSDT: $2430.77
2025-06-27 16:36:03,028 - INFO - Processed data for BNBUSDT: $645.31
2025-06-27 16:36:04,958 - INFO - Processed data for BTCUSDT: $106799.14
2025-06-27 16:36:04,960 - INFO - Processed data for ETHUSDT: $2430.83
2025-06-27 16:36:05,017 - INFO - Processed data for BNBUSDT: $645.31
2025-06-27 16:36:06,925 - INFO - Processed data for BTCUSDT: $106812.00
2025-06-27 16:36:06,928 - INFO - Processed data for ETHUSDT: $2431.23
2025-06-27 16:36:07,042 - INFO - Processed data for BNBUSDT: $645.30
2025-06-27 16:36:08,937 - INFO - Processed data for BTCUSDT: $106812.01
2025-06-27 16:36:08,939 - INFO - Processed data for ETHUSDT: $2431.53
2025-06-27 16:36:09,024 - INFO - Processed data for BNBUSDT: $645.30
2025-06-27 16:36:10,959 - INFO - Processed data for BTCUSDT: $106812.00
2025-06-27 16:36:10,962 - INFO - Processed data for ETHUSDT: $2431.52
2025-06-27 16:36:11,018 - INFO - Processed data for BNBUSDT: $645.31
2025-06-27 16:36:12,924 - INFO - Processed data for BTCUSDT: $106825.99
2025-06-27 16:36:12,927 - INFO - Processed data for ETHUSDT: $2431.85
2025-06-27 16:36:13,023 - INFO - Processed data for BNBUSDT: $645.36
2025-06-27 16:36:14,941 - INFO - Inserted BTCUSDT data into database
2025-06-27 16:36:14,942 - INFO - Processed data for BTCUSDT: $106837.44
2025-06-27 16:36:14,947 - INFO - Inserted ETHUSDT data into database
2025-06-27 16:36:14,948 - INFO - Processed data for ETHUSDT: $2431.98
2025-06-27 16:36:15,033 - INFO - Processed data for BNBUSDT: $645.36
2025-06-27 16:36:16,937 - INFO - Processed data for BTCUSDT: $106847.45
2025-06-27 16:36:16,939 - INFO - Processed data for ETHUSDT: $2432.09
2025-06-27 16:36:17,012 - INFO - Processed data for BNBUSDT: $645.37
2025-06-27 16:36:18,923 - INFO - Processed data for BTCUSDT: $106850.29
2025-06-27 16:36:18,926 - INFO - Processed data for ETHUSDT: $2432.11
2025-06-27 16:36:19,018 - INFO - Inserted BNBUSDT data into database
2025-06-27 16:36:19,019 - INFO - Processed data for BNBUSDT: $645.37
2025-06-27 16:36:20,922 - INFO - Processed data for BTCUSDT: $106850.29
2025-06-27 16:36:20,925 - INFO - Processed data for ETHUSDT: $2432.11
2025-06-27 16:36:21,019 - INFO - Processed data for BNBUSDT: $645.37
2025-06-27 16:36:22,956 - INFO - Processed data for BTCUSDT: $106850.28
2025-06-27 16:36:24,080 - INFO - Processed data for ETHUSDT: $2431.86
2025-06-27 16:36:24,936 - INFO - Processed data for BTCUSDT: $106850.28
2025-06-27 16:36:24,939 - INFO - Processed data for ETHUSDT: $2432.03
2025-06-27 16:36:25,015 - INFO - Processed data for BNBUSDT: $645.34
2025-06-27 16:36:26,944 - INFO - Processed data for BTCUSDT: $106834.60
2025-06-27 16:36:26,947 - INFO - Processed data for ETHUSDT: $2431.35
2025-06-27 16:36:27,019 - INFO - Processed data for BNBUSDT: $645.32
2025-06-27 16:36:28,923 - INFO - Processed data for BTCUSDT: $106834.60
2025-06-27 16:36:28,926 - INFO - Processed data for ETHUSDT: $2431.60
2025-06-27 16:36:29,029 - INFO - Processed data for BNBUSDT: $645.33
2025-06-27 16:36:30,926 - INFO - Processed data for BTCUSDT: $106834.59
2025-06-27 16:36:30,928 - INFO - Processed data for ETHUSDT: $2431.84
2025-06-27 16:36:31,022 - INFO - Processed data for BNBUSDT: $645.33
2025-06-27 16:36:32,949 - INFO - Processed data for BTCUSDT: $106834.61
2025-06-27 16:36:32,952 - INFO - Processed data for ETHUSDT: $2431.85
2025-06-27 16:36:33,046 - INFO - Processed data for BNBUSDT: $645.33
2025-06-27 16:36:34,934 - INFO - Processed data for BTCUSDT: $106834.60
2025-06-27 16:36:34,935 - INFO - Processed data for ETHUSDT: $2430.68
2025-06-27 16:36:35,090 - INFO - Processed data for BNBUSDT: $645.26
2025-06-27 16:36:36,993 - INFO - Processed data for BTCUSDT: $106834.60
2025-06-27 16:36:36,996 - INFO - Processed data for ETHUSDT: $2430.69
2025-06-27 16:36:37,024 - INFO - Processed data for BNBUSDT: $645.27
2025-06-27 16:36:38,933 - INFO - Processed data for BTCUSDT: $106834.60
2025-06-27 16:36:38,936 - INFO - Processed data for ETHUSDT: $2430.69
2025-06-27 16:36:39,046 - INFO - Processed data for BNBUSDT: $645.26
2025-06-27 16:36:40,926 - INFO - Processed data for BTCUSDT: $106834.61
2025-06-27 16:36:40,929 - INFO - Processed data for ETHUSDT: $2430.73
2025-06-27 16:36:42,928 - INFO - Processed data for BTCUSDT: $106827.00
2025-06-27 16:36:42,931 - INFO - Processed data for ETHUSDT: $2430.05
2025-06-27 16:36:43,012 - INFO - Processed data for BNBUSDT: $645.21
2025-06-27 16:36:44,925 - INFO - Processed data for BTCUSDT: $106824.58
2025-06-27 16:36:44,928 - INFO - Processed data for ETHUSDT: $2429.94
2025-06-27 16:36:45,069 - INFO - Processed data for BNBUSDT: $645.19
2025-06-27 16:36:46,935 - INFO - Processed data for BTCUSDT: $106824.30
2025-06-27 16:36:46,938 - INFO - Processed data for ETHUSDT: $2429.94
2025-06-27 16:36:47,016 - INFO - Processed data for BNBUSDT: $645.19
2025-06-27 16:36:48,922 - INFO - Processed data for BTCUSDT: $106820.00
2025-06-27 16:36:48,925 - INFO - Processed data for ETHUSDT: $2429.95
2025-06-27 16:36:50,938 - INFO - Processed data for BTCUSDT: $106812.49
2025-06-27 16:36:50,941 - INFO - Processed data for ETHUSDT: $2429.82
2025-06-27 16:36:51,053 - INFO - Processed data for BNBUSDT: $645.17
2025-06-27 16:36:52,961 - INFO - Processed data for BTCUSDT: $106831.62
2025-06-27 16:36:52,964 - INFO - Processed data for ETHUSDT: $2430.42
2025-06-27 16:36:53,021 - INFO - Processed data for BNBUSDT: $645.19
2025-06-27 16:36:54,931 - INFO - Processed data for BTCUSDT: $106831.63
2025-06-27 16:36:54,934 - INFO - Processed data for ETHUSDT: $2430.42
2025-06-27 16:36:55,013 - INFO - Processed data for BNBUSDT: $645.28
2025-06-27 16:36:56,923 - INFO - Processed data for BTCUSDT: $106831.62
2025-06-27 16:36:56,926 - INFO - Processed data for ETHUSDT: $2430.58
2025-06-27 16:36:57,013 - INFO - Processed data for BNBUSDT: $645.28
2025-06-27 16:36:58,926 - INFO - Processed data for BTCUSDT: $106832.82
2025-06-27 16:36:58,929 - INFO - Processed data for ETHUSDT: $2430.90
2025-06-27 16:36:59,012 - INFO - Processed data for BNBUSDT: $645.34
2025-06-27 16:37:00,928 - INFO - Processed data for BNBUSDT: $645.39
2025-06-27 16:37:00,931 - INFO - Processed data for BTCUSDT: $106849.86
2025-06-27 16:37:00,934 - INFO - Processed data for BTCUSDT: $106849.86
2025-06-27 16:37:00,936 - INFO - Processed data for ETHUSDT: $2431.41
2025-06-27 16:37:00,938 - INFO - Processed data for ETHUSDT: $2431.41
2025-06-27 16:37:01,037 - INFO - Processed data for BNBUSDT: $645.39
2025-06-27 16:37:02,927 - INFO - Processed data for BTCUSDT: $106849.86
2025-06-27 16:37:02,930 - INFO - Processed data for ETHUSDT: $2431.42
2025-06-27 16:37:03,015 - INFO - Processed data for BNBUSDT: $645.39
2025-06-27 16:37:04,925 - INFO - Processed data for BTCUSDT: $106849.86
2025-06-27 16:37:04,928 - INFO - Processed data for ETHUSDT: $2431.08
2025-06-27 16:37:06,940 - INFO - Processed data for BTCUSDT: $106849.85
2025-06-27 16:37:06,944 - INFO - Processed data for ETHUSDT: $2431.07
2025-06-27 16:37:07,019 - INFO - Processed data for BNBUSDT: $645.40
2025-06-27 16:37:08,924 - INFO - Processed data for BTCUSDT: $106847.72
2025-06-27 16:37:08,928 - INFO - Processed data for ETHUSDT: $2430.87
2025-06-27 16:37:09,016 - INFO - Processed data for BNBUSDT: $645.39
2025-06-27 16:37:10,924 - INFO - Processed data for BTCUSDT: $106846.49
2025-06-27 16:37:10,927 - INFO - Processed data for ETHUSDT: $2430.92
2025-06-27 16:37:11,017 - INFO - Processed data for BNBUSDT: $645.37
2025-06-27 16:37:12,928 - INFO - Processed data for BTCUSDT: $106836.00
2025-06-27 16:37:12,931 - INFO - Processed data for ETHUSDT: $2430.92
2025-06-27 16:37:13,031 - INFO - Processed data for BNBUSDT: $645.37
2025-06-27 16:37:14,936 - INFO - Processed data for BTCUSDT: $106825.19
2025-06-27 16:37:14,939 - INFO - Processed data for ETHUSDT: $2430.47
2025-06-27 16:37:15,020 - INFO - Processed data for BNBUSDT: $645.33
2025-06-27 16:37:16,926 - INFO - Inserted BTCUSDT data into database
2025-06-27 16:37:16,927 - INFO - Processed data for BTCUSDT: $106820.00
2025-06-27 16:37:16,932 - INFO - Inserted ETHUSDT data into database
2025-06-27 16:37:16,933 - INFO - Processed data for ETHUSDT: $2430.27
2025-06-27 16:37:17,020 - INFO - Processed data for BNBUSDT: $645.33
2025-06-27 16:37:18,927 - INFO - Processed data for BTCUSDT: $106820.01
2025-06-27 16:37:18,929 - INFO - Processed data for ETHUSDT: $2430.28
2025-06-27 16:37:19,014 - INFO - Processed data for BNBUSDT: $645.33
2025-06-27 16:37:20,934 - INFO - Processed data for BTCUSDT: $106813.21
2025-06-27 16:37:20,936 - INFO - Processed data for ETHUSDT: $2430.27
2025-06-27 16:37:21,036 - INFO - Inserted BNBUSDT data into database
2025-06-27 16:37:21,037 - INFO - Processed data for BNBUSDT: $645.32
2025-06-27 16:37:22,922 - INFO - Processed data for BTCUSDT: $106822.51
2025-06-27 16:37:22,925 - INFO - Processed data for ETHUSDT: $2430.58
2025-06-27 16:37:23,014 - INFO - Processed data for BNBUSDT: $645.33
2025-06-27 16:37:24,939 - INFO - Processed data for BTCUSDT: $106847.49
2025-06-27 16:37:24,941 - INFO - Processed data for ETHUSDT: $2431.79
2025-06-27 16:37:25,025 - INFO - Processed data for BNBUSDT: $645.43
2025-06-27 16:37:26,953 - INFO - Processed data for BTCUSDT: $106857.99
2025-06-27 16:37:26,956 - INFO - Processed data for ETHUSDT: $2432.28
2025-06-27 16:37:27,039 - INFO - Processed data for BNBUSDT: $645.46
2025-06-27 16:37:28,920 - INFO - Processed data for BTCUSDT: $106915.52
2025-06-27 16:37:28,921 - INFO - Processed data for ETHUSDT: $2433.21
2025-06-27 16:37:29,024 - INFO - Processed data for BNBUSDT: $645.55
2025-06-27 16:37:30,924 - INFO - Processed data for BTCUSDT: $106927.12
2025-06-27 16:37:30,927 - INFO - Processed data for ETHUSDT: $2433.80
2025-06-27 16:37:31,014 - INFO - Processed data for BNBUSDT: $645.59
2025-06-27 16:37:32,929 - INFO - Processed data for BTCUSDT: $106927.12
2025-06-27 16:37:32,933 - INFO - Processed data for ETHUSDT: $2433.67
2025-06-27 16:37:33,017 - INFO - Processed data for BNBUSDT: $645.59
2025-06-27 16:37:34,922 - INFO - Processed data for BTCUSDT: $106927.13
2025-06-27 16:37:34,924 - INFO - Processed data for ETHUSDT: $2433.48
2025-06-27 16:37:35,019 - INFO - Processed data for BNBUSDT: $645.59
2025-06-27 16:37:36,931 - INFO - Processed data for BTCUSDT: $106927.12
2025-06-27 16:37:36,931 - INFO - Processed data for ETHUSDT: $2433.67
2025-06-27 16:37:37,021 - INFO - Processed data for BNBUSDT: $645.59
2025-06-27 16:37:38,921 - INFO - Processed data for BTCUSDT: $106927.12
2025-06-27 16:37:38,937 - INFO - Processed data for ETHUSDT: $2433.48
2025-06-27 16:37:39,040 - INFO - Processed data for BNBUSDT: $645.56
2025-06-27 16:37:40,930 - INFO - Processed data for BTCUSDT: $106927.13
2025-06-27 16:37:40,933 - INFO - Processed data for ETHUSDT: $2433.48
2025-06-27 16:37:41,014 - INFO - Processed data for BNBUSDT: $645.57
2025-06-27 16:37:42,930 - INFO - Processed data for BTCUSDT: $106916.44
2025-06-27 16:37:42,933 - INFO - Processed data for ETHUSDT: $2433.47
2025-06-27 16:37:43,014 - INFO - Processed data for BNBUSDT: $645.57
2025-06-27 16:37:44,920 - INFO - Processed data for BTCUSDT: $106935.87
2025-06-27 16:37:44,922 - INFO - Processed data for ETHUSDT: $2433.90
2025-06-27 16:37:46,922 - INFO - Processed data for BTCUSDT: $106941.00
2025-06-27 16:37:46,924 - INFO - Processed data for ETHUSDT: $2434.51
2025-06-27 16:37:47,014 - INFO - Processed data for BNBUSDT: $645.59
2025-06-27 16:37:48,926 - INFO - Processed data for BTCUSDT: $106941.85
2025-06-27 16:37:48,929 - INFO - Processed data for ETHUSDT: $2434.51
2025-06-27 16:37:49,017 - INFO - Processed data for BNBUSDT: $645.59
2025-06-27 16:37:50,923 - INFO - Processed data for BTCUSDT: $106950.72
2025-06-27 16:37:50,924 - INFO - Processed data for ETHUSDT: $2435.05
2025-06-27 16:37:51,034 - INFO - Processed data for BNBUSDT: $645.66
2025-06-27 16:37:52,921 - INFO - Processed data for BTCUSDT: $106963.38
2025-06-27 16:37:52,921 - INFO - Processed data for ETHUSDT: $2435.13
2025-06-27 16:37:53,011 - INFO - Processed data for BNBUSDT: $645.69
2025-06-27 16:37:54,932 - INFO - Processed data for BTCUSDT: $106963.38
2025-06-27 16:37:54,933 - INFO - Processed data for ETHUSDT: $2435.64
2025-06-27 16:37:55,012 - INFO - Processed data for BNBUSDT: $645.70
2025-06-27 16:37:56,952 - INFO - Processed data for BTCUSDT: $106963.38
2025-06-27 16:37:56,953 - INFO - Processed data for ETHUSDT: $2435.38
2025-06-27 16:37:57,013 - INFO - Processed data for BNBUSDT: $645.69
2025-06-27 16:37:58,942 - INFO - Processed data for BTCUSDT: $106963.37
2025-06-27 16:37:58,943 - INFO - Processed data for ETHUSDT: $2435.37
2025-06-27 16:37:59,011 - INFO - Processed data for BNBUSDT: $645.70
2025-06-27 16:38:00,916 - INFO - Processed data for BNBUSDT: $645.69
2025-06-27 16:38:00,924 - INFO - Processed data for BTCUSDT: $106963.38
2025-06-27 16:38:00,926 - INFO - Processed data for BTCUSDT: $106963.38
2025-06-27 16:38:00,929 - INFO - Processed data for ETHUSDT: $2435.38
2025-06-27 16:38:00,931 - INFO - Processed data for ETHUSDT: $2435.38
2025-06-27 16:38:01,012 - INFO - Processed data for BNBUSDT: $645.69
2025-06-27 16:38:02,924 - INFO - Processed data for BTCUSDT: $106963.37
2025-06-27 16:38:02,925 - INFO - Processed data for ETHUSDT: $2435.50
2025-06-27 16:38:03,023 - INFO - Processed data for BNBUSDT: $645.69
2025-06-27 16:38:04,929 - INFO - Processed data for BTCUSDT: $106963.37
2025-06-27 16:38:04,932 - INFO - Processed data for ETHUSDT: $2435.50
2025-06-27 16:38:05,015 - INFO - Processed data for BNBUSDT: $645.70
2025-06-27 16:38:06,944 - INFO - Processed data for BTCUSDT: $106963.37
2025-06-27 16:38:06,945 - INFO - Processed data for ETHUSDT: $2435.49
2025-06-27 16:38:07,029 - INFO - Processed data for BNBUSDT: $645.70
2025-06-27 16:38:08,926 - INFO - Processed data for BTCUSDT: $106963.37
2025-06-27 16:38:08,929 - INFO - Processed data for ETHUSDT: $2435.21
2025-06-27 16:38:09,023 - INFO - Processed data for BNBUSDT: $645.70
2025-06-27 16:38:10,928 - INFO - Processed data for BTCUSDT: $106963.38
2025-06-27 16:38:10,930 - INFO - Processed data for ETHUSDT: $2435.21
2025-06-27 16:38:11,014 - INFO - Processed data for BNBUSDT: $645.70
2025-06-27 16:38:12,928 - INFO - Processed data for BTCUSDT: $106963.37
2025-06-27 16:38:12,931 - INFO - Processed data for ETHUSDT: $2435.34
2025-06-27 16:38:13,029 - INFO - Processed data for BNBUSDT: $645.71
2025-06-27 16:38:14,923 - INFO - Processed data for BTCUSDT: $106963.37
2025-06-27 16:38:14,925 - INFO - Processed data for ETHUSDT: $2435.48
2025-06-27 16:38:15,024 - INFO - Processed data for BNBUSDT: $645.74
2025-06-27 16:38:16,923 - INFO - Processed data for BTCUSDT: $106963.38
2025-06-27 16:38:16,946 - INFO - Inserted ETHUSDT data into database
2025-06-27 16:38:16,947 - INFO - Processed data for ETHUSDT: $2435.33
2025-06-27 16:38:17,020 - INFO - Processed data for BNBUSDT: $645.75
2025-06-27 16:38:18,923 - INFO - Inserted BTCUSDT data into database
2025-06-27 16:38:18,926 - INFO - Processed data for BTCUSDT: $106951.07
2025-06-27 16:38:18,939 - INFO - Processed data for ETHUSDT: $2435.08
2025-06-27 16:38:19,015 - INFO - Processed data for BNBUSDT: $645.71
2025-06-27 16:38:20,923 - INFO - Processed data for BTCUSDT: $106951.08
2025-06-27 16:38:20,926 - INFO - Processed data for ETHUSDT: $2435.07
2025-06-27 16:38:21,012 - INFO - Processed data for BNBUSDT: $645.71
2025-06-27 16:38:22,926 - INFO - Processed data for BTCUSDT: $106951.08
2025-06-27 16:38:22,928 - INFO - Processed data for ETHUSDT: $2435.08
2025-06-27 16:38:23,013 - INFO - Inserted BNBUSDT data into database
2025-06-27 16:38:23,013 - INFO - Processed data for BNBUSDT: $645.71
2025-06-27 16:38:24,930 - INFO - Processed data for BTCUSDT: $106956.40
2025-06-27 16:38:24,933 - INFO - Processed data for ETHUSDT: $2435.31
2025-06-27 16:38:25,015 - INFO - Processed data for BNBUSDT: $645.71
2025-06-27 16:38:26,943 - INFO - Processed data for BTCUSDT: $106963.38
2025-06-27 16:38:26,946 - INFO - Processed data for ETHUSDT: $2435.35
2025-06-27 16:38:27,011 - INFO - Processed data for BNBUSDT: $645.71
2025-06-27 16:38:28,938 - INFO - Processed data for BTCUSDT: $106963.38
2025-06-27 16:38:28,940 - INFO - Processed data for ETHUSDT: $2435.42
2025-06-27 16:38:30,925 - INFO - Processed data for BTCUSDT: $106968.00
2025-06-27 16:38:30,928 - INFO - Processed data for ETHUSDT: $2435.61
2025-06-27 16:38:31,012 - INFO - Processed data for BNBUSDT: $645.71
2025-06-27 16:38:32,919 - INFO - Processed data for BTCUSDT: $106951.63
2025-06-27 16:38:32,920 - INFO - Processed data for ETHUSDT: $2435.05
2025-06-27 16:38:33,016 - INFO - Processed data for BNBUSDT: $645.71
2025-06-27 16:38:35,485 - INFO - Processed data for BTCUSDT: $106951.63
2025-06-27 16:38:35,486 - INFO - Processed data for ETHUSDT: $2434.89
2025-06-27 16:38:35,486 - INFO - Processed data for BNBUSDT: $645.71
2025-06-27 16:38:36,991 - INFO - Processed data for BTCUSDT: $106951.63
2025-06-27 16:38:36,995 - INFO - Processed data for ETHUSDT: $2434.89
2025-06-27 16:38:38,925 - INFO - Processed data for BTCUSDT: $106966.95
2025-06-27 16:38:38,926 - INFO - Processed data for ETHUSDT: $2435.13
2025-06-27 16:38:39,080 - INFO - Processed data for BNBUSDT: $645.71
2025-06-27 16:38:40,937 - INFO - Processed data for BTCUSDT: $106975.69
2025-06-27 16:38:40,939 - INFO - Processed data for ETHUSDT: $2435.37
2025-06-27 16:38:41,042 - INFO - Processed data for BNBUSDT: $645.71
2025-06-27 16:38:42,939 - INFO - Processed data for BTCUSDT: $106982.39
2025-06-27 16:38:42,942 - INFO - Processed data for ETHUSDT: $2435.78
2025-06-27 16:38:43,014 - INFO - Processed data for BNBUSDT: $645.75
2025-06-27 16:38:44,928 - INFO - Processed data for BTCUSDT: $106982.39
2025-06-27 16:38:45,023 - INFO - Processed data for BNBUSDT: $645.75
2025-06-27 16:38:46,921 - INFO - Processed data for BTCUSDT: $106982.39
2025-06-27 16:38:46,924 - INFO - Processed data for ETHUSDT: $2435.78
2025-06-27 16:38:47,015 - INFO - Processed data for BNBUSDT: $645.75
2025-06-27 16:38:48,961 - INFO - Processed data for BTCUSDT: $106979.71
2025-06-27 16:38:48,964 - INFO - Processed data for ETHUSDT: $2435.48
2025-06-27 16:38:49,029 - INFO - Processed data for BNBUSDT: $645.75
2025-06-27 16:38:50,924 - INFO - Processed data for BTCUSDT: $106971.89
2025-06-27 16:38:50,927 - INFO - Processed data for ETHUSDT: $2434.97
2025-06-27 16:38:52,924 - INFO - Processed data for BTCUSDT: $106971.90
2025-06-27 16:38:52,928 - INFO - Processed data for ETHUSDT: $2434.89
2025-06-27 16:38:53,046 - INFO - Processed data for BNBUSDT: $645.74
2025-06-27 16:38:54,946 - INFO - Processed data for BTCUSDT: $106971.89
2025-06-27 16:38:54,949 - INFO - Processed data for ETHUSDT: $2434.58
2025-06-27 16:38:55,029 - INFO - Processed data for BNBUSDT: $645.74
2025-06-27 16:38:56,934 - INFO - Processed data for BTCUSDT: $106971.89
2025-06-27 16:38:56,937 - INFO - Processed data for ETHUSDT: $2434.90
2025-06-27 16:38:57,016 - INFO - Processed data for BNBUSDT: $645.75
2025-06-27 16:38:58,953 - INFO - Processed data for BTCUSDT: $106981.86
2025-06-27 16:38:58,956 - INFO - Processed data for ETHUSDT: $2435.02
2025-06-27 16:38:59,025 - INFO - Processed data for BNBUSDT: $645.74
2025-06-27 16:39:00,987 - INFO - Processed data for BNBUSDT: $645.74
2025-06-27 16:39:00,987 - INFO - Processed data for BTCUSDT: $106982.39
2025-06-27 16:39:00,988 - INFO - Processed data for BTCUSDT: $106982.39
2025-06-27 16:39:00,988 - INFO - Processed data for ETHUSDT: $2435.30
2025-06-27 16:39:00,989 - INFO - Processed data for ETHUSDT: $2435.30
2025-06-27 16:39:01,028 - INFO - Processed data for BNBUSDT: $645.74
2025-06-27 16:39:02,938 - INFO - Processed data for BTCUSDT: $106982.38
2025-06-27 16:39:02,940 - INFO - Processed data for ETHUSDT: $2435.45
2025-06-27 16:39:03,029 - INFO - Processed data for BNBUSDT: $645.75
2025-06-27 16:39:04,920 - INFO - Processed data for BTCUSDT: $106982.39
2025-06-27 16:39:04,926 - INFO - Processed data for ETHUSDT: $2435.52
2025-06-27 16:39:05,013 - INFO - Processed data for BNBUSDT: $645.77
2025-06-27 16:39:06,924 - INFO - Processed data for BTCUSDT: $106982.38
2025-06-27 16:39:06,927 - INFO - Processed data for ETHUSDT: $2435.52
2025-06-27 16:39:07,017 - INFO - Processed data for BNBUSDT: $645.78
2025-06-27 16:39:08,922 - INFO - Processed data for BTCUSDT: $106982.39
2025-06-27 16:39:08,924 - INFO - Processed data for ETHUSDT: $2435.76
2025-06-27 16:39:09,022 - INFO - Processed data for BNBUSDT: $645.77
2025-06-27 16:39:10,922 - INFO - Processed data for BTCUSDT: $106982.39
2025-06-27 16:39:10,923 - INFO - Processed data for ETHUSDT: $2435.82
2025-06-27 16:39:11,013 - INFO - Processed data for BNBUSDT: $645.77
2025-06-27 16:39:12,926 - INFO - Processed data for BTCUSDT: $106973.65
2025-06-27 16:39:12,929 - INFO - Processed data for ETHUSDT: $2435.41
2025-06-27 16:39:13,013 - INFO - Processed data for BNBUSDT: $645.77
2025-06-27 16:39:14,993 - INFO - Processed data for BTCUSDT: $106973.66
2025-06-27 16:39:14,995 - INFO - Processed data for ETHUSDT: $2435.55
2025-06-27 16:39:15,022 - INFO - Processed data for BNBUSDT: $645.77
2025-06-27 16:39:16,927 - INFO - Processed data for BTCUSDT: $106973.65
2025-06-27 16:39:18,940 - INFO - Inserted BTCUSDT data into database
2025-06-27 16:39:18,941 - INFO - Processed data for BTCUSDT: $106973.65
2025-06-27 16:39:18,942 - INFO - Inserted ETHUSDT data into database
2025-06-27 16:39:18,942 - INFO - Processed data for ETHUSDT: $2435.57
2025-06-27 16:39:19,020 - INFO - Processed data for BNBUSDT: $645.76
2025-06-27 16:39:20,920 - ERROR - WebSocket error: 0
2025-06-27 16:39:21,342 - INFO - WebSocket connection closed
2025-06-30 14:23:16,900 - ERROR - Error creating database: connection to server at "my-postgres-db-navashub.f.aivencloud.com" (85.9.219.181), port 12378 failed: FATAL:  database "postgres" does not exist

2025-06-30 14:23:18,902 - INFO - Connected to PostgreSQL database
2025-06-30 14:23:19,126 - INFO - Tables created successfully
2025-06-30 14:23:19,127 - INFO - WebSocket URL: wss://stream.binance.com:9443/stream?streams=btcusdt@kline_1m/ethusdt@kline_1m/bnbusdt@kline_1m
2025-06-30 14:23:19,337 - INFO - Starting crypto data collection...
2025-06-30 14:23:21,162 - INFO - Websocket connected
2025-06-30 14:23:21,162 - INFO - WebSocket connection opened
2025-06-30 14:23:21,954 - INFO - Inserted BTCUSDT data into database
2025-06-30 14:23:21,955 - INFO - Processed data for BTCUSDT: $107849.99
2025-06-30 14:23:22,268 - INFO - Inserted ETHUSDT data into database
2025-06-30 14:23:22,269 - INFO - Processed data for ETHUSDT: $2465.22
2025-06-30 14:23:22,473 - INFO - Inserted BNBUSDT data into database
2025-06-30 14:23:22,475 - INFO - Processed data for BNBUSDT: $654.18
2025-06-30 14:23:23,766 - INFO - Processed data for BTCUSDT: $107852.85
2025-06-30 14:23:23,767 - INFO - Processed data for ETHUSDT: $2465.23
2025-06-30 14:23:23,835 - INFO - Processed data for BNBUSDT: $654.19
2025-06-30 14:23:25,761 - INFO - Processed data for BTCUSDT: $107857.14
2025-06-30 14:23:25,762 - INFO - Processed data for ETHUSDT: $2465.22
2025-06-30 14:23:25,842 - INFO - Processed data for BNBUSDT: $654.18
2025-06-30 14:23:27,745 - INFO - Processed data for BTCUSDT: $107881.19
2025-06-30 14:23:27,747 - INFO - Processed data for ETHUSDT: $2466.85
2025-06-30 14:23:27,835 - INFO - Processed data for BNBUSDT: $654.25
2025-06-30 14:23:29,748 - INFO - Processed data for BTCUSDT: $107881.20
2025-06-30 14:23:29,752 - INFO - Processed data for ETHUSDT: $2466.60
2025-06-30 14:23:29,842 - INFO - Processed data for BNBUSDT: $654.25
2025-06-30 14:23:31,810 - INFO - Processed data for BTCUSDT: $107924.43
2025-06-30 14:23:32,311 - INFO - Processed data for ETHUSDT: $2467.30
2025-06-30 14:23:32,313 - INFO - Processed data for BNBUSDT: $654.35
2025-06-30 14:23:33,743 - INFO - Processed data for BTCUSDT: $107939.10
2025-06-30 14:23:33,744 - INFO - Processed data for ETHUSDT: $2467.94
2025-06-30 14:23:33,837 - INFO - Processed data for BNBUSDT: $654.43
2025-06-30 14:23:35,748 - INFO - Processed data for BTCUSDT: $107939.10
2025-06-30 14:23:35,749 - INFO - Processed data for ETHUSDT: $2468.04
2025-06-30 14:23:35,835 - INFO - Processed data for BNBUSDT: $654.49
2025-06-30 14:23:37,746 - INFO - Processed data for BTCUSDT: $107922.35
2025-06-30 14:23:37,747 - INFO - Processed data for ETHUSDT: $2467.59
2025-06-30 14:23:37,834 - INFO - Processed data for BNBUSDT: $654.49
2025-06-30 14:23:39,767 - INFO - Processed data for BTCUSDT: $107910.25
2025-06-30 14:23:39,768 - INFO - Processed data for ETHUSDT: $2467.14
2025-06-30 14:23:39,835 - INFO - Processed data for BNBUSDT: $654.45
2025-06-30 14:23:41,746 - INFO - Processed data for BTCUSDT: $107910.22
2025-06-30 14:23:41,747 - INFO - Processed data for ETHUSDT: $2466.51
2025-06-30 14:23:41,836 - INFO - Processed data for BNBUSDT: $654.36
2025-06-30 14:23:43,747 - INFO - Processed data for BTCUSDT: $107910.23
2025-06-30 14:23:43,748 - INFO - Processed data for ETHUSDT: $2466.65
2025-06-30 14:23:43,848 - INFO - Processed data for BNBUSDT: $654.36
2025-06-30 14:23:45,747 - INFO - Processed data for BTCUSDT: $107910.22
2025-06-30 14:23:45,748 - INFO - Processed data for ETHUSDT: $2466.65
2025-06-30 14:23:45,835 - INFO - Processed data for BNBUSDT: $654.36
2025-06-30 14:23:47,766 - INFO - Processed data for BTCUSDT: $107910.22
2025-06-30 14:23:47,767 - INFO - Processed data for ETHUSDT: $2466.84
2025-06-30 14:23:47,835 - INFO - Processed data for BNBUSDT: $654.36
2025-06-30 14:23:49,747 - INFO - Processed data for BTCUSDT: $107910.22
2025-06-30 14:23:49,748 - INFO - Processed data for ETHUSDT: $2466.83
2025-06-30 14:23:49,835 - INFO - Processed data for BNBUSDT: $654.36
2025-06-30 14:23:51,767 - INFO - Processed data for BTCUSDT: $107910.22
2025-06-30 14:23:51,769 - INFO - Processed data for ETHUSDT: $2466.52
2025-06-30 14:23:51,842 - INFO - Processed data for BNBUSDT: $654.33
2025-06-30 14:23:53,745 - INFO - Processed data for BTCUSDT: $107910.23
2025-06-30 14:23:53,747 - INFO - Processed data for ETHUSDT: $2466.08
2025-06-30 14:23:53,845 - INFO - Processed data for BNBUSDT: $654.33
2025-06-30 14:23:55,865 - INFO - Processed data for BTCUSDT: $107910.22
2025-06-30 14:23:55,867 - INFO - Processed data for ETHUSDT: $2466.08
2025-06-30 14:23:55,869 - INFO - Processed data for BNBUSDT: $654.31
2025-06-30 14:23:57,802 - INFO - Processed data for BTCUSDT: $107910.23
2025-06-30 14:23:57,805 - INFO - Processed data for ETHUSDT: $2466.08
2025-06-30 14:23:57,863 - INFO - Processed data for BNBUSDT: $654.31
2025-06-30 14:23:59,739 - INFO - Processed data for BNBUSDT: $654.28
2025-06-30 14:23:59,747 - INFO - Processed data for BTCUSDT: $107910.22
2025-06-30 14:23:59,749 - INFO - Processed data for BTCUSDT: $107910.23
2025-06-30 14:23:59,752 - INFO - Processed data for ETHUSDT: $2465.86
2025-06-30 14:23:59,753 - INFO - Processed data for ETHUSDT: $2465.86
2025-06-30 14:23:59,847 - INFO - Processed data for BNBUSDT: $654.28
2025-06-30 14:24:01,747 - INFO - Processed data for BTCUSDT: $107910.22
2025-06-30 14:24:01,748 - INFO - Processed data for ETHUSDT: $2465.59
2025-06-30 14:24:01,845 - INFO - Processed data for BNBUSDT: $654.28
2025-06-30 14:24:03,744 - INFO - Processed data for BTCUSDT: $107902.91
2025-06-30 14:24:03,745 - INFO - Processed data for ETHUSDT: $2465.34
2025-06-30 14:24:03,843 - INFO - Processed data for BNBUSDT: $654.26
2025-06-30 14:24:05,752 - INFO - Processed data for BTCUSDT: $107902.90
2025-06-30 14:24:05,753 - INFO - Processed data for ETHUSDT: $2465.55
2025-06-30 14:24:05,835 - INFO - Processed data for BNBUSDT: $654.25
2025-06-30 14:24:07,837 - INFO - Processed data for BTCUSDT: $107888.00
2025-06-30 14:24:07,840 - INFO - Processed data for ETHUSDT: $2465.34
2025-06-30 14:24:07,843 - INFO - Processed data for BNBUSDT: $654.17
2025-06-30 14:24:09,750 - INFO - Processed data for BTCUSDT: $107888.01
2025-06-30 14:24:09,751 - INFO - Processed data for ETHUSDT: $2465.14
2025-06-30 14:24:09,834 - INFO - Processed data for BNBUSDT: $654.12
2025-06-30 14:24:11,766 - INFO - Processed data for BTCUSDT: $107888.01
2025-06-30 14:24:11,768 - INFO - Processed data for ETHUSDT: $2465.17
2025-06-30 14:24:11,854 - INFO - Processed data for BNBUSDT: $654.12
2025-06-30 14:24:13,753 - INFO - Processed data for BTCUSDT: $107888.01
2025-06-30 14:24:13,754 - INFO - Processed data for ETHUSDT: $2465.33
2025-06-30 14:24:13,835 - INFO - Processed data for BNBUSDT: $654.11
2025-06-30 14:24:15,748 - INFO - Processed data for BTCUSDT: $107888.01
2025-06-30 14:24:15,750 - INFO - Processed data for ETHUSDT: $2465.38
2025-06-30 14:24:15,840 - INFO - Processed data for BNBUSDT: $654.11
2025-06-30 14:24:17,768 - INFO - Processed data for BTCUSDT: $107888.01
2025-06-30 14:24:17,769 - INFO - Processed data for ETHUSDT: $2465.26
2025-06-30 14:24:17,833 - INFO - Processed data for BNBUSDT: $654.12
2025-06-30 14:24:19,816 - INFO - Processed data for BTCUSDT: $107884.62
2025-06-30 14:24:19,817 - INFO - Processed data for ETHUSDT: $2465.04
2025-06-30 14:24:19,834 - INFO - Processed data for BNBUSDT: $654.11
2025-06-30 14:24:21,753 - INFO - Processed data for BTCUSDT: $107872.21
2025-06-30 14:24:21,758 - INFO - Processed data for ETHUSDT: $2464.57
2025-06-30 14:24:21,836 - INFO - Processed data for BNBUSDT: $653.99
2025-06-30 14:24:23,954 - INFO - Inserted BTCUSDT data into database
2025-06-30 14:24:23,955 - INFO - Processed data for BTCUSDT: $107872.21
2025-06-30 14:24:24,218 - INFO - Inserted ETHUSDT data into database
2025-06-30 14:24:24,218 - INFO - Processed data for ETHUSDT: $2464.43
2025-06-30 14:24:25,751 - INFO - Processed data for BTCUSDT: $107872.22
2025-06-30 14:24:25,755 - INFO - Processed data for ETHUSDT: $2464.56
2025-06-30 14:24:26,034 - INFO - Inserted BNBUSDT data into database
2025-06-30 14:24:26,034 - INFO - Processed data for BNBUSDT: $653.98
2025-06-30 14:24:27,745 - INFO - Processed data for BTCUSDT: $107872.21
2025-06-30 14:24:27,745 - INFO - Processed data for ETHUSDT: $2464.98
2025-06-30 14:24:27,838 - INFO - Processed data for BNBUSDT: $654.02
2025-06-30 14:24:29,746 - INFO - Processed data for BTCUSDT: $107872.22
2025-06-30 14:24:29,747 - INFO - Processed data for ETHUSDT: $2464.98
2025-06-30 14:24:29,853 - INFO - Processed data for BNBUSDT: $654.17
2025-06-30 14:24:31,759 - INFO - Processed data for BTCUSDT: $107872.23
2025-06-30 14:24:31,759 - INFO - Processed data for ETHUSDT: $2465.02
2025-06-30 14:24:31,852 - INFO - Processed data for BNBUSDT: $654.17
2025-06-30 14:24:33,752 - INFO - Processed data for BTCUSDT: $107872.23
2025-06-30 14:24:33,753 - INFO - Processed data for ETHUSDT: $2465.02
2025-06-30 14:24:33,833 - INFO - Processed data for BNBUSDT: $654.18
2025-06-30 14:24:35,744 - INFO - Processed data for BTCUSDT: $107872.23
2025-06-30 14:24:35,745 - INFO - Processed data for ETHUSDT: $2464.96
2025-06-30 14:24:35,837 - INFO - Processed data for BNBUSDT: $654.18
2025-06-30 14:24:37,745 - INFO - Processed data for BTCUSDT: $107872.23
2025-06-30 14:24:37,745 - INFO - Processed data for ETHUSDT: $2464.94
2025-06-30 14:24:37,877 - INFO - Processed data for BNBUSDT: $654.18
2025-06-30 14:24:39,784 - INFO - Processed data for BTCUSDT: $107872.23
2025-06-30 14:24:39,784 - INFO - Processed data for ETHUSDT: $2464.95
2025-06-30 14:24:39,871 - INFO - Processed data for BNBUSDT: $654.17
2025-06-30 14:24:41,746 - INFO - Processed data for BTCUSDT: $107872.23
2025-06-30 14:24:41,748 - INFO - Processed data for ETHUSDT: $2464.95
2025-06-30 14:24:41,823 - INFO - Processed data for BNBUSDT: $654.19
2025-06-30 14:24:43,742 - INFO - Processed data for BTCUSDT: $107872.22
2025-06-30 14:24:43,750 - INFO - Processed data for ETHUSDT: $2464.74
2025-06-30 14:24:43,854 - INFO - Processed data for BNBUSDT: $654.24
2025-06-30 14:24:45,744 - INFO - Processed data for BTCUSDT: $107872.23
2025-06-30 14:24:45,745 - INFO - Processed data for ETHUSDT: $2464.57
2025-06-30 14:24:45,866 - INFO - Processed data for BNBUSDT: $654.24
2025-06-30 14:24:47,801 - INFO - Processed data for BTCUSDT: $107872.22
2025-06-30 14:24:47,802 - INFO - Processed data for ETHUSDT: $2464.58
2025-06-30 14:24:49,753 - INFO - Processed data for BTCUSDT: $107872.23
2025-06-30 14:24:49,754 - INFO - Processed data for ETHUSDT: $2464.57
2025-06-30 14:24:49,877 - INFO - Processed data for BNBUSDT: $654.23
2025-06-30 14:24:51,750 - INFO - Processed data for BTCUSDT: $107872.23
2025-06-30 14:24:51,751 - INFO - Processed data for ETHUSDT: $2464.58
2025-06-30 14:24:51,884 - INFO - Processed data for BNBUSDT: $654.24
2025-06-30 14:24:53,748 - INFO - Processed data for BTCUSDT: $107872.24
2025-06-30 14:24:53,748 - INFO - Processed data for ETHUSDT: $2464.84
2025-06-30 14:24:53,837 - INFO - Processed data for BNBUSDT: $654.24
2025-06-30 14:24:55,764 - INFO - Processed data for BTCUSDT: $107872.25
2025-06-30 14:24:55,764 - INFO - Processed data for ETHUSDT: $2465.01
2025-06-30 14:24:55,839 - INFO - Processed data for BNBUSDT: $654.33
2025-06-30 14:24:57,745 - INFO - Processed data for BTCUSDT: $107876.71
2025-06-30 14:24:57,748 - INFO - Processed data for ETHUSDT: $2465.01
2025-06-30 14:24:57,870 - INFO - Processed data for BNBUSDT: $654.34
2025-06-30 14:24:59,804 - INFO - Processed data for BNBUSDT: $654.34
2025-06-30 14:24:59,805 - INFO - Processed data for BTCUSDT: $107876.71
2025-06-30 14:24:59,806 - INFO - Processed data for BTCUSDT: $107876.71
2025-06-30 14:24:59,808 - INFO - Processed data for ETHUSDT: $2465.01
2025-06-30 14:24:59,809 - INFO - Processed data for ETHUSDT: $2465.01
2025-06-30 14:24:59,841 - INFO - Processed data for BNBUSDT: $654.34
2025-06-30 14:25:01,825 - INFO - Processed data for BTCUSDT: $107876.72
2025-06-30 14:25:01,827 - INFO - Processed data for ETHUSDT: $2465.02
2025-06-30 14:25:01,834 - INFO - Processed data for BNBUSDT: $654.34
2025-06-30 14:25:03,787 - INFO - Processed data for BTCUSDT: $107876.71
2025-06-30 14:25:03,788 - INFO - Processed data for ETHUSDT: $2465.02
2025-06-30 14:25:03,864 - INFO - Processed data for BNBUSDT: $654.34
2025-06-30 14:25:05,745 - INFO - Processed data for BTCUSDT: $107876.72
2025-06-30 14:25:05,749 - INFO - Processed data for ETHUSDT: $2464.72
2025-06-30 14:25:05,848 - INFO - Processed data for BNBUSDT: $654.34
2025-06-30 14:25:07,741 - INFO - Processed data for BTCUSDT: $107867.52
2025-06-30 14:25:07,743 - INFO - Processed data for ETHUSDT: $2464.22
2025-06-30 14:25:07,836 - INFO - Processed data for BNBUSDT: $654.24
2025-06-30 14:25:09,745 - INFO - Processed data for BTCUSDT: $107863.83
2025-06-30 14:25:09,746 - INFO - Processed data for ETHUSDT: $2463.54
2025-06-30 14:25:09,834 - INFO - Processed data for BNBUSDT: $654.22
2025-06-30 14:25:11,748 - INFO - Processed data for BTCUSDT: $107853.52
2025-06-30 14:25:11,753 - INFO - Processed data for ETHUSDT: $2463.42
2025-06-30 14:25:11,849 - INFO - Processed data for BNBUSDT: $654.23
2025-06-30 14:25:13,755 - INFO - Processed data for BTCUSDT: $107853.52
2025-06-30 14:25:13,756 - INFO - Processed data for ETHUSDT: $2463.42
2025-06-30 14:25:13,835 - INFO - Processed data for BNBUSDT: $654.22
2025-06-30 14:25:15,747 - INFO - Processed data for BTCUSDT: $107853.52
2025-06-30 14:25:15,749 - INFO - Processed data for ETHUSDT: $2463.42
2025-06-30 14:25:17,754 - INFO - Processed data for BTCUSDT: $107853.51
2025-06-30 14:25:17,757 - INFO - Processed data for ETHUSDT: $2463.41
2025-06-30 14:25:17,836 - INFO - Processed data for BNBUSDT: $654.20
2025-06-30 14:25:19,824 - INFO - Processed data for BTCUSDT: $107853.51
2025-06-30 14:25:19,825 - INFO - Processed data for ETHUSDT: $2463.42
2025-06-30 14:25:19,835 - INFO - Processed data for BNBUSDT: $654.21
2025-06-30 14:25:21,747 - INFO - Processed data for BTCUSDT: $107853.51
2025-06-30 14:25:21,750 - INFO - Processed data for ETHUSDT: $2463.41
2025-06-30 14:25:21,844 - INFO - Processed data for BNBUSDT: $654.19
2025-06-30 14:25:24,018 - INFO - Inserted BTCUSDT data into database
2025-06-30 14:25:24,019 - INFO - Processed data for BTCUSDT: $107844.71
2025-06-30 14:25:24,224 - INFO - Inserted ETHUSDT data into database
2025-06-30 14:25:24,224 - INFO - Processed data for ETHUSDT: $2463.41
2025-06-30 14:25:24,226 - INFO - Processed data for BNBUSDT: $654.18
2025-06-30 14:25:25,772 - INFO - Processed data for BTCUSDT: $107844.72
2025-06-30 14:25:25,773 - INFO - Processed data for ETHUSDT: $2463.52
2025-06-30 14:25:27,751 - INFO - Processed data for BTCUSDT: $107844.72
2025-06-30 14:25:27,753 - INFO - Processed data for ETHUSDT: $2463.52
2025-06-30 14:25:28,074 - INFO - Inserted BNBUSDT data into database
2025-06-30 14:25:28,075 - INFO - Processed data for BNBUSDT: $654.18
2025-06-30 14:25:29,779 - INFO - Processed data for BTCUSDT: $107844.72
2025-06-30 14:25:29,780 - INFO - Processed data for ETHUSDT: $2463.53
2025-06-30 14:25:29,836 - INFO - Processed data for BNBUSDT: $654.16
2025-06-30 14:25:31,763 - INFO - Processed data for BTCUSDT: $107844.72
2025-06-30 14:25:31,765 - INFO - Processed data for ETHUSDT: $2463.53
2025-06-30 14:25:31,841 - INFO - Processed data for BNBUSDT: $654.15
2025-06-30 14:25:33,747 - INFO - Processed data for BTCUSDT: $107844.71
2025-06-30 14:25:33,748 - INFO - Processed data for ETHUSDT: $2463.53
2025-06-30 14:25:33,876 - INFO - Processed data for BNBUSDT: $654.16
2025-06-30 14:25:35,745 - INFO - Processed data for BTCUSDT: $107844.72
2025-06-30 14:25:35,747 - INFO - Processed data for ETHUSDT: $2463.52
2025-06-30 14:25:35,843 - INFO - Processed data for BNBUSDT: $654.16
2025-06-30 14:25:37,751 - INFO - Processed data for BTCUSDT: $107844.72
2025-06-30 14:25:37,752 - INFO - Processed data for ETHUSDT: $2463.52
2025-06-30 14:25:37,850 - INFO - Processed data for BNBUSDT: $654.12
2025-06-30 14:25:39,769 - INFO - Processed data for BTCUSDT: $107842.35
2025-06-30 14:25:39,770 - INFO - Processed data for ETHUSDT: $2463.41
2025-06-30 14:25:39,854 - INFO - Processed data for BNBUSDT: $654.12
2025-06-30 14:25:41,811 - INFO - Processed data for BTCUSDT: $107842.35
2025-06-30 14:25:41,814 - INFO - Processed data for ETHUSDT: $2463.41
2025-06-30 14:25:41,845 - INFO - Processed data for BNBUSDT: $654.12
2025-06-30 14:25:43,750 - INFO - Processed data for BTCUSDT: $107842.34
2025-06-30 14:25:43,751 - INFO - Processed data for ETHUSDT: $2463.41
2025-06-30 14:25:43,835 - INFO - Processed data for BNBUSDT: $654.12
2025-06-30 14:25:45,760 - INFO - Processed data for BTCUSDT: $107842.35
2025-06-30 14:25:45,761 - INFO - Processed data for ETHUSDT: $2463.42
2025-06-30 14:25:45,841 - INFO - Processed data for BNBUSDT: $654.12
2025-06-30 14:25:47,779 - INFO - Processed data for BTCUSDT: $107842.35
2025-06-30 14:25:47,780 - INFO - Processed data for ETHUSDT: $2463.26
2025-06-30 14:25:47,835 - INFO - Processed data for BNBUSDT: $654.12
2025-06-30 14:25:49,745 - INFO - Processed data for BTCUSDT: $107842.34
2025-06-30 14:25:49,746 - INFO - Processed data for ETHUSDT: $2463.26
2025-06-30 14:25:51,753 - INFO - Processed data for BTCUSDT: $107842.34
2025-06-30 14:25:51,754 - INFO - Processed data for ETHUSDT: $2463.25
2025-06-30 14:25:53,803 - INFO - Processed data for BTCUSDT: $107842.34
2025-06-30 14:25:53,807 - INFO - Processed data for ETHUSDT: $2463.26
2025-06-30 14:25:55,762 - INFO - Processed data for BTCUSDT: $107842.35
2025-06-30 14:25:55,762 - INFO - Processed data for ETHUSDT: $2463.26
2025-06-30 14:25:55,865 - INFO - Processed data for BNBUSDT: $654.11
2025-06-30 14:25:57,815 - INFO - Processed data for BTCUSDT: $107842.35
2025-06-30 14:25:57,818 - INFO - Processed data for ETHUSDT: $2463.21
2025-06-30 14:25:57,842 - INFO - Processed data for BNBUSDT: $654.12
2025-06-30 14:25:59,744 - INFO - Processed data for BNBUSDT: $654.12
2025-06-30 14:25:59,747 - INFO - Processed data for BTCUSDT: $107842.35
2025-06-30 14:25:59,748 - INFO - Processed data for BTCUSDT: $107842.35
2025-06-30 14:25:59,749 - INFO - Processed data for ETHUSDT: $2463.31
2025-06-30 14:25:59,750 - INFO - Processed data for ETHUSDT: $2463.31
2025-06-30 14:25:59,845 - INFO - Processed data for BNBUSDT: $654.12
2025-06-30 14:26:01,748 - INFO - Processed data for BTCUSDT: $107842.35
2025-06-30 14:26:01,750 - INFO - Processed data for ETHUSDT: $2463.43
2025-06-30 14:26:01,844 - INFO - Processed data for BNBUSDT: $654.11
2025-06-30 14:26:03,742 - INFO - Processed data for BTCUSDT: $107842.35
2025-06-30 14:26:03,743 - INFO - Processed data for ETHUSDT: $2463.53
2025-06-30 14:26:05,742 - INFO - Processed data for BTCUSDT: $107842.34
2025-06-30 14:26:05,743 - INFO - Processed data for ETHUSDT: $2463.53
2025-06-30 14:26:07,752 - INFO - Processed data for BTCUSDT: $107842.34
2025-06-30 14:26:07,754 - INFO - Processed data for ETHUSDT: $2463.54
2025-06-30 14:26:07,841 - INFO - Processed data for BNBUSDT: $654.12
2025-06-30 14:26:09,797 - INFO - Processed data for BTCUSDT: $107842.35
2025-06-30 14:26:09,798 - INFO - Processed data for ETHUSDT: $2463.50
2025-06-30 14:26:11,748 - INFO - Processed data for BTCUSDT: $107842.35
2025-06-30 14:26:11,749 - INFO - Processed data for ETHUSDT: $2463.33
2025-06-30 14:26:11,835 - INFO - Processed data for BNBUSDT: $654.11
2025-06-30 14:26:13,748 - INFO - Processed data for BTCUSDT: $107842.35
2025-06-30 14:26:13,749 - INFO - Processed data for ETHUSDT: $2463.33
2025-06-30 14:26:13,836 - INFO - Processed data for BNBUSDT: $654.12
2025-06-30 14:26:15,732 - INFO - Processed data for BTCUSDT: $107842.35
2025-06-30 14:26:15,732 - INFO - Processed data for ETHUSDT: $2463.33
2025-06-30 14:26:17,745 - INFO - Processed data for BTCUSDT: $107842.35
2025-06-30 14:26:17,746 - INFO - Processed data for ETHUSDT: $2463.33
2025-06-30 14:26:17,843 - INFO - Processed data for BNBUSDT: $654.12
2025-06-30 14:26:19,819 - INFO - Processed data for BTCUSDT: $107842.35
2025-06-30 14:26:19,835 - INFO - Processed data for ETHUSDT: $2463.34
2025-06-30 14:26:21,748 - INFO - Processed data for BTCUSDT: $107842.35
2025-06-30 14:26:21,748 - INFO - Processed data for ETHUSDT: $2463.36
2025-06-30 14:26:21,845 - INFO - Processed data for BNBUSDT: $654.12
2025-06-30 14:26:24,123 - INFO - Inserted BTCUSDT data into database
2025-06-30 14:26:24,123 - INFO - Processed data for BTCUSDT: $107842.35
2025-06-30 14:26:24,320 - INFO - Inserted ETHUSDT data into database
2025-06-30 14:26:24,336 - INFO - Processed data for ETHUSDT: $2463.38
2025-06-30 14:26:24,336 - INFO - Processed data for BNBUSDT: $654.12
2025-06-30 14:26:25,745 - INFO - Processed data for BTCUSDT: $107842.35
2025-06-30 14:26:25,747 - INFO - Processed data for ETHUSDT: $2463.37
2025-06-30 14:26:25,964 - INFO - Processed data for BNBUSDT: $654.12
2025-06-30 14:26:27,750 - INFO - Processed data for BTCUSDT: $107842.35
2025-06-30 14:26:27,751 - INFO - Processed data for ETHUSDT: $2463.37
2025-06-30 14:26:27,848 - INFO - Processed data for BNBUSDT: $654.11
2025-06-30 14:26:29,741 - INFO - Processed data for BTCUSDT: $107842.35
2025-06-30 14:26:29,746 - INFO - Processed data for ETHUSDT: $2463.38
2025-06-30 14:26:30,041 - INFO - Inserted BNBUSDT data into database
2025-06-30 14:26:30,041 - INFO - Processed data for BNBUSDT: $654.11
2025-06-30 14:26:31,754 - INFO - Processed data for BTCUSDT: $107842.34
2025-06-30 14:26:31,773 - INFO - Processed data for ETHUSDT: $2463.37
2025-06-30 14:26:31,837 - INFO - Processed data for BNBUSDT: $654.12
2025-06-30 14:26:33,756 - INFO - Processed data for BTCUSDT: $107849.81
2025-06-30 14:26:33,756 - INFO - Processed data for ETHUSDT: $2463.64
2025-06-30 14:26:33,829 - INFO - Processed data for BNBUSDT: $654.11
2025-06-30 14:26:35,800 - INFO - Processed data for BTCUSDT: $107849.81
2025-06-30 14:26:35,833 - INFO - Processed data for BNBUSDT: $654.11
2025-06-30 14:26:37,747 - INFO - Processed data for BTCUSDT: $107849.82
2025-06-30 14:26:37,748 - INFO - Processed data for ETHUSDT: $2463.63
2025-06-30 14:26:37,856 - INFO - Processed data for BNBUSDT: $654.12
2025-06-30 14:26:39,834 - INFO - Processed data for BTCUSDT: $107849.82
2025-06-30 14:26:39,834 - INFO - Processed data for ETHUSDT: $2463.51
2025-06-30 14:26:41,740 - INFO - Processed data for BTCUSDT: $107849.82
2025-06-30 14:26:41,740 - INFO - Processed data for ETHUSDT: $2462.99
2025-06-30 14:26:41,832 - INFO - Processed data for BNBUSDT: $654.11
2025-06-30 14:26:43,746 - INFO - Processed data for BTCUSDT: $107849.82
2025-06-30 14:26:43,747 - INFO - Processed data for ETHUSDT: $2462.98
2025-06-30 14:26:43,832 - INFO - Processed data for BNBUSDT: $654.11
2025-06-30 14:26:45,826 - INFO - Processed data for BTCUSDT: $107849.82
2025-06-30 14:26:45,842 - INFO - Processed data for ETHUSDT: $2462.77
2025-06-30 14:26:47,777 - INFO - Processed data for BTCUSDT: $107849.82
2025-06-30 14:26:47,777 - INFO - Processed data for ETHUSDT: $2462.45
2025-06-30 14:26:47,843 - INFO - Processed data for BNBUSDT: $654.11
2025-06-30 14:26:49,743 - INFO - Processed data for BTCUSDT: $107849.82
2025-06-30 14:26:49,744 - INFO - Processed data for ETHUSDT: $2462.24
2025-06-30 14:26:49,836 - INFO - Processed data for BNBUSDT: $654.12
2025-06-30 14:26:51,746 - INFO - Processed data for BTCUSDT: $107849.82
2025-06-30 14:26:51,747 - INFO - Processed data for ETHUSDT: $2462.25
2025-06-30 14:26:51,833 - INFO - Processed data for BNBUSDT: $654.11
2025-06-30 14:26:53,757 - INFO - Processed data for BTCUSDT: $107849.81
2025-06-30 14:26:53,760 - INFO - Processed data for ETHUSDT: $2462.24
2025-06-30 14:26:55,747 - INFO - Processed data for BTCUSDT: $107849.82
2025-06-30 14:26:55,747 - INFO - Processed data for ETHUSDT: $2462.24
2025-06-30 14:26:55,837 - INFO - Processed data for BNBUSDT: $654.12
2025-06-30 14:26:57,792 - INFO - Processed data for BTCUSDT: $107849.82
2025-06-30 14:26:57,793 - INFO - Processed data for ETHUSDT: $2462.25
2025-06-30 14:26:57,838 - INFO - Processed data for BNBUSDT: $654.12
2025-06-30 14:26:59,752 - INFO - Processed data for BNBUSDT: $654.11
2025-06-30 14:26:59,752 - INFO - Processed data for BTCUSDT: $107849.81
2025-06-30 14:26:59,768 - INFO - Processed data for BTCUSDT: $107849.81
2025-06-30 14:26:59,769 - INFO - Processed data for ETHUSDT: $2462.45
2025-06-30 14:26:59,770 - INFO - Processed data for ETHUSDT: $2462.45
2025-06-30 14:26:59,871 - INFO - Processed data for BNBUSDT: $654.11
2025-06-30 14:27:01,744 - INFO - Processed data for BTCUSDT: $107849.81
2025-06-30 14:27:01,744 - INFO - Processed data for ETHUSDT: $2462.46
2025-06-30 14:27:01,822 - INFO - Processed data for BNBUSDT: $654.11
2025-06-30 14:27:03,749 - INFO - Processed data for BTCUSDT: $107849.82
2025-06-30 14:27:03,749 - INFO - Processed data for ETHUSDT: $2462.45
2025-06-30 14:27:03,832 - INFO - Processed data for BNBUSDT: $654.11
2025-06-30 14:27:05,807 - INFO - Processed data for BTCUSDT: $107849.80
2025-06-30 14:27:05,809 - INFO - Processed data for ETHUSDT: $2462.46
2025-06-30 14:27:05,842 - INFO - Processed data for BNBUSDT: $654.12
2025-06-30 14:27:07,758 - INFO - Processed data for BTCUSDT: $107849.80
2025-06-30 14:27:07,759 - INFO - Processed data for ETHUSDT: $2462.46
2025-06-30 14:27:09,807 - INFO - Processed data for BTCUSDT: $107849.81
2025-06-30 14:27:09,807 - INFO - Processed data for ETHUSDT: $2462.45
2025-06-30 14:27:11,838 - INFO - Processed data for BTCUSDT: $107846.98
2025-06-30 14:27:11,838 - INFO - Processed data for ETHUSDT: $2462.46
2025-06-30 14:27:11,854 - INFO - Processed data for BNBUSDT: $654.12
2025-06-30 14:27:13,787 - INFO - Processed data for BTCUSDT: $107846.98
2025-06-30 14:27:13,787 - INFO - Processed data for ETHUSDT: $2462.46
2025-06-30 14:27:13,852 - INFO - Processed data for BNBUSDT: $654.12
2025-06-30 14:27:15,749 - INFO - Processed data for BTCUSDT: $107846.98
2025-06-30 14:27:15,752 - INFO - Processed data for ETHUSDT: $2462.45
2025-06-30 14:27:15,830 - INFO - Processed data for BNBUSDT: $654.12
2025-06-30 14:27:17,789 - INFO - Processed data for BTCUSDT: $107846.99
2025-06-30 14:27:17,789 - INFO - Processed data for ETHUSDT: $2462.46
2025-06-30 14:27:19,836 - INFO - Processed data for BTCUSDT: $107846.99
2025-06-30 14:27:19,837 - INFO - Processed data for ETHUSDT: $2462.46
2025-06-30 14:27:19,840 - INFO - Processed data for BNBUSDT: $654.11
2025-06-30 14:27:21,769 - INFO - Processed data for BTCUSDT: $107846.99
2025-06-30 14:27:21,785 - INFO - Processed data for ETHUSDT: $2462.45
2025-06-30 14:27:21,850 - INFO - Processed data for BNBUSDT: $654.12
2025-06-30 14:27:23,744 - INFO - Processed data for BTCUSDT: $107846.98
2025-06-30 14:27:23,745 - INFO - Processed data for ETHUSDT: $2462.45
2025-06-30 14:27:23,863 - INFO - Processed data for BNBUSDT: $654.12
2025-06-30 14:27:25,987 - INFO - Inserted BTCUSDT data into database
2025-06-30 14:27:25,987 - INFO - Processed data for BTCUSDT: $107846.99
2025-06-30 14:27:26,194 - INFO - Inserted ETHUSDT data into database
2025-06-30 14:27:26,194 - INFO - Processed data for ETHUSDT: $2462.46
2025-06-30 14:27:26,194 - INFO - Processed data for BNBUSDT: $654.11
2025-06-30 14:27:27,825 - INFO - Processed data for BTCUSDT: $107846.98
2025-06-30 14:27:27,827 - INFO - Processed data for BNBUSDT: $654.11
2025-06-30 14:27:29,741 - INFO - Processed data for BTCUSDT: $107846.99
2025-06-30 14:27:29,774 - INFO - Processed data for ETHUSDT: $2462.45
2025-06-30 14:27:29,835 - INFO - Processed data for BNBUSDT: $654.11
2025-06-30 14:27:31,755 - INFO - Processed data for BTCUSDT: $107846.98
2025-06-30 14:27:31,756 - INFO - Processed data for ETHUSDT: $2462.46
2025-06-30 14:27:33,764 - INFO - Processed data for BTCUSDT: $107846.98
2025-06-30 14:27:33,766 - INFO - Processed data for ETHUSDT: $2462.46
2025-06-30 14:27:34,041 - INFO - Inserted BNBUSDT data into database
2025-06-30 14:27:34,051 - INFO - Processed data for BNBUSDT: $654.12
2025-06-30 14:27:35,737 - INFO - Processed data for BTCUSDT: $107846.98
2025-06-30 14:27:35,752 - INFO - Processed data for ETHUSDT: $2462.46
2025-06-30 14:27:35,836 - INFO - Processed data for BNBUSDT: $654.11
2025-06-30 14:27:37,756 - INFO - Processed data for BTCUSDT: $107846.99
2025-06-30 14:27:37,757 - INFO - Processed data for ETHUSDT: $2462.90
2025-06-30 14:27:37,848 - INFO - Processed data for BNBUSDT: $654.12
2025-06-30 14:27:39,795 - INFO - Processed data for BTCUSDT: $107846.98
2025-06-30 14:27:39,795 - INFO - Processed data for ETHUSDT: $2463.04
2025-06-30 14:27:39,827 - INFO - Processed data for BNBUSDT: $654.12
2025-06-30 14:27:41,736 - INFO - Processed data for BTCUSDT: $107854.41
2025-06-30 14:27:41,736 - INFO - Processed data for ETHUSDT: $2463.13
2025-06-30 14:27:43,799 - INFO - Processed data for BTCUSDT: $107854.40
2025-06-30 14:27:43,799 - INFO - Processed data for ETHUSDT: $2463.41
2025-06-30 14:27:43,832 - INFO - Processed data for BNBUSDT: $654.11
2025-06-30 14:27:45,764 - INFO - Processed data for BTCUSDT: $107854.41
2025-06-30 14:27:45,765 - INFO - Processed data for ETHUSDT: $2463.42
2025-06-30 14:27:45,901 - INFO - Processed data for BNBUSDT: $654.11
2025-06-30 14:27:47,785 - INFO - Processed data for BTCUSDT: $107854.40
2025-06-30 14:27:47,785 - INFO - Processed data for ETHUSDT: $2463.42
2025-06-30 14:27:47,850 - INFO - Processed data for BNBUSDT: $654.12
2025-06-30 14:27:50,814 - INFO - Processed data for BTCUSDT: $107854.40
2025-06-30 14:27:50,814 - INFO - Processed data for ETHUSDT: $2463.42
2025-06-30 14:27:51,743 - INFO - Processed data for BTCUSDT: $107854.40
2025-06-30 14:27:51,743 - INFO - Processed data for ETHUSDT: $2463.41
2025-06-30 14:27:51,843 - INFO - Processed data for BNBUSDT: $654.11
2025-06-30 14:27:53,826 - INFO - Processed data for BTCUSDT: $107854.41
2025-06-30 14:27:53,826 - INFO - Processed data for ETHUSDT: $2463.41
2025-06-30 14:27:55,746 - INFO - Processed data for BTCUSDT: $107854.41
2025-06-30 14:27:55,749 - INFO - Processed data for ETHUSDT: $2463.41
2025-06-30 14:27:57,828 - INFO - Processed data for BTCUSDT: $107854.40
2025-06-30 14:27:57,828 - INFO - Processed data for ETHUSDT: $2463.23
2025-06-30 14:27:57,846 - INFO - Processed data for BNBUSDT: $654.12
2025-06-30 14:27:59,768 - INFO - Processed data for BNBUSDT: $654.12
2025-06-30 14:27:59,768 - INFO - Processed data for BTCUSDT: $107854.40
2025-06-30 14:27:59,768 - INFO - Processed data for BTCUSDT: $107854.40
2025-06-30 14:27:59,768 - INFO - Processed data for ETHUSDT: $2463.40
2025-06-30 14:27:59,777 - INFO - Processed data for ETHUSDT: $2463.40
2025-06-30 14:27:59,836 - INFO - Processed data for BNBUSDT: $654.12
2025-06-30 14:28:01,741 - INFO - Processed data for BTCUSDT: $107854.41
2025-06-30 14:28:01,743 - INFO - Processed data for ETHUSDT: $2463.41
2025-06-30 14:28:01,844 - INFO - Processed data for BNBUSDT: $654.12
2025-06-30 14:28:03,743 - INFO - Processed data for BTCUSDT: $107854.41
2025-06-30 14:28:03,743 - INFO - Processed data for ETHUSDT: $2463.41
2025-06-30 14:28:03,834 - INFO - Processed data for BNBUSDT: $654.12
2025-06-30 14:28:05,739 - INFO - Processed data for BTCUSDT: $107854.41
2025-06-30 14:28:05,856 - INFO - Processed data for BNBUSDT: $654.12
2025-06-30 14:28:07,854 - INFO - Processed data for BTCUSDT: $107854.41
2025-06-30 14:28:07,854 - INFO - Processed data for ETHUSDT: $2463.40
2025-06-30 14:28:07,867 - INFO - Processed data for BNBUSDT: $654.12
2025-06-30 14:28:11,141 - INFO - Processed data for BTCUSDT: $107854.41
2025-06-30 14:28:11,144 - INFO - Processed data for ETHUSDT: $2463.41
2025-06-30 14:28:11,145 - INFO - Processed data for BNBUSDT: $654.12
2025-06-30 14:28:11,740 - INFO - Processed data for BTCUSDT: $107854.40
2025-06-30 14:28:11,740 - INFO - Processed data for ETHUSDT: $2463.41
2025-06-30 14:28:12,163 - INFO - Processed data for BNBUSDT: $654.12
2025-06-30 14:28:13,801 - INFO - Processed data for BTCUSDT: $107854.40
2025-06-30 14:28:13,802 - INFO - Processed data for ETHUSDT: $2463.55
2025-06-30 14:28:14,213 - INFO - Processed data for BNBUSDT: $654.12
2025-06-30 14:28:15,741 - INFO - Processed data for BTCUSDT: $107854.41
2025-06-30 14:28:15,745 - INFO - Processed data for ETHUSDT: $2463.71
2025-06-30 14:28:15,948 - INFO - Processed data for BNBUSDT: $654.12
2025-06-30 14:28:17,788 - INFO - Processed data for BTCUSDT: $107854.40
2025-06-30 14:28:17,788 - INFO - Processed data for ETHUSDT: $2463.97
2025-06-30 14:28:17,836 - INFO - Processed data for BNBUSDT: $654.12
2025-06-30 14:28:19,843 - INFO - Processed data for BTCUSDT: $107854.40
2025-06-30 14:28:19,843 - INFO - Processed data for ETHUSDT: $2464.19
2025-06-30 14:28:19,843 - INFO - Processed data for BNBUSDT: $654.12
2025-06-30 14:28:21,777 - INFO - Processed data for BTCUSDT: $107854.40
2025-06-30 14:28:21,777 - INFO - Processed data for ETHUSDT: $2464.19
2025-06-30 14:28:21,826 - INFO - Processed data for BNBUSDT: $654.12
2025-06-30 14:28:23,825 - INFO - Processed data for BTCUSDT: $107854.40
2025-06-30 14:28:23,840 - INFO - Processed data for ETHUSDT: $2463.99
2025-06-30 14:28:23,843 - INFO - Processed data for BNBUSDT: $654.11
2025-06-30 14:28:26,083 - INFO - Inserted BTCUSDT data into database
2025-06-30 14:28:26,083 - INFO - Processed data for BTCUSDT: $107854.41
2025-06-30 14:28:26,394 - INFO - Inserted ETHUSDT data into database
2025-06-30 14:28:26,394 - INFO - Processed data for ETHUSDT: $2463.98
2025-06-30 14:28:26,394 - INFO - Processed data for BNBUSDT: $654.12
2025-06-30 14:28:27,932 - INFO - Processed data for BTCUSDT: $107854.40
2025-06-30 14:28:27,932 - INFO - Processed data for ETHUSDT: $2463.98
2025-06-30 14:28:27,945 - INFO - Processed data for BNBUSDT: $654.12
2025-06-30 14:28:29,794 - INFO - Processed data for BTCUSDT: $107854.41
2025-06-30 14:28:29,810 - INFO - Processed data for ETHUSDT: $2463.98
2025-06-30 14:28:29,876 - INFO - Processed data for BNBUSDT: $654.12
2025-06-30 14:28:31,825 - INFO - Processed data for BTCUSDT: $107854.41
2025-06-30 14:28:31,825 - INFO - Processed data for ETHUSDT: $2463.99
2025-06-30 14:28:31,834 - INFO - Processed data for BNBUSDT: $654.12
2025-06-30 14:28:33,761 - INFO - Processed data for BTCUSDT: $107854.40
2025-06-30 14:28:33,761 - INFO - Processed data for ETHUSDT: $2463.98
2025-06-30 14:28:34,064 - INFO - Inserted BNBUSDT data into database
2025-06-30 14:28:34,064 - INFO - Processed data for BNBUSDT: $654.12
2025-06-30 14:28:35,741 - INFO - Processed data for BTCUSDT: $107854.40
2025-06-30 14:28:35,742 - INFO - Processed data for ETHUSDT: $2463.98
2025-06-30 14:28:35,837 - INFO - Processed data for BNBUSDT: $654.12
2025-06-30 14:28:37,763 - INFO - Processed data for BTCUSDT: $107854.41
2025-06-30 14:28:37,764 - INFO - Processed data for ETHUSDT: $2463.99
2025-06-30 14:28:37,842 - INFO - Processed data for BNBUSDT: $654.12
2025-06-30 14:28:39,807 - INFO - Processed data for BTCUSDT: $107854.40
2025-06-30 14:28:39,807 - INFO - Processed data for ETHUSDT: $2463.99
2025-06-30 14:28:39,857 - INFO - Processed data for BNBUSDT: $654.12
2025-06-30 14:28:41,754 - INFO - Processed data for BTCUSDT: $107854.41
2025-06-30 14:28:41,754 - INFO - Processed data for ETHUSDT: $2463.65
2025-06-30 14:28:43,806 - INFO - Processed data for BTCUSDT: $107854.40
2025-06-30 14:28:43,806 - INFO - Processed data for ETHUSDT: $2463.64
2025-06-30 14:28:43,839 - INFO - Processed data for BNBUSDT: $654.12
2025-06-30 14:28:45,849 - INFO - Processed data for BTCUSDT: $107854.41
2025-06-30 14:28:45,865 - INFO - Processed data for BNBUSDT: $654.12
2025-06-30 14:28:47,788 - INFO - Processed data for BTCUSDT: $107854.40
2025-06-30 14:28:47,788 - INFO - Processed data for ETHUSDT: $2463.65
2025-06-30 14:28:47,837 - INFO - Processed data for BNBUSDT: $654.12
2025-06-30 14:28:49,744 - INFO - Processed data for BTCUSDT: $107854.41
2025-06-30 14:28:49,745 - INFO - Processed data for ETHUSDT: $2463.75
2025-06-30 14:28:49,952 - INFO - Processed data for BNBUSDT: $654.12
2025-06-30 14:28:51,745 - INFO - Processed data for BTCUSDT: $107854.40
2025-06-30 14:28:51,745 - INFO - Processed data for ETHUSDT: $2463.75
2025-06-30 14:28:51,836 - INFO - Processed data for BNBUSDT: $654.12
2025-06-30 14:28:53,828 - INFO - Processed data for BTCUSDT: $107854.41
2025-06-30 14:28:53,828 - INFO - Processed data for ETHUSDT: $2463.75
2025-06-30 14:28:53,861 - INFO - Processed data for BNBUSDT: $654.11
2025-06-30 14:28:55,785 - INFO - Processed data for BTCUSDT: $107854.41
2025-06-30 14:28:55,785 - INFO - Processed data for ETHUSDT: $2463.76
2025-06-30 14:28:55,834 - INFO - Processed data for BNBUSDT: $654.12
2025-06-30 14:28:57,833 - INFO - Processed data for BTCUSDT: $107854.41
2025-06-30 14:28:57,833 - INFO - Processed data for ETHUSDT: $2463.76
2025-06-30 14:28:57,849 - INFO - Processed data for BNBUSDT: $654.12
2025-06-30 14:28:59,773 - INFO - Processed data for BNBUSDT: $654.12
2025-06-30 14:28:59,773 - INFO - Processed data for BTCUSDT: $107849.01
2025-06-30 14:28:59,773 - INFO - Processed data for BTCUSDT: $107849.01
2025-06-30 14:28:59,773 - INFO - Processed data for ETHUSDT: $2463.78
2025-06-30 14:28:59,773 - INFO - Processed data for ETHUSDT: $2463.78
2025-06-30 14:28:59,839 - INFO - Processed data for BNBUSDT: $654.12
2025-06-30 14:29:01,829 - INFO - Processed data for BTCUSDT: $107849.00
2025-06-30 14:29:01,829 - INFO - Processed data for ETHUSDT: $2464.28
2025-06-30 14:29:01,842 - INFO - Processed data for BNBUSDT: $654.11
2025-06-30 14:29:03,771 - INFO - Processed data for BTCUSDT: $107849.01
2025-06-30 14:29:03,771 - INFO - Processed data for ETHUSDT: $2464.29
2025-06-30 14:29:03,839 - INFO - Processed data for BNBUSDT: $654.12
2025-06-30 14:29:05,816 - INFO - Processed data for BTCUSDT: $107849.01
2025-06-30 14:29:05,816 - INFO - Processed data for ETHUSDT: $2464.20
2025-06-30 14:29:05,833 - INFO - Processed data for BNBUSDT: $654.12
2025-06-30 14:29:07,764 - INFO - Processed data for BTCUSDT: $107849.01
2025-06-30 14:29:07,764 - INFO - Processed data for ETHUSDT: $2464.20
2025-06-30 14:29:07,829 - INFO - Processed data for BNBUSDT: $654.12
2025-06-30 14:29:09,804 - INFO - Processed data for BTCUSDT: $107849.01
2025-06-30 14:29:09,804 - INFO - Processed data for ETHUSDT: $2463.95
2025-06-30 14:29:09,836 - INFO - Processed data for BNBUSDT: $654.12
2025-06-30 14:29:13,079 - INFO - Processed data for BTCUSDT: $107849.01
2025-06-30 14:29:13,079 - INFO - Processed data for ETHUSDT: $2463.96
2025-06-30 14:29:13,079 - INFO - Processed data for BNBUSDT: $654.12
2025-06-30 14:29:13,800 - INFO - Processed data for BTCUSDT: $107849.00
2025-06-30 14:29:13,800 - INFO - Processed data for ETHUSDT: $2463.95
2025-06-30 14:29:13,832 - INFO - Processed data for BNBUSDT: $654.12
2025-06-30 14:29:15,753 - INFO - Processed data for BTCUSDT: $107849.01
2025-06-30 14:29:15,754 - INFO - Processed data for ETHUSDT: $2463.95
2025-06-30 14:29:15,953 - INFO - Processed data for BNBUSDT: $654.12
2025-06-30 14:29:17,792 - INFO - Processed data for BTCUSDT: $107849.00
2025-06-30 14:29:17,792 - INFO - Processed data for ETHUSDT: $2463.96
2025-06-30 14:29:17,840 - INFO - Processed data for BNBUSDT: $654.12
2025-06-30 14:29:19,844 - INFO - Processed data for BTCUSDT: $107849.01
2025-06-30 14:29:19,844 - INFO - Processed data for ETHUSDT: $2464.19
2025-06-30 14:29:19,876 - INFO - Processed data for BNBUSDT: $654.11
2025-06-30 14:29:22,500 - INFO - Processed data for BTCUSDT: $107849.01
2025-06-30 14:29:22,516 - INFO - Processed data for ETHUSDT: $2464.19
2025-06-30 14:29:22,518 - INFO - Processed data for BNBUSDT: $654.12
2025-06-30 14:29:23,840 - INFO - Processed data for BTCUSDT: $107849.00
2025-06-30 14:29:23,847 - INFO - Processed data for ETHUSDT: $2464.19
2025-06-30 14:29:23,847 - INFO - Processed data for BNBUSDT: $654.12
2025-06-30 14:29:25,781 - INFO - Processed data for BTCUSDT: $107849.01
2025-06-30 14:29:25,796 - INFO - Processed data for ETHUSDT: $2464.20
2025-06-30 14:29:25,837 - INFO - Processed data for BNBUSDT: $654.11
2025-06-30 14:29:28,130 - INFO - Inserted BTCUSDT data into database
2025-06-30 14:29:28,130 - INFO - Processed data for BTCUSDT: $107849.00
2025-06-30 14:29:28,440 - INFO - Inserted ETHUSDT data into database
2025-06-30 14:29:28,440 - INFO - Processed data for ETHUSDT: $2464.20
2025-06-30 14:29:29,771 - INFO - Processed data for BTCUSDT: $107849.00
2025-06-30 14:29:29,771 - INFO - Processed data for ETHUSDT: $2464.20
2025-06-30 14:29:31,771 - INFO - Processed data for BTCUSDT: $107849.00
2025-06-30 14:29:31,771 - INFO - Processed data for ETHUSDT: $2464.20
2025-06-30 14:29:31,826 - INFO - Processed data for BNBUSDT: $654.11
2025-06-30 14:29:33,766 - INFO - Processed data for BTCUSDT: $107849.00
2025-06-30 14:29:33,766 - INFO - Processed data for ETHUSDT: $2463.95
2025-06-30 14:29:34,046 - INFO - Inserted BNBUSDT data into database
2025-06-30 14:29:34,046 - INFO - Processed data for BNBUSDT: $654.12
2025-06-30 14:29:35,741 - INFO - Processed data for BTCUSDT: $107849.01
2025-06-30 14:29:35,742 - INFO - Processed data for ETHUSDT: $2463.95
2025-06-30 14:29:35,832 - INFO - Processed data for BNBUSDT: $654.12
2025-06-30 14:29:37,782 - INFO - Processed data for BTCUSDT: $107849.00
2025-06-30 14:29:37,782 - INFO - Processed data for ETHUSDT: $2463.94
2025-06-30 14:29:37,863 - INFO - Processed data for BNBUSDT: $654.12
2025-06-30 14:29:39,821 - INFO - Processed data for BTCUSDT: $107849.01
2025-06-30 14:29:39,883 - INFO - Processed data for BNBUSDT: $654.12
2025-06-30 14:29:42,979 - INFO - Processed data for BTCUSDT: $107849.00
2025-06-30 14:29:42,979 - INFO - Processed data for ETHUSDT: $2463.86
2025-06-30 14:29:42,991 - INFO - Processed data for BNBUSDT: $654.12
2025-06-30 14:29:43,800 - INFO - Processed data for BTCUSDT: $107849.00
2025-06-30 14:29:43,832 - INFO - Processed data for BNBUSDT: $654.12
2025-06-30 14:29:45,767 - INFO - Processed data for BTCUSDT: $107849.00
2025-06-30 14:29:45,768 - INFO - Processed data for ETHUSDT: $2463.85
2025-06-30 14:29:45,834 - INFO - Processed data for BNBUSDT: $654.12
2025-06-30 14:29:47,795 - INFO - Processed data for BTCUSDT: $107849.01
2025-06-30 14:29:47,795 - INFO - Processed data for ETHUSDT: $2463.86
2025-06-30 14:29:49,751 - INFO - Processed data for BTCUSDT: $107849.01
2025-06-30 14:29:49,752 - INFO - Processed data for ETHUSDT: $2463.86
2025-06-30 14:29:49,840 - INFO - Processed data for BNBUSDT: $654.12
2025-06-30 14:29:51,759 - INFO - Processed data for BTCUSDT: $107849.01
2025-06-30 14:29:51,759 - INFO - Processed data for ETHUSDT: $2463.86
2025-06-30 14:29:51,843 - INFO - Processed data for BNBUSDT: $654.12
2025-06-30 14:29:53,795 - INFO - Processed data for BTCUSDT: $107849.01
2025-06-30 14:29:53,795 - INFO - Processed data for ETHUSDT: $2463.85
2025-06-30 14:29:55,778 - INFO - Processed data for BTCUSDT: $107849.01
2025-06-30 14:29:55,794 - INFO - Processed data for ETHUSDT: $2463.86
2025-06-30 14:29:55,827 - INFO - Processed data for BNBUSDT: $654.11
2025-06-30 14:29:57,829 - INFO - Processed data for BTCUSDT: $107849.00
2025-06-30 14:29:57,844 - INFO - Processed data for ETHUSDT: $2463.85
2025-06-30 14:29:57,844 - INFO - Processed data for BNBUSDT: $654.12
2025-06-30 14:29:59,776 - INFO - Processed data for BNBUSDT: $654.12
2025-06-30 14:29:59,776 - INFO - Processed data for BTCUSDT: $107849.01
2025-06-30 14:29:59,776 - INFO - Processed data for BTCUSDT: $107849.01
2025-06-30 14:29:59,776 - INFO - Processed data for ETHUSDT: $2463.85
2025-06-30 14:29:59,776 - INFO - Processed data for ETHUSDT: $2463.85
2025-06-30 14:29:59,842 - INFO - Processed data for BNBUSDT: $654.12
2025-06-30 14:30:01,741 - INFO - Processed data for BTCUSDT: $107849.01
2025-06-30 14:30:01,743 - INFO - Processed data for ETHUSDT: $2463.85
2025-06-30 14:30:01,842 - INFO - Processed data for BNBUSDT: $654.11
2025-06-30 14:30:03,748 - INFO - Processed data for BTCUSDT: $107849.00
2025-06-30 14:30:03,748 - INFO - Processed data for ETHUSDT: $2463.76
2025-06-30 14:30:03,826 - INFO - Processed data for BNBUSDT: $654.11
2025-06-30 14:30:05,746 - INFO - Processed data for BTCUSDT: $107849.01
2025-06-30 14:30:05,748 - INFO - Processed data for ETHUSDT: $2463.75
2025-06-30 14:30:05,845 - INFO - Processed data for BNBUSDT: $654.12
2025-06-30 14:30:07,773 - INFO - Processed data for BTCUSDT: $107849.01
2025-06-30 14:30:07,774 - INFO - Processed data for ETHUSDT: $2463.76
2025-06-30 14:30:07,831 - INFO - Processed data for BNBUSDT: $654.12
2025-06-30 14:30:09,816 - INFO - Processed data for BTCUSDT: $107849.00
2025-06-30 14:30:09,816 - INFO - Processed data for ETHUSDT: $2463.49
2025-06-30 14:30:09,833 - INFO - Processed data for BNBUSDT: $654.11
2025-06-30 14:30:11,762 - INFO - Processed data for BTCUSDT: $107849.00
2025-06-30 14:30:11,762 - INFO - Processed data for ETHUSDT: $2463.48
2025-06-30 14:30:11,827 - INFO - Processed data for BNBUSDT: $654.12
2025-06-30 14:30:13,740 - INFO - Processed data for BTCUSDT: $107849.00
2025-06-30 14:30:13,744 - INFO - Processed data for ETHUSDT: $2463.48
2025-06-30 14:30:13,910 - INFO - Processed data for BNBUSDT: $654.11
2025-06-30 14:30:15,762 - INFO - Processed data for BTCUSDT: $107849.01
2025-06-30 14:30:15,764 - INFO - Processed data for ETHUSDT: $2463.49
2025-06-30 14:30:15,829 - INFO - Processed data for BNBUSDT: $654.12
2025-06-30 14:30:17,809 - INFO - Processed data for BTCUSDT: $107849.01
2025-06-30 14:30:17,810 - INFO - Processed data for ETHUSDT: $2463.49
2025-06-30 14:30:19,754 - INFO - Processed data for BTCUSDT: $107849.00
2025-06-30 14:30:19,754 - INFO - Processed data for ETHUSDT: $2463.83
2025-06-30 14:30:19,833 - INFO - Processed data for BNBUSDT: $654.12
2025-06-30 14:30:21,801 - INFO - Processed data for BTCUSDT: $107856.30
2025-06-30 14:30:21,801 - INFO - Processed data for ETHUSDT: $2464.02
2025-06-30 14:30:21,833 - INFO - Processed data for BNBUSDT: $654.11
2025-06-30 14:30:23,857 - INFO - Processed data for BTCUSDT: $107856.30
2025-06-30 14:30:23,857 - INFO - Processed data for ETHUSDT: $2463.76
2025-06-30 14:30:23,857 - INFO - Processed data for BNBUSDT: $654.12
2025-06-30 14:30:25,782 - INFO - Processed data for BTCUSDT: $107856.31
2025-06-30 14:30:25,782 - INFO - Processed data for ETHUSDT: $2463.75
2025-06-30 14:30:25,831 - INFO - Processed data for BNBUSDT: $654.12
2025-06-30 14:30:28,240 - INFO - Inserted BTCUSDT data into database
2025-06-30 14:30:28,240 - INFO - Processed data for BTCUSDT: $107856.31
2025-06-30 14:30:28,654 - INFO - Inserted ETHUSDT data into database
2025-06-30 14:30:28,654 - INFO - Processed data for ETHUSDT: $2463.76
2025-06-30 14:30:28,654 - INFO - Processed data for BNBUSDT: $654.12
2025-06-30 14:30:29,743 - INFO - Processed data for BTCUSDT: $107856.30
2025-06-30 14:30:29,743 - INFO - Processed data for ETHUSDT: $2463.75
2025-06-30 14:30:29,837 - INFO - Processed data for BNBUSDT: $654.12
2025-06-30 14:30:31,834 - INFO - Processed data for BTCUSDT: $107856.30
2025-06-30 14:30:31,834 - INFO - Processed data for ETHUSDT: $2463.73
2025-06-30 14:30:31,842 - INFO - Processed data for BNBUSDT: $654.12
2025-06-30 14:30:33,777 - INFO - Processed data for BTCUSDT: $107856.30
2025-06-30 14:30:33,777 - INFO - Processed data for ETHUSDT: $2463.56
2025-06-30 14:30:34,103 - INFO - Inserted BNBUSDT data into database
2025-06-30 14:30:34,103 - INFO - Processed data for BNBUSDT: $654.11
2025-06-30 14:30:35,837 - INFO - Processed data for BTCUSDT: $107856.31
2025-06-30 14:30:35,839 - INFO - Processed data for ETHUSDT: $2463.51
2025-06-30 14:30:35,843 - INFO - Processed data for BNBUSDT: $654.11
2025-06-30 14:30:37,880 - INFO - Processed data for BTCUSDT: $107856.31
2025-06-30 14:30:37,880 - INFO - Processed data for ETHUSDT: $2463.51
2025-06-30 14:30:37,883 - INFO - Processed data for BNBUSDT: $654.11
2025-06-30 14:30:39,825 - INFO - Processed data for BTCUSDT: $107856.30
2025-06-30 14:30:39,825 - INFO - Processed data for ETHUSDT: $2463.51
2025-06-30 14:30:41,770 - INFO - Processed data for BTCUSDT: $107856.30
2025-06-30 14:30:41,771 - INFO - Processed data for ETHUSDT: $2463.39
2025-06-30 14:30:41,825 - INFO - Processed data for BNBUSDT: $654.11
2025-06-30 14:30:43,819 - INFO - Processed data for BTCUSDT: $107856.30
2025-06-30 14:30:43,822 - INFO - Processed data for ETHUSDT: $2463.40
2025-06-30 14:30:43,843 - INFO - Processed data for BNBUSDT: $654.12
2025-06-30 14:30:45,739 - INFO - Processed data for BTCUSDT: $107856.31
2025-06-30 14:30:45,742 - INFO - Processed data for ETHUSDT: $2463.39
2025-06-30 14:30:45,859 - INFO - Processed data for BNBUSDT: $654.12
2025-06-30 14:30:47,743 - INFO - Processed data for BTCUSDT: $107856.30
2025-06-30 14:30:47,743 - INFO - Processed data for ETHUSDT: $2463.40
2025-06-30 14:30:47,823 - INFO - Processed data for BNBUSDT: $654.12
2025-06-30 14:30:49,758 - INFO - Processed data for BTCUSDT: $107856.31
2025-06-30 14:30:49,759 - INFO - Processed data for ETHUSDT: $2463.40
2025-06-30 14:30:49,834 - INFO - Processed data for BNBUSDT: $654.11
2025-06-30 14:30:51,750 - INFO - Processed data for BTCUSDT: $107856.31
2025-06-30 14:30:51,753 - INFO - Processed data for ETHUSDT: $2463.40
2025-06-30 14:30:51,833 - INFO - Processed data for BNBUSDT: $654.11
2025-06-30 14:30:53,854 - INFO - Processed data for BTCUSDT: $107856.30
2025-06-30 14:30:53,856 - INFO - Processed data for ETHUSDT: $2463.42
2025-06-30 14:30:53,859 - INFO - Processed data for BNBUSDT: $654.11
2025-06-30 14:30:55,799 - INFO - Processed data for BTCUSDT: $107856.31
2025-06-30 14:30:55,799 - INFO - Processed data for ETHUSDT: $2463.41
2025-06-30 14:30:57,847 - INFO - Processed data for BTCUSDT: $107856.30
2025-06-30 14:30:57,847 - INFO - Processed data for ETHUSDT: $2463.41
2025-06-30 14:30:57,847 - INFO - Processed data for BNBUSDT: $654.11
2025-06-30 14:30:59,792 - INFO - Processed data for BNBUSDT: $654.11
2025-06-30 14:30:59,793 - INFO - Processed data for BTCUSDT: $107856.31
2025-06-30 14:30:59,794 - INFO - Processed data for BTCUSDT: $107856.31
2025-06-30 14:30:59,795 - INFO - Processed data for ETHUSDT: $2463.41
2025-06-30 14:30:59,795 - INFO - Processed data for ETHUSDT: $2463.41
2025-06-30 14:30:59,844 - INFO - Processed data for BNBUSDT: $654.11
2025-06-30 14:31:01,838 - INFO - Processed data for BTCUSDT: $107856.31
2025-06-30 14:31:01,838 - INFO - Processed data for ETHUSDT: $2463.41
2025-06-30 14:31:01,838 - INFO - Processed data for BNBUSDT: $654.11
2025-06-30 14:31:03,773 - INFO - Processed data for BTCUSDT: $107856.31
2025-06-30 14:31:03,773 - INFO - Processed data for ETHUSDT: $2463.42
2025-06-30 14:31:03,836 - INFO - Processed data for BNBUSDT: $654.12
2025-06-30 14:31:05,739 - INFO - Processed data for BTCUSDT: $107856.30
2025-06-30 14:31:05,741 - INFO - Processed data for ETHUSDT: $2463.00
2025-06-30 14:31:05,824 - INFO - Processed data for BNBUSDT: $654.11
2025-06-30 14:31:07,775 - INFO - Processed data for BTCUSDT: $107856.31
2025-06-30 14:31:07,775 - INFO - Processed data for ETHUSDT: $2462.73
2025-06-30 14:31:07,842 - INFO - Processed data for BNBUSDT: $654.11
2025-06-30 14:31:09,821 - INFO - Processed data for BTCUSDT: $107856.30
2025-06-30 14:31:09,821 - INFO - Processed data for ETHUSDT: $2462.73
2025-06-30 14:31:09,821 - INFO - Processed data for BNBUSDT: $654.10
2025-06-30 14:31:11,762 - INFO - Processed data for BTCUSDT: $107856.30
2025-06-30 14:31:11,762 - INFO - Processed data for ETHUSDT: $2462.74
2025-06-30 14:31:11,827 - INFO - Processed data for BNBUSDT: $654.10
2025-06-30 14:31:13,809 - INFO - Processed data for BTCUSDT: $107856.31
2025-06-30 14:31:13,825 - INFO - Processed data for ETHUSDT: $2462.74
2025-06-30 14:31:15,761 - INFO - Processed data for BTCUSDT: $107856.30
2025-06-30 14:31:15,761 - INFO - Processed data for ETHUSDT: $2462.73
2025-06-30 14:31:15,842 - INFO - Processed data for BNBUSDT: $654.11
2025-06-30 14:31:17,816 - INFO - Processed data for BTCUSDT: $107856.30
2025-06-30 14:31:17,816 - INFO - Processed data for ETHUSDT: $2462.73
2025-06-30 14:31:17,832 - INFO - Processed data for BNBUSDT: $654.11
2025-06-30 14:31:19,760 - INFO - Processed data for BTCUSDT: $107856.31
2025-06-30 14:31:19,762 - INFO - Processed data for ETHUSDT: $2462.55
2025-06-30 14:31:19,833 - INFO - Processed data for BNBUSDT: $654.10
2025-06-30 14:31:21,801 - INFO - Processed data for BTCUSDT: $107856.30
2025-06-30 14:31:21,801 - INFO - Processed data for ETHUSDT: $2462.55
2025-06-30 14:31:21,850 - INFO - Processed data for BNBUSDT: $654.10
2025-06-30 14:31:23,852 - INFO - Processed data for BTCUSDT: $107856.30
2025-06-30 14:31:23,852 - INFO - Processed data for ETHUSDT: $2462.56
2025-06-30 14:31:23,861 - INFO - Processed data for BNBUSDT: $654.11
2025-06-30 14:31:25,792 - INFO - Processed data for BTCUSDT: $107856.31
2025-06-30 14:31:25,792 - INFO - Processed data for ETHUSDT: $2462.56
2025-06-30 14:31:25,837 - INFO - Processed data for BNBUSDT: $654.11
2025-06-30 14:31:27,747 - INFO - Processed data for BTCUSDT: $107856.30
2025-06-30 14:31:27,748 - INFO - Processed data for ETHUSDT: $2462.56
2025-06-30 14:31:29,930 - INFO - Inserted BTCUSDT data into database
2025-06-30 14:31:29,930 - INFO - Processed data for BTCUSDT: $107856.31
2025-06-30 14:31:30,191 - INFO - Inserted ETHUSDT data into database
2025-06-30 14:31:30,191 - INFO - Processed data for ETHUSDT: $2462.56
2025-06-30 14:31:30,207 - INFO - Processed data for BNBUSDT: $654.11
2025-06-30 14:31:31,744 - INFO - Processed data for BTCUSDT: $107856.31
2025-06-30 14:31:31,745 - INFO - Processed data for ETHUSDT: $2462.56
2025-06-30 14:31:33,741 - INFO - Processed data for BTCUSDT: $107856.30
2025-06-30 14:31:33,741 - INFO - Processed data for ETHUSDT: $2462.56
2025-06-30 14:31:33,883 - INFO - Processed data for BNBUSDT: $654.10
2025-06-30 14:31:35,770 - INFO - Processed data for BTCUSDT: $107856.31
2025-06-30 14:31:35,771 - INFO - Processed data for ETHUSDT: $2462.56
2025-06-30 14:31:36,038 - INFO - Inserted BNBUSDT data into database
2025-06-30 14:31:36,038 - INFO - Processed data for BNBUSDT: $654.11
2025-06-30 14:31:37,741 - INFO - Processed data for BTCUSDT: $107856.31
2025-06-30 14:31:37,743 - INFO - Processed data for ETHUSDT: $2462.56
2025-06-30 14:31:39,831 - INFO - Processed data for BTCUSDT: $107856.31
2025-06-30 14:31:39,831 - INFO - Processed data for ETHUSDT: $2462.56
2025-06-30 14:31:39,836 - INFO - Processed data for BNBUSDT: $654.10
2025-06-30 14:31:41,771 - INFO - Processed data for BTCUSDT: $107856.31
2025-06-30 14:31:41,771 - INFO - Processed data for ETHUSDT: $2462.56
2025-06-30 14:31:43,818 - INFO - Processed data for BTCUSDT: $107856.31
2025-06-30 14:31:43,818 - INFO - Processed data for ETHUSDT: $2462.70
2025-06-30 14:31:43,818 - INFO - Processed data for BNBUSDT: $654.10
2025-06-30 14:31:45,772 - INFO - Processed data for BTCUSDT: $107856.31
2025-06-30 14:31:45,773 - INFO - Processed data for ETHUSDT: $2462.71
2025-06-30 14:31:45,833 - INFO - Processed data for BNBUSDT: $654.10
2025-06-30 14:31:47,750 - INFO - Processed data for BTCUSDT: $107856.31
2025-06-30 14:31:47,751 - INFO - Processed data for ETHUSDT: $2462.70
2025-06-30 14:31:47,816 - INFO - Processed data for BNBUSDT: $654.11
2025-06-30 14:31:49,755 - INFO - Processed data for BTCUSDT: $107856.31
2025-06-30 14:31:49,755 - INFO - Processed data for ETHUSDT: $2462.71
2025-06-30 14:31:49,836 - INFO - Processed data for BNBUSDT: $654.11
2025-06-30 14:31:51,746 - INFO - Processed data for BTCUSDT: $107856.31
2025-06-30 14:31:51,746 - INFO - Processed data for ETHUSDT: $2462.70
2025-06-30 14:31:53,862 - INFO - Processed data for BTCUSDT: $107856.30
2025-06-30 14:31:53,862 - INFO - Processed data for ETHUSDT: $2462.70
2025-06-30 14:31:55,806 - INFO - Processed data for BTCUSDT: $107856.30
2025-06-30 14:31:55,806 - INFO - Processed data for ETHUSDT: $2462.70
2025-06-30 14:31:57,849 - INFO - Processed data for BTCUSDT: $107856.30
2025-06-30 14:31:57,849 - INFO - Processed data for BNBUSDT: $654.10
2025-06-30 14:31:59,785 - INFO - Processed data for BNBUSDT: $654.10
2025-06-30 14:31:59,801 - INFO - Processed data for BTCUSDT: $107856.30
2025-06-30 14:31:59,801 - INFO - Processed data for BTCUSDT: $107856.30
2025-06-30 14:31:59,801 - INFO - Processed data for ETHUSDT: $2462.70
2025-06-30 14:31:59,801 - INFO - Processed data for ETHUSDT: $2462.70
2025-06-30 14:31:59,835 - INFO - Processed data for BNBUSDT: $654.11
2025-06-30 14:32:01,765 - INFO - Processed data for BTCUSDT: $107876.81
2025-06-30 14:32:01,766 - INFO - Processed data for ETHUSDT: $2463.01
2025-06-30 14:32:03,743 - INFO - Processed data for BTCUSDT: $107879.99
2025-06-30 14:32:03,748 - INFO - Processed data for ETHUSDT: $2463.20
2025-06-30 14:32:03,843 - INFO - Processed data for BNBUSDT: $654.10
2025-06-30 14:32:05,834 - INFO - Processed data for BTCUSDT: $107891.30
2025-06-30 14:32:05,834 - INFO - Processed data for ETHUSDT: $2463.36
2025-06-30 14:32:05,834 - INFO - Processed data for BNBUSDT: $654.11
2025-06-30 14:32:07,784 - INFO - Processed data for BTCUSDT: $107891.29
2025-06-30 14:32:07,784 - INFO - Processed data for ETHUSDT: $2463.35
2025-06-30 14:32:07,850 - INFO - Processed data for BNBUSDT: $654.11
2025-06-30 14:32:09,831 - INFO - Processed data for BTCUSDT: $107891.29
2025-06-30 14:32:09,831 - INFO - Processed data for ETHUSDT: $2463.36
2025-06-30 14:32:09,839 - INFO - Processed data for BNBUSDT: $654.10
2025-06-30 14:32:11,781 - INFO - Processed data for BTCUSDT: $107891.30
2025-06-30 14:32:11,784 - INFO - Processed data for ETHUSDT: $2463.37
2025-06-30 14:32:11,820 - INFO - Processed data for BNBUSDT: $654.11
2025-06-30 14:32:13,826 - INFO - Processed data for BTCUSDT: $107891.29
2025-06-30 14:32:13,861 - INFO - Processed data for BNBUSDT: $654.10
2025-06-30 14:32:15,770 - INFO - Processed data for BTCUSDT: $107891.30
2025-06-30 14:32:15,770 - INFO - Processed data for ETHUSDT: $2463.36
2025-06-30 14:32:17,812 - INFO - Processed data for BTCUSDT: $107891.30
2025-06-30 14:32:17,812 - INFO - Processed data for ETHUSDT: $2463.61
2025-06-30 14:32:19,767 - INFO - Processed data for BTCUSDT: $107899.88
2025-06-30 14:32:19,768 - INFO - Processed data for ETHUSDT: $2463.88
2025-06-30 14:32:19,843 - INFO - Processed data for BNBUSDT: $654.11
2025-06-30 14:32:21,816 - INFO - Processed data for BTCUSDT: $107899.88
2025-06-30 14:32:21,817 - INFO - Processed data for ETHUSDT: $2463.88
2025-06-30 14:32:21,850 - INFO - Processed data for BNBUSDT: $654.10
2025-06-30 14:32:23,859 - INFO - Processed data for BTCUSDT: $107899.88
2025-06-30 14:32:23,859 - INFO - Processed data for ETHUSDT: $2463.46
2025-06-30 14:32:23,859 - INFO - Processed data for BNBUSDT: $654.11
2025-06-30 14:32:25,807 - INFO - Processed data for BTCUSDT: $107899.87
2025-06-30 14:32:25,807 - INFO - Processed data for ETHUSDT: $2463.46
2025-06-30 14:32:25,840 - INFO - Processed data for BNBUSDT: $654.11
2025-06-30 14:32:27,853 - INFO - Processed data for BTCUSDT: $107899.88
2025-06-30 14:32:27,853 - INFO - Processed data for ETHUSDT: $2463.47
2025-06-30 14:32:27,862 - INFO - Processed data for BNBUSDT: $654.11
2025-06-30 14:32:29,963 - INFO - Inserted BTCUSDT data into database
2025-06-30 14:32:29,963 - INFO - Processed data for BTCUSDT: $107899.88
2025-06-30 14:32:30,210 - INFO - Inserted ETHUSDT data into database
2025-06-30 14:32:30,210 - INFO - Processed data for ETHUSDT: $2463.46
2025-06-30 14:32:30,210 - INFO - Processed data for BNBUSDT: $654.10
2025-06-30 14:32:31,747 - INFO - Processed data for BTCUSDT: $107899.88
2025-06-30 14:32:31,777 - INFO - Processed data for ETHUSDT: $2463.47
2025-06-30 14:32:31,843 - INFO - Processed data for BNBUSDT: $654.11
2025-06-30 14:32:33,789 - INFO - Processed data for BTCUSDT: $107899.88
2025-06-30 14:32:33,789 - INFO - Processed data for ETHUSDT: $2463.47
2025-06-30 14:32:33,839 - INFO - Processed data for BNBUSDT: $654.11
2025-06-30 14:32:35,750 - INFO - Processed data for BTCUSDT: $107899.87
2025-06-30 14:32:35,751 - INFO - Processed data for ETHUSDT: $2463.46
2025-06-30 14:32:35,824 - INFO - Processed data for BNBUSDT: $654.11
2025-06-30 14:32:37,758 - INFO - Processed data for BTCUSDT: $107899.87
2025-06-30 14:32:37,758 - INFO - Processed data for ETHUSDT: $2463.47
2025-06-30 14:32:38,034 - INFO - Inserted BNBUSDT data into database
2025-06-30 14:32:38,034 - INFO - Processed data for BNBUSDT: $654.10
2025-06-30 14:32:39,838 - INFO - Processed data for BTCUSDT: $107899.87
2025-06-30 14:32:39,839 - INFO - Processed data for ETHUSDT: $2463.91
2025-06-30 14:32:39,839 - INFO - Processed data for BNBUSDT: $654.10
2025-06-30 14:32:41,787 - INFO - Processed data for BTCUSDT: $107899.88
2025-06-30 14:32:41,793 - INFO - Processed data for ETHUSDT: $2463.91
2025-06-30 14:32:41,834 - INFO - Processed data for BNBUSDT: $654.09
2025-06-30 14:32:43,819 - INFO - Processed data for BTCUSDT: $107899.88
2025-06-30 14:32:43,820 - INFO - Processed data for ETHUSDT: $2463.92
2025-06-30 14:32:46,262 - INFO - Processed data for BTCUSDT: $107899.88
2025-06-30 14:32:46,263 - INFO - Processed data for ETHUSDT: $2463.91
2025-06-30 14:32:46,264 - INFO - Processed data for BNBUSDT: $654.10
2025-06-30 14:32:47,853 - INFO - Processed data for BTCUSDT: $107899.88
2025-06-30 14:32:47,855 - INFO - Processed data for ETHUSDT: $2463.92
2025-06-30 14:32:49,771 - INFO - Processed data for BTCUSDT: $107899.88
2025-06-30 14:32:49,773 - INFO - Processed data for ETHUSDT: $2463.92
2025-06-30 14:32:49,840 - INFO - Processed data for BNBUSDT: $654.10
2025-06-30 14:32:51,768 - INFO - Processed data for BTCUSDT: $107899.88
2025-06-30 14:32:51,770 - INFO - Processed data for ETHUSDT: $2463.91
2025-06-30 14:32:51,836 - INFO - Processed data for BNBUSDT: $654.10
2025-06-30 14:32:53,872 - INFO - Processed data for BTCUSDT: $107899.88
2025-06-30 14:32:53,873 - INFO - Processed data for ETHUSDT: $2463.92
2025-06-30 14:32:53,874 - INFO - Processed data for BNBUSDT: $654.10
2025-06-30 14:32:55,746 - INFO - Processed data for BTCUSDT: $107899.88
2025-06-30 14:32:55,747 - INFO - Processed data for ETHUSDT: $2463.92
2025-06-30 14:32:57,761 - INFO - Processed data for BTCUSDT: $107899.88
2025-06-30 14:32:57,763 - INFO - Processed data for ETHUSDT: $2463.91
2025-06-30 14:32:57,963 - INFO - Processed data for BNBUSDT: $654.10
2025-06-30 14:32:59,807 - INFO - Processed data for BNBUSDT: $654.09
2025-06-30 14:32:59,809 - INFO - Processed data for BTCUSDT: $107899.87
2025-06-30 14:32:59,811 - INFO - Processed data for BTCUSDT: $107899.87
2025-06-30 14:32:59,812 - INFO - Processed data for ETHUSDT: $2463.92
2025-06-30 14:32:59,814 - INFO - Processed data for ETHUSDT: $2463.92
2025-06-30 14:32:59,833 - INFO - Processed data for BNBUSDT: $654.09
2025-06-30 14:33:01,751 - INFO - Processed data for BTCUSDT: $107899.87
2025-06-30 14:33:01,752 - INFO - Processed data for ETHUSDT: $2463.64
2025-06-30 14:33:01,831 - INFO - Processed data for BNBUSDT: $654.09
2025-06-30 14:33:03,821 - INFO - Processed data for BTCUSDT: $107899.88
2025-06-30 14:33:03,824 - INFO - Processed data for ETHUSDT: $2463.64
2025-06-30 14:33:05,746 - INFO - Processed data for BTCUSDT: $107899.88
2025-06-30 14:33:05,746 - INFO - Processed data for ETHUSDT: $2463.94
2025-06-30 14:33:05,830 - INFO - Processed data for BNBUSDT: $654.09
2025-06-30 14:33:07,796 - INFO - Processed data for BTCUSDT: $107899.88
2025-06-30 14:33:07,797 - INFO - Processed data for ETHUSDT: $2463.96
2025-06-30 14:33:09,846 - INFO - Processed data for BTCUSDT: $107899.87
2025-06-30 14:33:09,847 - INFO - Processed data for ETHUSDT: $2463.97
2025-06-30 14:33:11,787 - INFO - Processed data for BTCUSDT: $107899.88
2025-06-30 14:33:11,789 - INFO - Processed data for ETHUSDT: $2463.97
2025-06-30 14:33:11,847 - INFO - Processed data for BNBUSDT: $654.09
2025-06-30 14:33:13,758 - INFO - Processed data for BTCUSDT: $107899.88
2025-06-30 14:33:13,759 - INFO - Processed data for ETHUSDT: $2463.98
2025-06-30 14:33:13,903 - INFO - Processed data for BNBUSDT: $654.09
2025-06-30 14:33:15,744 - INFO - Processed data for BTCUSDT: $107899.88
2025-06-30 14:33:15,746 - INFO - Processed data for ETHUSDT: $2463.98
2025-06-30 14:33:15,838 - INFO - Processed data for BNBUSDT: $654.08
2025-06-30 14:33:17,748 - INFO - Processed data for BTCUSDT: $107899.88
2025-06-30 14:33:17,749 - INFO - Processed data for ETHUSDT: $2463.81
2025-06-30 14:33:19,774 - INFO - Processed data for BTCUSDT: $107899.88
2025-06-30 14:33:19,776 - INFO - Processed data for ETHUSDT: $2463.82
2025-06-30 14:33:19,833 - INFO - Processed data for BNBUSDT: $654.09
2025-06-30 14:33:21,822 - INFO - Processed data for BTCUSDT: $107900.02
2025-06-30 14:33:21,824 - INFO - Processed data for ETHUSDT: $2464.02
2025-06-30 14:33:21,831 - INFO - Processed data for BNBUSDT: $654.09
2025-06-30 14:33:23,795 - INFO - Processed data for BTCUSDT: $107910.86
2025-06-30 14:33:23,797 - INFO - Processed data for ETHUSDT: $2464.33
2025-06-30 14:33:23,842 - INFO - Processed data for BNBUSDT: $654.08
2025-06-30 14:33:25,816 - INFO - Processed data for BTCUSDT: $107910.86
2025-06-30 14:33:25,817 - INFO - Processed data for ETHUSDT: $2464.32
2025-06-30 14:33:25,830 - INFO - Processed data for BNBUSDT: $654.08
2025-06-30 14:33:27,761 - INFO - Processed data for BTCUSDT: $107910.86
2025-06-30 14:33:27,763 - INFO - Processed data for ETHUSDT: $2464.32
2025-06-30 14:33:27,848 - INFO - Processed data for BNBUSDT: $654.09
2025-06-30 14:33:29,974 - INFO - Inserted BTCUSDT data into database
2025-06-30 14:33:29,974 - INFO - Processed data for BTCUSDT: $107922.75
2025-06-30 14:33:30,175 - INFO - Inserted ETHUSDT data into database
2025-06-30 14:33:30,175 - INFO - Processed data for ETHUSDT: $2464.43
2025-06-30 14:33:30,175 - INFO - Processed data for BNBUSDT: $654.09
2025-06-30 14:33:31,762 - INFO - Processed data for BTCUSDT: $107938.12
2025-06-30 14:33:31,764 - INFO - Processed data for ETHUSDT: $2464.62
2025-06-30 14:33:31,835 - INFO - Processed data for BNBUSDT: $654.10
2025-06-30 14:33:33,747 - INFO - Processed data for BTCUSDT: $107938.12
2025-06-30 14:33:33,749 - INFO - Processed data for ETHUSDT: $2464.65
2025-06-30 14:33:33,831 - INFO - Processed data for BNBUSDT: $654.18
2025-06-30 14:33:35,737 - INFO - Processed data for BTCUSDT: $107938.12
2025-06-30 14:33:35,742 - INFO - Processed data for ETHUSDT: $2464.89
2025-06-30 14:33:35,954 - INFO - Processed data for BNBUSDT: $654.17
2025-06-30 14:33:37,742 - INFO - Processed data for BTCUSDT: $107938.13
2025-06-30 14:33:37,743 - INFO - Processed data for ETHUSDT: $2464.76
2025-06-30 14:33:38,103 - INFO - Inserted BNBUSDT data into database
2025-06-30 14:33:38,103 - INFO - Processed data for BNBUSDT: $654.20
2025-06-30 14:33:39,848 - INFO - Processed data for BTCUSDT: $107938.12
2025-06-30 14:33:39,851 - INFO - Processed data for ETHUSDT: $2464.77
2025-06-30 14:33:39,852 - INFO - Processed data for BNBUSDT: $654.26
2025-06-30 14:33:41,754 - INFO - Processed data for BTCUSDT: $107938.13
2025-06-30 14:33:41,755 - INFO - Processed data for ETHUSDT: $2464.77
2025-06-30 14:33:43,779 - INFO - Processed data for BTCUSDT: $107938.12
2025-06-30 14:33:43,780 - INFO - Processed data for ETHUSDT: $2464.76
2025-06-30 14:33:43,872 - INFO - Processed data for BNBUSDT: $654.26
2025-06-30 14:33:45,772 - INFO - Processed data for BTCUSDT: $107938.12
2025-06-30 14:33:45,773 - INFO - Processed data for ETHUSDT: $2464.77
2025-06-30 14:33:45,840 - INFO - Processed data for BNBUSDT: $654.27
2025-06-30 14:33:47,779 - INFO - Processed data for BTCUSDT: $107938.13
2025-06-30 14:33:47,780 - INFO - Processed data for ETHUSDT: $2464.77
2025-06-30 14:33:47,875 - INFO - Processed data for BNBUSDT: $654.26
2025-06-30 14:33:49,742 - INFO - Processed data for BTCUSDT: $107938.13
2025-06-30 14:33:49,743 - INFO - Processed data for ETHUSDT: $2464.76
2025-06-30 14:33:49,846 - INFO - Processed data for BNBUSDT: $654.27
2025-06-30 14:33:51,769 - INFO - Processed data for ETHUSDT: $2464.77
2025-06-30 14:33:53,746 - INFO - Processed data for BTCUSDT: $107938.13
2025-06-30 14:33:55,749 - INFO - Processed data for BTCUSDT: $107938.13
2025-06-30 14:33:55,751 - INFO - Processed data for ETHUSDT: $2464.76
2025-06-30 14:33:57,759 - INFO - Processed data for BTCUSDT: $107938.12
2025-06-30 14:33:57,760 - INFO - Processed data for ETHUSDT: $2464.77
2025-06-30 14:33:57,841 - INFO - Processed data for BNBUSDT: $654.26
2025-06-30 14:33:59,811 - INFO - Processed data for BNBUSDT: $654.26
2025-06-30 14:33:59,812 - INFO - Processed data for BTCUSDT: $107938.13
2025-06-30 14:33:59,813 - INFO - Processed data for BTCUSDT: $107938.13
2025-06-30 14:33:59,815 - INFO - Processed data for ETHUSDT: $2464.78
2025-06-30 14:33:59,816 - INFO - Processed data for ETHUSDT: $2464.78
2025-06-30 14:33:59,838 - INFO - Processed data for BNBUSDT: $654.26
2025-06-30 14:34:01,965 - INFO - Processed data for BTCUSDT: $107938.13
2025-06-30 14:34:01,970 - INFO - Processed data for ETHUSDT: $2464.92
2025-06-30 14:34:01,971 - INFO - Processed data for BNBUSDT: $654.27
2025-06-30 14:34:03,910 - INFO - Processed data for BTCUSDT: $107938.12
2025-06-30 14:34:03,911 - INFO - Processed data for ETHUSDT: $2464.77
2025-06-30 14:34:03,911 - INFO - Processed data for BNBUSDT: $654.26
2025-06-30 14:34:05,793 - INFO - Processed data for BTCUSDT: $107938.13
2025-06-30 14:34:05,796 - INFO - Processed data for ETHUSDT: $2464.77
2025-06-30 14:34:05,852 - INFO - Processed data for BNBUSDT: $654.27
2025-06-30 14:34:07,739 - INFO - Processed data for BTCUSDT: $107938.12
2025-06-30 14:34:07,739 - INFO - Processed data for ETHUSDT: $2464.76
2025-06-30 14:34:07,830 - INFO - Processed data for BNBUSDT: $654.26
2025-06-30 14:34:09,847 - INFO - Processed data for BTCUSDT: $107938.12
2025-06-30 14:34:09,849 - INFO - Processed data for ETHUSDT: $2464.76
2025-06-30 14:34:09,872 - INFO - Processed data for BNBUSDT: $654.26
2025-06-30 14:34:11,799 - INFO - Processed data for BTCUSDT: $107938.13
2025-06-30 14:34:11,801 - INFO - Processed data for ETHUSDT: $2464.65
2025-06-30 14:34:11,871 - INFO - Processed data for BNBUSDT: $654.26
2025-06-30 14:34:13,764 - INFO - Processed data for BTCUSDT: $107938.12
2025-06-30 14:34:13,771 - INFO - Processed data for ETHUSDT: $2464.65
2025-06-30 14:34:15,739 - INFO - Processed data for BTCUSDT: $107938.12
2025-06-30 14:34:15,740 - INFO - Processed data for ETHUSDT: $2464.65
2025-06-30 14:34:15,849 - INFO - Processed data for BNBUSDT: $654.26
2025-06-30 14:34:17,783 - INFO - Processed data for BTCUSDT: $107938.13
2025-06-30 14:34:17,819 - INFO - Processed data for ETHUSDT: $2464.65
2025-06-30 14:34:17,852 - INFO - Processed data for BNBUSDT: $654.26
2025-06-30 14:34:19,738 - INFO - Processed data for BTCUSDT: $107938.13
2025-06-30 14:34:19,772 - INFO - Processed data for ETHUSDT: $2464.71
2025-06-30 14:34:21,831 - INFO - Processed data for BTCUSDT: $107938.12
2025-06-30 14:34:21,836 - INFO - Processed data for ETHUSDT: $2464.71
2025-06-30 14:34:21,837 - INFO - Processed data for BNBUSDT: $654.27
2025-06-30 14:34:23,775 - INFO - Processed data for BTCUSDT: $107938.12
2025-06-30 14:34:23,776 - INFO - Processed data for ETHUSDT: $2464.71
2025-06-30 14:34:23,835 - INFO - Processed data for BNBUSDT: $654.26
2025-06-30 14:34:25,767 - INFO - Processed data for BTCUSDT: $107938.13
2025-06-30 14:34:25,770 - INFO - Processed data for ETHUSDT: $2464.70
2025-06-30 14:34:25,872 - INFO - Processed data for BNBUSDT: $654.27
2025-06-30 14:34:27,769 - INFO - Processed data for BTCUSDT: $107938.12
2025-06-30 14:34:27,771 - INFO - Processed data for ETHUSDT: $2464.70
2025-06-30 14:34:27,860 - INFO - Processed data for BNBUSDT: $654.27
2025-06-30 14:34:29,763 - INFO - Processed data for BTCUSDT: $107938.12
2025-06-30 14:34:29,766 - INFO - Processed data for ETHUSDT: $2464.70
2025-06-30 14:34:29,844 - INFO - Processed data for BNBUSDT: $654.27
2025-06-30 14:34:31,969 - INFO - Inserted BTCUSDT data into database
2025-06-30 14:34:31,969 - INFO - Processed data for BTCUSDT: $107938.13
2025-06-30 14:34:32,171 - INFO - Inserted ETHUSDT data into database
2025-06-30 14:34:32,171 - INFO - Processed data for ETHUSDT: $2464.70
2025-06-30 14:34:32,172 - INFO - Processed data for BNBUSDT: $654.27
2025-06-30 14:34:33,815 - INFO - Processed data for BTCUSDT: $107938.13
2025-06-30 14:34:33,823 - INFO - Processed data for ETHUSDT: $2464.70
2025-06-30 14:34:33,852 - INFO - Processed data for BNBUSDT: $654.27
2025-06-30 14:34:35,759 - INFO - Processed data for BTCUSDT: $107938.13
2025-06-30 14:34:35,762 - INFO - Processed data for ETHUSDT: $2464.71
2025-06-30 14:34:37,810 - INFO - Processed data for BTCUSDT: $107938.12
2025-06-30 14:34:37,819 - INFO - Processed data for ETHUSDT: $2464.70
2025-06-30 14:34:38,114 - INFO - Inserted BNBUSDT data into database
2025-06-30 14:34:38,115 - INFO - Processed data for BNBUSDT: $654.27
2025-06-30 14:34:39,759 - INFO - Processed data for BTCUSDT: $107938.13
2025-06-30 14:34:39,761 - INFO - Processed data for ETHUSDT: $2464.70
2025-06-30 14:34:39,850 - INFO - Processed data for BNBUSDT: $654.26
2025-06-30 14:34:41,797 - INFO - Processed data for BTCUSDT: $107938.13
2025-06-30 14:34:41,799 - INFO - Processed data for ETHUSDT: $2464.71
2025-06-30 14:34:41,847 - INFO - Processed data for BNBUSDT: $654.27
2025-06-30 14:34:43,783 - INFO - Processed data for BTCUSDT: $107938.12
2025-06-30 14:34:43,789 - INFO - Processed data for ETHUSDT: $2464.71
2025-06-30 14:34:43,847 - INFO - Processed data for BNBUSDT: $654.26
2025-06-30 14:34:45,793 - INFO - Processed data for BTCUSDT: $107938.12
2025-06-30 14:34:45,795 - INFO - Processed data for ETHUSDT: $2464.70
2025-06-30 14:34:45,855 - INFO - Processed data for BNBUSDT: $654.27
2025-06-30 14:34:47,759 - INFO - Processed data for BTCUSDT: $107938.12
2025-06-30 14:34:47,765 - INFO - Processed data for ETHUSDT: $2464.71
2025-06-30 14:34:47,873 - INFO - Processed data for BNBUSDT: $654.26
2025-06-30 14:34:49,740 - INFO - Processed data for BTCUSDT: $107938.12
2025-06-30 14:34:49,749 - INFO - Processed data for ETHUSDT: $2464.70
2025-06-30 14:34:49,842 - INFO - Processed data for BNBUSDT: $654.27
2025-06-30 14:34:51,756 - INFO - Processed data for BTCUSDT: $107938.13
2025-06-30 14:34:51,836 - INFO - Processed data for BNBUSDT: $654.26
2025-06-30 14:34:53,758 - INFO - Processed data for BTCUSDT: $107938.12
2025-06-30 14:34:53,760 - INFO - Processed data for ETHUSDT: $2464.71
2025-06-30 14:34:53,841 - INFO - Processed data for BNBUSDT: $654.27
2025-06-30 14:34:55,771 - INFO - Processed data for BTCUSDT: $107938.12
2025-06-30 14:34:55,772 - INFO - Processed data for ETHUSDT: $2464.71
2025-06-30 14:34:55,837 - INFO - Processed data for BNBUSDT: $654.27
2025-06-30 14:34:57,746 - INFO - Processed data for BTCUSDT: $107938.13
2025-06-30 14:34:57,746 - INFO - Processed data for ETHUSDT: $2464.71
2025-06-30 14:34:57,831 - INFO - Processed data for BNBUSDT: $654.26
2025-06-30 14:34:59,741 - INFO - Processed data for BNBUSDT: $654.26
2025-06-30 14:34:59,750 - INFO - Processed data for BTCUSDT: $107938.12
2025-06-30 14:34:59,750 - INFO - Processed data for BTCUSDT: $107938.12
2025-06-30 14:34:59,750 - INFO - Processed data for ETHUSDT: $2464.70
2025-06-30 14:34:59,750 - INFO - Processed data for ETHUSDT: $2464.70
2025-06-30 14:34:59,853 - INFO - Processed data for BNBUSDT: $654.26
2025-06-30 14:35:01,763 - INFO - Processed data for BTCUSDT: $107938.12
2025-06-30 14:35:01,765 - INFO - Processed data for ETHUSDT: $2464.70
2025-06-30 14:35:01,832 - INFO - Processed data for BNBUSDT: $654.26
2025-06-30 14:35:03,758 - INFO - Processed data for BTCUSDT: $107938.12
2025-06-30 14:35:03,759 - INFO - Processed data for ETHUSDT: $2464.69
2025-06-30 14:35:03,839 - INFO - Processed data for BNBUSDT: $654.26
2025-06-30 14:35:05,752 - INFO - Processed data for BTCUSDT: $107938.12
2025-06-30 14:35:05,756 - INFO - Processed data for ETHUSDT: $2464.62
2025-06-30 14:35:05,836 - INFO - Processed data for BNBUSDT: $654.27
2025-06-30 14:35:07,740 - INFO - Processed data for BTCUSDT: $107938.13
2025-06-30 14:35:07,741 - INFO - Processed data for ETHUSDT: $2464.62
2025-06-30 14:35:07,837 - INFO - Processed data for BNBUSDT: $654.27
2025-06-30 14:35:09,744 - INFO - Processed data for BTCUSDT: $107938.13
2025-06-30 14:35:09,744 - INFO - Processed data for ETHUSDT: $2464.61
2025-06-30 14:35:11,782 - INFO - Processed data for BTCUSDT: $107938.12
2025-06-30 14:35:11,783 - INFO - Processed data for ETHUSDT: $2464.62
2025-06-30 14:35:11,836 - INFO - Processed data for BNBUSDT: $654.27
2025-06-30 14:35:13,750 - INFO - Processed data for BTCUSDT: $107926.96
2025-06-30 14:35:13,750 - INFO - Processed data for ETHUSDT: $2464.20
2025-06-30 14:35:15,751 - INFO - Processed data for BTCUSDT: $107926.97
2025-06-30 14:35:15,751 - INFO - Processed data for ETHUSDT: $2464.09
2025-06-30 14:35:17,765 - INFO - Processed data for BTCUSDT: $107926.97
2025-06-30 14:35:17,894 - INFO - Processed data for BNBUSDT: $654.27
2025-06-30 14:35:19,746 - INFO - Processed data for BTCUSDT: $107926.97
2025-06-30 14:35:19,750 - INFO - Processed data for ETHUSDT: $2464.68
2025-06-30 14:35:19,833 - INFO - Processed data for BNBUSDT: $654.27
2025-06-30 14:35:21,737 - INFO - Processed data for BTCUSDT: $107926.97
2025-06-30 14:35:21,738 - INFO - Processed data for ETHUSDT: $2464.58
2025-06-30 14:35:21,832 - INFO - Processed data for BNBUSDT: $654.27
2025-06-30 14:35:24,194 - INFO - Processed data for BTCUSDT: $107926.97
2025-06-30 14:35:24,198 - INFO - Processed data for ETHUSDT: $2464.37
2025-06-30 14:35:25,752 - INFO - Processed data for BTCUSDT: $107926.96
2025-06-30 14:35:25,865 - INFO - Processed data for BNBUSDT: $654.26
2025-06-30 14:35:27,776 - INFO - Processed data for BTCUSDT: $107926.96
2025-06-30 14:35:27,777 - INFO - Processed data for ETHUSDT: $2464.36
2025-06-30 14:35:27,833 - INFO - Processed data for BNBUSDT: $654.27
2025-06-30 14:35:29,823 - INFO - Processed data for BTCUSDT: $107926.97
2025-06-30 14:35:29,824 - INFO - Processed data for ETHUSDT: $2464.37
2025-06-30 14:35:29,833 - INFO - Processed data for BNBUSDT: $654.27
2025-06-30 14:35:31,749 - INFO - Processed data for BTCUSDT: $107926.97
2025-06-30 14:35:31,751 - INFO - Processed data for ETHUSDT: $2464.50
2025-06-30 14:35:31,869 - INFO - Processed data for BNBUSDT: $654.26
2025-06-30 14:35:34,020 - INFO - Inserted BTCUSDT data into database
2025-06-30 14:35:34,020 - INFO - Processed data for BTCUSDT: $107926.96
2025-06-30 14:35:34,328 - INFO - Inserted ETHUSDT data into database
2025-06-30 14:35:34,329 - INFO - Processed data for ETHUSDT: $2464.62
2025-06-30 14:35:34,331 - INFO - Processed data for BNBUSDT: $654.27
2025-06-30 14:35:35,763 - INFO - Processed data for BTCUSDT: $107926.96
2025-06-30 14:35:35,765 - INFO - Processed data for ETHUSDT: $2464.65
2025-06-30 14:35:35,831 - INFO - Processed data for BNBUSDT: $654.26
2025-06-30 14:35:37,740 - INFO - Processed data for BTCUSDT: $107926.96
2025-06-30 14:35:37,742 - INFO - Processed data for ETHUSDT: $2464.66
2025-06-30 14:35:37,840 - INFO - Processed data for BNBUSDT: $654.26
2025-06-30 14:35:39,757 - INFO - Processed data for BTCUSDT: $107926.96
2025-06-30 14:35:40,064 - INFO - Inserted BNBUSDT data into database
2025-06-30 14:35:40,064 - INFO - Processed data for BNBUSDT: $654.26
2025-06-30 14:35:41,804 - INFO - Processed data for BTCUSDT: $107926.97
2025-06-30 14:35:41,806 - INFO - Processed data for ETHUSDT: $2464.65
2025-06-30 14:35:41,835 - INFO - Processed data for BNBUSDT: $654.27
2025-06-30 14:35:43,788 - INFO - Processed data for BTCUSDT: $107926.97
2025-06-30 14:35:43,789 - INFO - Processed data for ETHUSDT: $2464.66
2025-06-30 14:35:43,830 - INFO - Processed data for BNBUSDT: $654.26
2025-06-30 14:35:45,749 - INFO - Processed data for BTCUSDT: $107926.96
2025-06-30 14:35:45,751 - INFO - Processed data for ETHUSDT: $2464.65
2025-06-30 14:35:45,840 - INFO - Processed data for BNBUSDT: $654.26
2025-06-30 14:35:47,847 - INFO - Processed data for BTCUSDT: $107926.97
2025-06-30 14:35:47,850 - INFO - Processed data for ETHUSDT: $2464.65
2025-06-30 14:35:47,887 - INFO - Processed data for BNBUSDT: $654.27
2025-06-30 14:35:49,749 - INFO - Processed data for BTCUSDT: $107926.96
2025-06-30 14:35:49,751 - INFO - Processed data for ETHUSDT: $2464.74
2025-06-30 14:35:49,859 - INFO - Processed data for BNBUSDT: $654.27
2025-06-30 14:35:51,770 - INFO - Processed data for BTCUSDT: $107926.96
2025-06-30 14:35:51,833 - INFO - Processed data for BNBUSDT: $654.27
2025-06-30 14:35:53,888 - INFO - Processed data for BTCUSDT: $107926.97
2025-06-30 14:35:53,889 - INFO - Processed data for ETHUSDT: $2464.75
2025-06-30 14:35:53,890 - INFO - Processed data for BNBUSDT: $654.27
2025-06-30 14:35:55,833 - INFO - Processed data for BTCUSDT: $107926.96
2025-06-30 14:35:55,834 - INFO - Processed data for ETHUSDT: $2464.77
2025-06-30 14:35:55,835 - INFO - Processed data for BNBUSDT: $654.26
2025-06-30 14:35:59,096 - INFO - Processed data for BTCUSDT: $107926.96
2025-06-30 14:35:59,097 - INFO - Processed data for BNBUSDT: $654.27
2025-06-30 14:35:59,786 - INFO - Processed data for BNBUSDT: $654.27
2025-06-30 14:35:59,793 - INFO - Processed data for BTCUSDT: $107926.97
2025-06-30 14:35:59,794 - INFO - Processed data for BTCUSDT: $107926.97
2025-06-30 14:36:00,237 - INFO - Processed data for ETHUSDT: $2465.07
2025-06-30 14:36:00,239 - INFO - Processed data for ETHUSDT: $2465.07
2025-06-30 14:36:00,240 - INFO - Processed data for BNBUSDT: $654.27
2025-06-30 14:36:01,738 - INFO - Processed data for BTCUSDT: $107926.96
2025-06-30 14:36:01,739 - INFO - Processed data for ETHUSDT: $2465.06
2025-06-30 14:36:01,848 - INFO - Processed data for BNBUSDT: $654.27
2025-06-30 14:36:03,811 - INFO - Processed data for BTCUSDT: $107926.97
2025-06-30 14:36:03,812 - INFO - Processed data for ETHUSDT: $2465.61
2025-06-30 14:36:03,837 - INFO - Processed data for BNBUSDT: $654.27
2025-06-30 14:36:05,740 - INFO - Processed data for BTCUSDT: $107926.97
2025-06-30 14:36:05,740 - INFO - Processed data for ETHUSDT: $2465.68
2025-06-30 14:36:05,835 - INFO - Processed data for BNBUSDT: $654.27
2025-06-30 14:36:07,739 - INFO - Processed data for BTCUSDT: $107938.13
2025-06-30 14:36:07,741 - INFO - Processed data for ETHUSDT: $2465.95
2025-06-30 14:36:07,831 - INFO - Processed data for BNBUSDT: $654.27
2025-06-30 14:36:09,763 - INFO - Processed data for BTCUSDT: $107941.73
2025-06-30 14:36:09,763 - INFO - Processed data for ETHUSDT: $2465.94
2025-06-30 14:36:09,833 - INFO - Processed data for BNBUSDT: $654.27
2025-06-30 14:36:11,916 - INFO - Processed data for BTCUSDT: $107941.73
2025-06-30 14:36:11,917 - INFO - Processed data for ETHUSDT: $2465.95
2025-06-30 14:36:11,917 - INFO - Processed data for BNBUSDT: $654.27
2025-06-30 14:36:13,747 - INFO - Processed data for BTCUSDT: $107942.01
2025-06-30 14:36:13,748 - INFO - Processed data for ETHUSDT: $2465.94
2025-06-30 14:36:13,830 - INFO - Processed data for BNBUSDT: $654.27
2025-06-30 14:36:15,739 - INFO - Processed data for BTCUSDT: $107942.01
2025-06-30 14:36:15,740 - INFO - Processed data for ETHUSDT: $2465.80
2025-06-30 14:36:17,747 - INFO - Processed data for BTCUSDT: $107944.04
2025-06-30 14:36:17,748 - INFO - Processed data for ETHUSDT: $2465.68
2025-06-30 14:36:17,831 - INFO - Processed data for BNBUSDT: $654.26
2025-06-30 14:36:19,782 - INFO - Processed data for BTCUSDT: $107947.95
2025-06-30 14:36:19,784 - INFO - Processed data for ETHUSDT: $2465.85
2025-06-30 14:36:19,832 - INFO - Processed data for BNBUSDT: $654.27
2025-06-30 14:36:21,823 - INFO - Processed data for BTCUSDT: $107947.94
2025-06-30 14:36:21,825 - INFO - Processed data for ETHUSDT: $2465.95
2025-06-30 14:36:21,841 - INFO - Processed data for BNBUSDT: $654.27
2025-06-30 14:36:23,788 - INFO - Processed data for BTCUSDT: $107947.95
2025-06-30 14:36:23,789 - INFO - Processed data for ETHUSDT: $2466.13
2025-06-30 14:36:23,837 - INFO - Processed data for BNBUSDT: $654.27
2025-06-30 14:36:25,836 - INFO - Processed data for BTCUSDT: $107947.95
2025-06-30 14:36:25,837 - INFO - Processed data for ETHUSDT: $2465.99
2025-06-30 14:36:27,763 - INFO - Processed data for BTCUSDT: $107947.94
2025-06-30 14:36:27,765 - INFO - Processed data for ETHUSDT: $2465.83
2025-06-30 14:36:29,744 - INFO - Processed data for BTCUSDT: $107947.95
2025-06-30 14:36:29,746 - INFO - Processed data for ETHUSDT: $2465.83
2025-06-30 14:36:29,840 - INFO - Processed data for BNBUSDT: $654.26
2025-06-30 14:36:31,775 - INFO - Processed data for BTCUSDT: $107947.94
2025-06-30 14:36:31,776 - INFO - Processed data for ETHUSDT: $2465.84
2025-06-30 14:36:31,836 - INFO - Processed data for BNBUSDT: $654.27
2025-06-30 14:36:33,758 - INFO - Processed data for BTCUSDT: $107947.95
2025-06-30 14:36:33,759 - INFO - Processed data for ETHUSDT: $2465.62
2025-06-30 14:36:33,830 - INFO - Processed data for BNBUSDT: $654.26
2025-06-30 14:36:35,947 - INFO - Inserted BTCUSDT data into database
2025-06-30 14:36:35,947 - INFO - Processed data for BTCUSDT: $107947.95
2025-06-30 14:36:36,177 - INFO - Inserted ETHUSDT data into database
2025-06-30 14:36:36,180 - INFO - Processed data for ETHUSDT: $2465.63
2025-06-30 14:36:36,183 - INFO - Processed data for BNBUSDT: $654.27
2025-06-30 14:36:37,747 - INFO - Processed data for BTCUSDT: $107947.95
2025-06-30 14:36:37,749 - INFO - Processed data for ETHUSDT: $2465.58
2025-06-30 14:36:39,737 - INFO - Processed data for BTCUSDT: $107947.95
2025-06-30 14:36:39,742 - INFO - Processed data for ETHUSDT: $2465.43
2025-06-30 14:36:41,810 - INFO - Processed data for BTCUSDT: $107947.94
2025-06-30 14:36:41,813 - INFO - Processed data for ETHUSDT: $2465.43
2025-06-30 14:36:42,121 - INFO - Inserted BNBUSDT data into database
2025-06-30 14:36:42,122 - INFO - Processed data for BNBUSDT: $654.27
2025-06-30 14:36:43,766 - INFO - Processed data for BTCUSDT: $107947.95
2025-06-30 14:36:43,767 - INFO - Processed data for ETHUSDT: $2465.05
2025-06-30 14:36:43,833 - INFO - Processed data for BNBUSDT: $654.26
2025-06-30 14:36:45,807 - INFO - Processed data for BTCUSDT: $107947.95
2025-06-30 14:36:45,808 - INFO - Processed data for ETHUSDT: $2464.87
2025-06-30 14:36:45,831 - INFO - Processed data for BNBUSDT: $654.25
2025-06-30 14:36:47,747 - INFO - Processed data for BTCUSDT: $107947.95
2025-06-30 14:36:47,747 - INFO - Processed data for ETHUSDT: $2464.87
2025-06-30 14:36:47,843 - INFO - Processed data for BNBUSDT: $654.26
2025-06-30 14:36:49,797 - INFO - Processed data for BTCUSDT: $107947.94
2025-06-30 14:36:49,802 - INFO - Processed data for ETHUSDT: $2464.86
2025-06-30 14:36:49,834 - INFO - Processed data for BNBUSDT: $654.26
2025-06-30 14:36:51,747 - INFO - Processed data for BTCUSDT: $107947.94
2025-06-30 14:36:51,749 - INFO - Processed data for ETHUSDT: $2464.86
2025-06-30 14:36:51,831 - INFO - Processed data for BNBUSDT: $654.25
2025-06-30 14:36:53,793 - INFO - Processed data for BTCUSDT: $107947.95
2025-06-30 14:36:53,795 - INFO - Processed data for ETHUSDT: $2464.87
2025-06-30 14:36:53,834 - INFO - Processed data for BNBUSDT: $654.25
2025-06-30 14:36:55,841 - INFO - Processed data for BTCUSDT: $107947.95
2025-06-30 14:36:55,843 - INFO - Processed data for ETHUSDT: $2464.86
2025-06-30 14:36:57,785 - INFO - Processed data for BTCUSDT: $107947.95
2025-06-30 14:36:57,786 - INFO - Processed data for ETHUSDT: $2464.87
2025-06-30 14:36:57,838 - INFO - Processed data for BNBUSDT: $654.25
2025-06-30 14:36:59,832 - INFO - Processed data for BNBUSDT: $654.25
2025-06-30 14:36:59,834 - INFO - Processed data for BTCUSDT: $107947.95
2025-06-30 14:36:59,835 - INFO - Processed data for BTCUSDT: $107947.95
2025-06-30 14:36:59,838 - INFO - Processed data for ETHUSDT: $2464.86
2025-06-30 14:36:59,839 - INFO - Processed data for ETHUSDT: $2464.86
2025-06-30 14:36:59,841 - INFO - Processed data for BNBUSDT: $654.26
2025-06-30 14:37:01,781 - INFO - Processed data for BTCUSDT: $107947.94
2025-06-30 14:37:01,781 - INFO - Processed data for ETHUSDT: $2464.87
2025-06-30 14:37:01,828 - INFO - Processed data for BNBUSDT: $654.26
2025-06-30 14:37:03,826 - INFO - Processed data for BTCUSDT: $107947.94
2025-06-30 14:37:03,828 - INFO - Processed data for ETHUSDT: $2464.86
2025-06-30 14:37:03,830 - INFO - Processed data for BNBUSDT: $654.26
2025-06-30 14:37:05,776 - INFO - Processed data for BTCUSDT: $107947.94
2025-06-30 14:37:05,779 - INFO - Processed data for ETHUSDT: $2464.97
2025-06-30 14:37:05,859 - INFO - Processed data for BNBUSDT: $654.25
2025-06-30 14:37:07,821 - INFO - Processed data for BTCUSDT: $107947.94
2025-06-30 14:37:07,823 - INFO - Processed data for ETHUSDT: $2464.98
2025-06-30 14:37:09,742 - INFO - Processed data for BTCUSDT: $107948.71
2025-06-30 14:37:09,743 - INFO - Processed data for ETHUSDT: $2464.98
2025-06-30 14:37:11,813 - INFO - Processed data for BTCUSDT: $107948.74
2025-06-30 14:37:11,814 - INFO - Processed data for ETHUSDT: $2465.16
2025-06-30 14:37:11,831 - INFO - Processed data for BNBUSDT: $654.26
2025-06-30 14:37:13,762 - INFO - Processed data for BTCUSDT: $107948.74
2025-06-30 14:37:13,763 - INFO - Processed data for ETHUSDT: $2465.37
2025-06-30 14:37:13,834 - INFO - Processed data for BNBUSDT: $654.25
2025-06-30 14:37:15,736 - INFO - Processed data for BTCUSDT: $107949.24
2025-06-30 14:37:15,738 - INFO - Processed data for ETHUSDT: $2465.37
2025-06-30 14:37:17,752 - INFO - Processed data for BTCUSDT: $107950.00
2025-06-30 14:37:17,754 - INFO - Processed data for ETHUSDT: $2465.37
2025-06-30 14:37:17,962 - INFO - Processed data for BNBUSDT: $654.26
2025-06-30 14:37:19,741 - INFO - Processed data for BTCUSDT: $107950.00
2025-06-30 14:37:19,742 - INFO - Processed data for ETHUSDT: $2465.36
2025-06-30 14:37:21,745 - INFO - Processed data for BTCUSDT: $107949.99
2025-06-30 14:37:21,746 - INFO - Processed data for ETHUSDT: $2466.05
2025-06-30 14:37:23,797 - INFO - Processed data for BTCUSDT: $107953.26
2025-06-30 14:37:23,798 - INFO - Processed data for ETHUSDT: $2466.12
2025-06-30 14:37:23,835 - INFO - Processed data for BNBUSDT: $654.25
2025-06-30 14:37:25,845 - INFO - Processed data for BTCUSDT: $107964.33
2025-06-30 14:37:25,846 - INFO - Processed data for ETHUSDT: $2466.12
2025-06-30 14:37:25,851 - INFO - Processed data for BNBUSDT: $654.26
2025-06-30 14:37:27,790 - INFO - Processed data for BTCUSDT: $107964.33
2025-06-30 14:37:27,792 - INFO - Processed data for ETHUSDT: $2466.11
2025-06-30 14:37:27,846 - INFO - Processed data for BNBUSDT: $654.26
2025-06-30 14:37:29,857 - INFO - Processed data for BTCUSDT: $107953.26
2025-06-30 14:37:29,858 - INFO - Processed data for ETHUSDT: $2465.83
2025-06-30 14:37:31,740 - INFO - Processed data for BTCUSDT: $107953.27
2025-06-30 14:37:31,742 - INFO - Processed data for ETHUSDT: $2465.83
2025-06-30 14:37:31,841 - INFO - Processed data for BNBUSDT: $654.25
2025-06-30 14:37:33,833 - INFO - Processed data for BTCUSDT: $107953.26
2025-06-30 14:37:33,835 - INFO - Processed data for ETHUSDT: $2465.82
2025-06-30 14:37:33,846 - INFO - Processed data for BNBUSDT: $654.25
2025-06-30 14:37:35,976 - INFO - Inserted BTCUSDT data into database
2025-06-30 14:37:35,978 - INFO - Processed data for BTCUSDT: $107953.27
2025-06-30 14:37:36,376 - INFO - Inserted ETHUSDT data into database
2025-06-30 14:37:36,376 - INFO - Processed data for ETHUSDT: $2465.83
2025-06-30 14:37:36,378 - INFO - Processed data for BNBUSDT: $654.25
2025-06-30 14:37:37,824 - INFO - Processed data for BTCUSDT: $107953.26
2025-06-30 14:37:37,826 - INFO - Processed data for ETHUSDT: $2465.83
2025-06-30 14:37:39,771 - INFO - Processed data for BTCUSDT: $107953.27
2025-06-30 14:37:39,771 - INFO - Processed data for ETHUSDT: $2465.83
2025-06-30 14:37:39,846 - INFO - Processed data for BNBUSDT: $654.26
2025-06-30 14:37:41,816 - INFO - Processed data for BTCUSDT: $107953.27
2025-06-30 14:37:41,818 - INFO - Processed data for ETHUSDT: $2466.11
2025-06-30 14:37:41,834 - INFO - Processed data for BNBUSDT: $654.26
2025-06-30 14:37:43,780 - INFO - Processed data for BTCUSDT: $107953.26
2025-06-30 14:37:43,781 - INFO - Processed data for ETHUSDT: $2466.11
2025-06-30 14:37:45,753 - INFO - Processed data for BTCUSDT: $107953.27
2025-06-30 14:37:45,755 - INFO - Processed data for ETHUSDT: $2466.12
2025-06-30 14:37:47,758 - INFO - Processed data for BTCUSDT: $107953.27
2025-06-30 14:37:47,758 - INFO - Processed data for ETHUSDT: $2466.11
2025-06-30 14:37:48,064 - INFO - Inserted BNBUSDT data into database
2025-06-30 14:37:48,064 - INFO - Processed data for BNBUSDT: $654.26
2025-06-30 14:37:49,836 - INFO - Processed data for BTCUSDT: $107953.26
2025-06-30 14:37:49,838 - INFO - Processed data for ETHUSDT: $2466.11
2025-06-30 14:37:49,879 - INFO - Processed data for BNBUSDT: $654.26
2025-06-30 14:37:51,764 - INFO - Processed data for BTCUSDT: $107953.27
2025-06-30 14:37:51,765 - INFO - Processed data for ETHUSDT: $2466.11
2025-06-30 14:37:51,828 - INFO - Processed data for BNBUSDT: $654.25
2025-06-30 14:37:53,800 - INFO - Processed data for BTCUSDT: $107953.26
2025-06-30 14:37:53,801 - INFO - Processed data for ETHUSDT: $2466.26
2025-06-30 14:37:53,831 - INFO - Processed data for BNBUSDT: $654.26
2025-06-30 14:37:55,742 - INFO - Processed data for BTCUSDT: $107953.26
2025-06-30 14:37:55,742 - INFO - Processed data for ETHUSDT: $2466.27
2025-06-30 14:37:57,735 - INFO - Processed data for BTCUSDT: $107953.27
2025-06-30 14:37:57,736 - INFO - Processed data for ETHUSDT: $2466.12
2025-06-30 14:37:57,829 - INFO - Processed data for BNBUSDT: $654.26
2025-06-30 14:37:59,735 - INFO - Processed data for BNBUSDT: $654.26
2025-06-30 14:37:59,756 - INFO - Processed data for BTCUSDT: $107953.27
2025-06-30 14:37:59,757 - INFO - Processed data for BTCUSDT: $107953.27
2025-06-30 14:37:59,757 - INFO - Processed data for ETHUSDT: $2466.12
2025-06-30 14:37:59,758 - INFO - Processed data for ETHUSDT: $2466.12
2025-06-30 14:37:59,833 - INFO - Processed data for BNBUSDT: $654.26
2025-06-30 14:38:01,786 - INFO - Processed data for BTCUSDT: $107953.26
2025-06-30 14:38:01,788 - INFO - Processed data for ETHUSDT: $2466.12
2025-06-30 14:38:01,830 - INFO - Processed data for BNBUSDT: $654.26
2025-06-30 14:38:03,836 - INFO - Processed data for BTCUSDT: $107953.27
2025-06-30 14:38:03,837 - INFO - Processed data for ETHUSDT: $2466.13
2025-06-30 14:38:03,854 - INFO - Processed data for BNBUSDT: $654.25
2025-06-30 14:38:05,786 - INFO - Processed data for BTCUSDT: $107953.27
2025-06-30 14:38:05,787 - INFO - Processed data for ETHUSDT: $2466.26
2025-06-30 14:38:05,831 - INFO - Processed data for BNBUSDT: $654.26
2025-06-30 14:38:07,759 - INFO - Processed data for BTCUSDT: $107953.26
2025-06-30 14:38:08,882 - INFO - Processed data for ETHUSDT: $2466.27
2025-06-30 14:38:09,752 - INFO - Processed data for BTCUSDT: $107953.27
2025-06-30 14:38:09,754 - INFO - Processed data for ETHUSDT: $2466.28
2025-06-30 14:38:09,833 - INFO - Processed data for BNBUSDT: $654.25
2025-06-30 14:38:11,738 - INFO - Processed data for BTCUSDT: $107953.27
2025-06-30 14:38:11,739 - INFO - Processed data for ETHUSDT: $2466.37
2025-06-30 14:38:11,843 - INFO - Processed data for BNBUSDT: $654.26
2025-06-30 14:38:13,745 - INFO - Processed data for BTCUSDT: $107953.27
2025-06-30 14:38:13,746 - INFO - Processed data for ETHUSDT: $2466.59
2025-06-30 14:38:13,841 - INFO - Processed data for BNBUSDT: $654.26
2025-06-30 14:38:15,756 - INFO - Processed data for BTCUSDT: $107953.26
2025-06-30 14:38:15,757 - INFO - Processed data for ETHUSDT: $2466.59
2025-06-30 14:38:15,834 - INFO - Processed data for BNBUSDT: $654.26
2025-06-30 14:38:17,744 - INFO - Processed data for BTCUSDT: $107953.27
2025-06-30 14:38:17,747 - INFO - Processed data for ETHUSDT: $2466.58
2025-06-30 14:38:17,851 - INFO - Processed data for BNBUSDT: $654.26
2025-06-30 14:38:19,772 - INFO - Processed data for BTCUSDT: $107953.27
2025-06-30 14:38:19,772 - INFO - Processed data for ETHUSDT: $2466.58
2025-06-30 14:38:19,861 - INFO - Processed data for BNBUSDT: $654.26
2025-06-30 14:38:21,760 - INFO - Processed data for BTCUSDT: $107953.27
2025-06-30 14:38:21,763 - INFO - Processed data for ETHUSDT: $2466.59
2025-06-30 14:38:21,844 - INFO - Processed data for BNBUSDT: $654.25
2025-06-30 14:38:23,742 - INFO - Processed data for BTCUSDT: $107953.27
2025-06-30 14:38:23,743 - INFO - Processed data for ETHUSDT: $2466.13
2025-06-30 14:38:23,837 - INFO - Processed data for BNBUSDT: $654.25
2025-06-30 14:38:25,747 - INFO - Processed data for BTCUSDT: $107953.26
2025-06-30 14:38:25,751 - INFO - Processed data for ETHUSDT: $2466.20
2025-06-30 14:38:25,844 - INFO - Processed data for BNBUSDT: $654.26
2025-06-30 14:38:27,738 - INFO - Processed data for BTCUSDT: $107953.27
2025-06-30 14:38:27,741 - INFO - Processed data for ETHUSDT: $2466.33
2025-06-30 14:38:27,830 - INFO - Processed data for BNBUSDT: $654.26
2025-06-30 14:38:29,865 - INFO - Processed data for BTCUSDT: $107953.27
2025-06-30 14:38:29,870 - INFO - Processed data for ETHUSDT: $2466.12
2025-06-30 14:38:29,872 - INFO - Processed data for BNBUSDT: $654.26
2025-06-30 14:38:31,767 - INFO - Processed data for BTCUSDT: $107953.27
2025-06-30 14:38:31,769 - INFO - Processed data for ETHUSDT: $2466.13
2025-06-30 14:38:33,739 - INFO - Processed data for BTCUSDT: $107953.27
2025-06-30 14:38:33,740 - INFO - Processed data for ETHUSDT: $2466.12
2025-06-30 14:38:33,865 - INFO - Processed data for BNBUSDT: $654.25
2025-06-30 14:38:36,026 - INFO - Inserted BTCUSDT data into database
2025-06-30 14:38:36,026 - INFO - Processed data for BTCUSDT: $107953.27
2025-06-30 14:38:36,225 - INFO - Inserted ETHUSDT data into database
2025-06-30 14:38:36,226 - INFO - Processed data for ETHUSDT: $2466.13
2025-06-30 14:38:36,227 - INFO - Processed data for BNBUSDT: $654.25
2025-06-30 14:38:37,764 - INFO - Processed data for BTCUSDT: $107953.27
2025-06-30 14:38:37,765 - INFO - Processed data for ETHUSDT: $2466.12
2025-06-30 14:38:37,865 - INFO - Processed data for BNBUSDT: $654.26
2025-06-30 14:38:39,737 - INFO - Processed data for BTCUSDT: $107953.27
2025-06-30 14:38:39,738 - INFO - Processed data for ETHUSDT: $2466.13
2025-06-30 14:38:39,865 - INFO - Processed data for BNBUSDT: $654.25
2025-06-30 14:38:41,783 - INFO - Processed data for BTCUSDT: $107953.27
2025-06-30 14:38:41,784 - INFO - Processed data for ETHUSDT: $2466.13
2025-06-30 14:38:41,841 - INFO - Processed data for BNBUSDT: $654.25
2025-06-30 14:38:43,743 - INFO - Processed data for BTCUSDT: $107953.27
2025-06-30 14:38:43,744 - INFO - Processed data for ETHUSDT: $2466.13
2025-06-30 14:38:43,833 - INFO - Processed data for BNBUSDT: $654.26
2025-06-30 14:38:45,755 - INFO - Processed data for BTCUSDT: $107953.27
2025-06-30 14:38:45,756 - INFO - Processed data for ETHUSDT: $2466.01
2025-06-30 14:38:45,848 - INFO - Processed data for BNBUSDT: $654.26
2025-06-30 14:38:47,866 - INFO - Processed data for BTCUSDT: $107953.27
2025-06-30 14:38:47,866 - INFO - Processed data for ETHUSDT: $2466.00
2025-06-30 14:38:48,069 - INFO - Inserted BNBUSDT data into database
2025-06-30 14:38:48,070 - INFO - Processed data for BNBUSDT: $654.26
2025-06-30 14:38:49,737 - INFO - Processed data for BTCUSDT: $107953.27
2025-06-30 14:38:49,740 - INFO - Processed data for ETHUSDT: $2466.01
2025-06-30 14:38:49,913 - INFO - Processed data for BNBUSDT: $654.25
2025-06-30 14:38:51,781 - INFO - Processed data for BTCUSDT: $107953.27
2025-06-30 14:38:51,782 - INFO - Processed data for ETHUSDT: $2466.01
2025-06-30 14:38:51,831 - INFO - Processed data for BNBUSDT: $654.26
2025-06-30 14:38:53,771 - INFO - Processed data for BTCUSDT: $107953.26
2025-06-30 14:38:53,775 - INFO - Processed data for ETHUSDT: $2466.00
2025-06-30 14:38:53,864 - INFO - Processed data for BNBUSDT: $654.26
2025-06-30 14:38:55,751 - INFO - Processed data for BTCUSDT: $107953.26
2025-06-30 14:38:55,754 - INFO - Processed data for ETHUSDT: $2465.64
2025-06-30 14:38:55,954 - INFO - Processed data for BNBUSDT: $654.25
2025-06-30 14:38:57,799 - INFO - Processed data for BTCUSDT: $107953.26
2025-06-30 14:38:57,802 - INFO - Processed data for ETHUSDT: $2465.64
2025-06-30 14:38:57,833 - INFO - Processed data for BNBUSDT: $654.26
2025-06-30 14:38:59,743 - INFO - Processed data for BNBUSDT: $654.25
2025-06-30 14:38:59,758 - INFO - Processed data for BTCUSDT: $107953.26
2025-06-30 14:38:59,759 - INFO - Processed data for BTCUSDT: $107953.26
2025-06-30 14:38:59,759 - INFO - Processed data for ETHUSDT: $2465.60
2025-06-30 14:38:59,759 - INFO - Processed data for ETHUSDT: $2465.60
2025-06-30 14:38:59,848 - INFO - Processed data for BNBUSDT: $654.26
2025-06-30 14:39:01,793 - INFO - Processed data for BTCUSDT: $107953.27
2025-06-30 14:39:01,796 - INFO - Processed data for ETHUSDT: $2465.52
2025-06-30 14:39:01,833 - INFO - Processed data for BNBUSDT: $654.25
2025-06-30 14:39:03,745 - INFO - Processed data for BTCUSDT: $107924.39
2025-06-30 14:39:03,747 - INFO - Processed data for ETHUSDT: $2464.54
2025-06-30 14:39:03,833 - INFO - Processed data for BNBUSDT: $654.21
2025-06-30 14:39:05,736 - INFO - Processed data for BTCUSDT: $107920.00
2025-06-30 14:39:05,736 - INFO - Processed data for ETHUSDT: $2464.55
2025-06-30 14:39:05,847 - INFO - Processed data for BNBUSDT: $654.21
2025-06-30 14:39:07,737 - INFO - Processed data for BTCUSDT: $107920.00
2025-06-30 14:39:07,741 - INFO - Processed data for ETHUSDT: $2464.54
2025-06-30 14:39:07,842 - INFO - Processed data for BNBUSDT: $654.22
2025-06-30 14:39:09,752 - INFO - Processed data for BTCUSDT: $107920.01
2025-06-30 14:39:09,753 - INFO - Processed data for ETHUSDT: $2464.62
2025-06-30 14:39:09,850 - INFO - Processed data for BNBUSDT: $654.21
2025-06-30 14:39:11,751 - INFO - Processed data for BTCUSDT: $107920.00
2025-06-30 14:39:11,752 - INFO - Processed data for ETHUSDT: $2464.63
2025-06-30 14:39:11,860 - INFO - Processed data for BNBUSDT: $654.22
2025-06-30 14:39:13,773 - INFO - Processed data for BTCUSDT: $107920.00
2025-06-30 14:39:13,774 - INFO - Processed data for ETHUSDT: $2464.63
2025-06-30 14:39:13,857 - INFO - Processed data for BNBUSDT: $654.22
2025-06-30 14:39:15,821 - INFO - Processed data for BTCUSDT: $107920.00
2025-06-30 14:39:15,828 - INFO - Processed data for ETHUSDT: $2464.55
2025-06-30 14:39:15,837 - INFO - Processed data for BNBUSDT: $654.21
2025-06-30 14:39:17,768 - INFO - Processed data for BTCUSDT: $107920.01
2025-06-30 14:39:17,790 - INFO - Processed data for ETHUSDT: $2464.55
2025-06-30 14:39:19,814 - INFO - Processed data for BTCUSDT: $107920.00
2025-06-30 14:39:19,815 - INFO - Processed data for ETHUSDT: $2464.54
2025-06-30 14:39:19,827 - INFO - Processed data for BNBUSDT: $654.22
2025-06-30 14:39:21,766 - INFO - Processed data for BTCUSDT: $107920.01
2025-06-30 14:39:21,767 - INFO - Processed data for ETHUSDT: $2464.55
2025-06-30 14:39:21,830 - INFO - Processed data for BNBUSDT: $654.21
2025-06-30 14:39:23,810 - INFO - Processed data for BTCUSDT: $107920.00
2025-06-30 14:39:23,811 - INFO - Processed data for ETHUSDT: $2464.54
2025-06-30 14:39:23,834 - INFO - Processed data for BNBUSDT: $654.21
2025-06-30 14:39:25,809 - INFO - Processed data for BTCUSDT: $107920.01
2025-06-30 14:39:25,810 - INFO - Processed data for ETHUSDT: $2464.54
2025-06-30 14:39:25,844 - INFO - Processed data for BNBUSDT: $654.22
2025-06-30 14:39:27,759 - INFO - Processed data for BTCUSDT: $107920.00
2025-06-30 14:39:27,762 - INFO - Processed data for ETHUSDT: $2464.54
2025-06-30 14:39:29,748 - INFO - Processed data for BTCUSDT: $107920.01
2025-06-30 14:39:29,749 - INFO - Processed data for ETHUSDT: $2463.00
2025-06-30 14:39:29,831 - INFO - Processed data for BNBUSDT: $654.15
2025-06-30 14:39:31,743 - INFO - Processed data for BTCUSDT: $107920.00
2025-06-30 14:39:31,744 - INFO - Processed data for ETHUSDT: $2462.45
2025-06-30 14:39:31,830 - INFO - Processed data for BNBUSDT: $654.15
2025-06-30 14:39:33,742 - INFO - Processed data for BTCUSDT: $107920.01
2025-06-30 14:39:33,743 - INFO - Processed data for ETHUSDT: $2462.21
2025-06-30 14:39:33,827 - INFO - Processed data for BNBUSDT: $654.15
2025-06-30 14:39:35,741 - INFO - Processed data for BTCUSDT: $107920.00
2025-06-30 14:39:35,742 - INFO - Processed data for ETHUSDT: $2462.21
2025-06-30 14:39:38,145 - INFO - Inserted BTCUSDT data into database
2025-06-30 14:39:38,145 - INFO - Processed data for BTCUSDT: $107920.01
2025-06-30 14:39:38,422 - INFO - Inserted ETHUSDT data into database
2025-06-30 14:39:38,423 - INFO - Processed data for ETHUSDT: $2462.21
2025-06-30 14:39:39,785 - INFO - Processed data for BTCUSDT: $107915.39
2025-06-30 14:39:39,787 - INFO - Processed data for ETHUSDT: $2462.28
2025-06-30 14:39:39,837 - INFO - Processed data for BNBUSDT: $654.15
2025-06-30 14:39:41,754 - INFO - Processed data for BTCUSDT: $107915.40
2025-06-30 14:39:41,755 - INFO - Processed data for ETHUSDT: $2462.27
2025-06-30 14:39:41,837 - INFO - Processed data for BNBUSDT: $654.15
2025-06-30 14:39:43,753 - INFO - Processed data for BTCUSDT: $107915.39
2025-06-30 14:39:43,753 - INFO - Processed data for ETHUSDT: $2462.27
2025-06-30 14:39:43,833 - INFO - Processed data for BNBUSDT: $654.15
2025-06-30 14:39:45,740 - INFO - Processed data for BTCUSDT: $107915.39
2025-06-30 14:39:45,741 - INFO - Processed data for ETHUSDT: $2462.27
2025-06-30 14:39:47,735 - INFO - Processed data for BTCUSDT: $107910.87
2025-06-30 14:39:47,735 - INFO - Processed data for ETHUSDT: $2462.28
2025-06-30 14:39:48,085 - INFO - Inserted BNBUSDT data into database
2025-06-30 14:39:48,085 - INFO - Processed data for BNBUSDT: $654.15
2025-06-30 14:39:49,820 - INFO - Processed data for BTCUSDT: $107910.88
2025-06-30 14:39:49,821 - INFO - Processed data for ETHUSDT: $2462.28
2025-06-30 14:39:49,866 - INFO - Processed data for BNBUSDT: $654.15
2025-06-30 14:39:51,744 - INFO - Processed data for BTCUSDT: $107910.87
2025-06-30 14:39:51,744 - INFO - Processed data for ETHUSDT: $2462.27
2025-06-30 14:39:53,774 - INFO - Processed data for BTCUSDT: $107910.88
2025-06-30 14:39:53,775 - INFO - Processed data for ETHUSDT: $2462.28
2025-06-30 14:39:53,827 - INFO - Processed data for BNBUSDT: $654.15
2025-06-30 14:39:55,860 - INFO - Processed data for BTCUSDT: $107910.87
2025-06-30 14:39:55,861 - INFO - Processed data for ETHUSDT: $2462.27
2025-06-30 14:39:55,861 - INFO - Processed data for BNBUSDT: $654.14
2025-06-30 14:39:57,805 - INFO - Processed data for BTCUSDT: $107910.87
2025-06-30 14:39:57,805 - INFO - Processed data for ETHUSDT: $2462.28
2025-06-30 14:39:58,011 - INFO - Processed data for BNBUSDT: $654.14
2025-06-30 14:39:59,751 - INFO - Processed data for BNBUSDT: $654.15
2025-06-30 14:39:59,764 - INFO - Processed data for BTCUSDT: $107910.88
2025-06-30 14:39:59,766 - INFO - Processed data for BTCUSDT: $107910.88
2025-06-30 14:39:59,768 - INFO - Processed data for ETHUSDT: $2462.27
2025-06-30 14:39:59,769 - INFO - Processed data for ETHUSDT: $2462.27
2025-06-30 14:39:59,855 - INFO - Processed data for BNBUSDT: $654.15
2025-06-30 14:40:01,802 - INFO - Processed data for BTCUSDT: $107910.88
2025-06-30 14:40:01,803 - INFO - Processed data for ETHUSDT: $2462.27
2025-06-30 14:40:01,841 - INFO - Processed data for BNBUSDT: $654.14
2025-06-30 14:40:03,746 - INFO - Processed data for BTCUSDT: $107910.87
2025-06-30 14:40:03,747 - INFO - Processed data for ETHUSDT: $2462.05
2025-06-30 14:40:03,833 - INFO - Processed data for BNBUSDT: $654.14
2025-06-30 14:40:05,763 - INFO - Processed data for BTCUSDT: $107910.87
2025-06-30 14:40:05,764 - INFO - Processed data for ETHUSDT: $2462.05
2025-06-30 14:40:05,830 - INFO - Processed data for BNBUSDT: $654.15
2025-06-30 14:40:07,841 - INFO - Processed data for BTCUSDT: $107910.87
2025-06-30 14:40:07,842 - INFO - Processed data for ETHUSDT: $2462.05
2025-06-30 14:40:09,788 - INFO - Processed data for BTCUSDT: $107910.88
2025-06-30 14:40:09,789 - INFO - Processed data for ETHUSDT: $2462.05
2025-06-30 14:40:09,861 - INFO - Processed data for BNBUSDT: $654.14
2025-06-30 14:40:11,833 - INFO - Processed data for BTCUSDT: $107910.87
2025-06-30 14:40:11,834 - INFO - Processed data for ETHUSDT: $2462.05
2025-06-30 14:40:11,841 - INFO - Processed data for BNBUSDT: $654.15
2025-06-30 14:40:13,781 - INFO - Processed data for BTCUSDT: $107910.87
2025-06-30 14:40:13,782 - INFO - Processed data for ETHUSDT: $2462.04
2025-06-30 14:40:13,836 - INFO - Processed data for BNBUSDT: $654.14
2025-06-30 14:40:15,830 - INFO - Processed data for BTCUSDT: $107910.87
2025-06-30 14:40:15,831 - INFO - Processed data for ETHUSDT: $2462.04
2025-06-30 14:40:15,906 - INFO - Processed data for BNBUSDT: $654.14
2025-06-30 14:40:17,777 - INFO - Processed data for BTCUSDT: $107910.87
2025-06-30 14:40:17,779 - INFO - Processed data for ETHUSDT: $2462.05
2025-06-30 14:40:17,841 - INFO - Processed data for BNBUSDT: $654.15
2025-06-30 14:40:19,741 - INFO - Processed data for BTCUSDT: $107910.88
2025-06-30 14:40:19,743 - INFO - Processed data for ETHUSDT: $2462.04
2025-06-30 14:40:19,829 - INFO - Processed data for BNBUSDT: $654.15
2025-06-30 14:40:21,770 - INFO - Processed data for BTCUSDT: $107910.87
2025-06-30 14:40:21,771 - INFO - Processed data for ETHUSDT: $2462.05
2025-06-30 14:40:21,833 - INFO - Processed data for BNBUSDT: $654.14
2025-06-30 14:40:23,766 - INFO - Processed data for BTCUSDT: $107910.87
2025-06-30 14:40:23,767 - INFO - Processed data for ETHUSDT: $2462.04
2025-06-30 14:40:25,867 - INFO - Processed data for BTCUSDT: $107910.87
2025-06-30 14:40:25,867 - INFO - Processed data for ETHUSDT: $2461.73
2025-06-30 14:40:27,814 - INFO - Processed data for BTCUSDT: $107910.87
2025-06-30 14:40:27,814 - INFO - Processed data for ETHUSDT: $2461.74
2025-06-30 14:40:27,851 - INFO - Processed data for BNBUSDT: $654.15
2025-06-30 14:40:30,231 - INFO - Processed data for BTCUSDT: $107910.88
2025-06-30 14:40:30,231 - INFO - Processed data for ETHUSDT: $2461.73
2025-06-30 14:40:30,233 - INFO - Processed data for BNBUSDT: $654.14
2025-06-30 14:40:31,805 - INFO - Processed data for BTCUSDT: $107910.88
2025-06-30 14:40:31,808 - INFO - Processed data for ETHUSDT: $2461.74
2025-06-30 14:40:31,843 - INFO - Processed data for BNBUSDT: $654.15
2025-06-30 14:40:33,746 - INFO - Processed data for BTCUSDT: $107910.87
2025-06-30 14:40:33,747 - INFO - Processed data for ETHUSDT: $2461.74
2025-06-30 14:40:35,817 - INFO - Processed data for BTCUSDT: $107910.88
2025-06-30 14:40:35,821 - INFO - Processed data for ETHUSDT: $2461.74
2025-06-30 14:40:37,746 - INFO - Processed data for BTCUSDT: $107910.87
2025-06-30 14:40:37,749 - INFO - Processed data for ETHUSDT: $2461.74
2025-06-30 14:40:37,867 - INFO - Processed data for BNBUSDT: $654.14
2025-06-30 14:40:40,095 - INFO - Inserted BTCUSDT data into database
2025-06-30 14:40:40,096 - INFO - Processed data for BTCUSDT: $107910.87
2025-06-30 14:40:40,303 - INFO - Inserted ETHUSDT data into database
2025-06-30 14:40:40,305 - INFO - Processed data for ETHUSDT: $2461.74
2025-06-30 14:40:40,309 - INFO - Processed data for BNBUSDT: $654.15
2025-06-30 14:40:41,738 - INFO - Processed data for BTCUSDT: $107910.88
2025-06-30 14:40:41,740 - INFO - Processed data for ETHUSDT: $2461.73
2025-06-30 14:40:41,851 - INFO - Processed data for BNBUSDT: $654.15
2025-06-30 14:40:43,740 - INFO - Processed data for BTCUSDT: $107910.88
2025-06-30 14:40:43,741 - INFO - Processed data for ETHUSDT: $2461.82
2025-06-30 14:40:43,835 - INFO - Processed data for BNBUSDT: $654.21
2025-06-30 14:40:45,742 - INFO - Processed data for BTCUSDT: $107910.88
2025-06-30 14:40:45,744 - INFO - Processed data for ETHUSDT: $2461.82
2025-06-30 14:40:45,835 - INFO - Processed data for BNBUSDT: $654.21
2025-06-30 14:40:47,733 - INFO - Processed data for BTCUSDT: $107910.88
2025-06-30 14:40:47,839 - INFO - Processed data for BNBUSDT: $654.21
2025-06-30 14:40:49,829 - INFO - Processed data for BTCUSDT: $107910.87
2025-06-30 14:40:49,830 - INFO - Processed data for ETHUSDT: $2461.81
2025-06-30 14:40:50,131 - INFO - Inserted BNBUSDT data into database
2025-06-30 14:40:50,133 - INFO - Processed data for BNBUSDT: $654.21
2025-06-30 14:40:51,743 - INFO - Processed data for BTCUSDT: $107910.87
2025-06-30 14:40:51,744 - INFO - Processed data for ETHUSDT: $2461.82
2025-06-30 14:40:51,831 - INFO - Processed data for BNBUSDT: $654.21
2025-06-30 14:40:53,821 - INFO - Processed data for BTCUSDT: $107910.87
2025-06-30 14:40:53,823 - INFO - Processed data for ETHUSDT: $2461.82
2025-06-30 14:40:55,872 - INFO - Processed data for BTCUSDT: $107910.87
2025-06-30 14:40:55,875 - INFO - Processed data for ETHUSDT: $2461.82
2025-06-30 14:40:55,877 - INFO - Processed data for BNBUSDT: $654.21
2025-06-30 14:40:57,804 - INFO - Processed data for BTCUSDT: $107910.87
2025-06-30 14:40:57,805 - INFO - Processed data for ETHUSDT: $2461.82
2025-06-30 14:40:57,833 - INFO - Processed data for BNBUSDT: $654.21
2025-06-30 14:40:59,757 - INFO - Processed data for BNBUSDT: $654.20
2025-06-30 14:40:59,758 - INFO - Processed data for BTCUSDT: $107910.88
2025-06-30 14:40:59,759 - INFO - Processed data for BTCUSDT: $107910.88
2025-06-30 14:40:59,760 - INFO - Processed data for ETHUSDT: $2461.82
2025-06-30 14:40:59,761 - INFO - Processed data for ETHUSDT: $2461.82
2025-06-30 14:40:59,836 - INFO - Processed data for BNBUSDT: $654.20
2025-06-30 14:41:01,805 - INFO - Processed data for BTCUSDT: $107910.87
2025-06-30 14:41:01,808 - INFO - Processed data for ETHUSDT: $2461.82
2025-06-30 14:41:01,847 - INFO - Processed data for BNBUSDT: $654.21
2025-06-30 14:41:03,854 - INFO - Processed data for BTCUSDT: $107910.87
2025-06-30 14:41:03,857 - INFO - Processed data for ETHUSDT: $2461.82
2025-06-30 14:41:03,859 - INFO - Processed data for BNBUSDT: $654.21
2025-06-30 14:41:05,804 - INFO - Processed data for BTCUSDT: $107910.87
2025-06-30 14:41:05,808 - INFO - Processed data for ETHUSDT: $2461.82
2025-06-30 14:41:05,832 - INFO - Processed data for BNBUSDT: $654.20
2025-06-30 14:41:07,736 - INFO - Processed data for BTCUSDT: $107910.87
2025-06-30 14:41:07,737 - INFO - Processed data for ETHUSDT: $2461.82
2025-06-30 14:41:07,850 - INFO - Processed data for BNBUSDT: $654.21
2025-06-30 14:41:09,795 - INFO - Processed data for BTCUSDT: $107910.87
2025-06-30 14:41:09,796 - INFO - Processed data for ETHUSDT: $2461.82
2025-06-30 14:41:09,826 - INFO - Processed data for BNBUSDT: $654.20
2025-06-30 14:41:11,840 - INFO - Processed data for BTCUSDT: $107910.88
2025-06-30 14:41:11,841 - INFO - Processed data for ETHUSDT: $2462.05
2025-06-30 14:41:11,841 - INFO - Processed data for BNBUSDT: $654.22
2025-06-30 14:41:13,789 - INFO - Processed data for BTCUSDT: $107910.87
2025-06-30 14:41:13,790 - INFO - Processed data for ETHUSDT: $2462.22
2025-06-30 14:41:13,827 - INFO - Processed data for BNBUSDT: $654.24
2025-06-30 14:41:15,745 - INFO - Processed data for BTCUSDT: $107910.87
2025-06-30 14:41:15,746 - INFO - Processed data for ETHUSDT: $2462.27
2025-06-30 14:41:15,844 - INFO - Processed data for BNBUSDT: $654.25
2025-06-30 14:41:17,779 - INFO - Processed data for BTCUSDT: $107910.87
2025-06-30 14:41:17,779 - INFO - Processed data for ETHUSDT: $2462.28
2025-06-30 14:41:17,826 - INFO - Processed data for BNBUSDT: $654.24
2025-06-30 14:41:19,829 - INFO - Processed data for BTCUSDT: $107910.87
2025-06-30 14:41:19,830 - INFO - Processed data for ETHUSDT: $2462.43
2025-06-30 14:41:19,831 - INFO - Processed data for BNBUSDT: $654.30
2025-06-30 14:41:21,776 - INFO - Processed data for BTCUSDT: $107910.88
2025-06-30 14:41:21,777 - INFO - Processed data for ETHUSDT: $2462.44
2025-06-30 14:41:21,837 - INFO - Processed data for BNBUSDT: $654.31
2025-06-30 14:41:23,758 - INFO - Processed data for BTCUSDT: $107910.88
2025-06-30 14:41:24,261 - INFO - Processed data for ETHUSDT: $2462.44
2025-06-30 14:41:24,262 - INFO - Processed data for BNBUSDT: $654.30
2025-06-30 14:41:25,772 - INFO - Processed data for BTCUSDT: $107910.87
2025-06-30 14:41:25,772 - INFO - Processed data for ETHUSDT: $2462.44
2025-06-30 14:41:25,855 - INFO - Processed data for BNBUSDT: $654.31
2025-06-30 14:41:27,768 - INFO - Processed data for BTCUSDT: $107910.87
2025-06-30 14:41:27,769 - INFO - Processed data for ETHUSDT: $2462.44
2025-06-30 14:41:27,831 - INFO - Processed data for BNBUSDT: $654.30
2025-06-30 14:41:29,762 - INFO - Processed data for BTCUSDT: $107910.88
2025-06-30 14:41:29,763 - INFO - Processed data for ETHUSDT: $2462.43
2025-06-30 14:41:29,848 - INFO - Processed data for BNBUSDT: $654.31
2025-06-30 14:41:31,782 - INFO - Processed data for BTCUSDT: $107910.88
2025-06-30 14:41:31,782 - INFO - Processed data for ETHUSDT: $2462.29
2025-06-30 14:41:31,875 - INFO - Processed data for BNBUSDT: $654.30
2025-06-30 14:41:33,738 - INFO - Processed data for BTCUSDT: $107910.87
2025-06-30 14:41:33,738 - INFO - Processed data for ETHUSDT: $2462.54
2025-06-30 14:41:33,841 - INFO - Processed data for BNBUSDT: $654.31
2025-06-30 14:41:35,761 - INFO - Processed data for BTCUSDT: $107910.88
2025-06-30 14:41:35,763 - INFO - Processed data for ETHUSDT: $2462.60
2025-06-30 14:41:35,830 - INFO - Processed data for BNBUSDT: $654.31
2025-06-30 14:41:37,747 - INFO - Processed data for BTCUSDT: $107910.87
2025-06-30 14:41:37,748 - INFO - Processed data for ETHUSDT: $2462.78
2025-06-30 14:41:40,104 - INFO - Inserted BTCUSDT data into database
2025-06-30 14:41:40,104 - INFO - Processed data for BTCUSDT: $107910.87
2025-06-30 14:41:40,105 - INFO - Processed data for BNBUSDT: $654.31
2025-06-30 14:41:41,844 - INFO - Processed data for BTCUSDT: $107910.88
2025-06-30 14:41:42,151 - INFO - Inserted ETHUSDT data into database
2025-06-30 14:41:42,153 - INFO - Processed data for ETHUSDT: $2462.80
2025-06-30 14:41:42,155 - INFO - Processed data for BNBUSDT: $654.31
2025-06-30 14:41:43,790 - INFO - Processed data for BTCUSDT: $107910.87
2025-06-30 14:41:43,793 - INFO - Processed data for ETHUSDT: $2462.92
2025-06-30 14:41:43,856 - INFO - Processed data for BNBUSDT: $654.31
2025-06-30 14:41:45,748 - INFO - Processed data for BTCUSDT: $107910.87
2025-06-30 14:41:45,749 - INFO - Processed data for ETHUSDT: $2462.92
2025-06-30 14:41:45,848 - INFO - Processed data for BNBUSDT: $654.30
2025-06-30 14:41:47,783 - INFO - Processed data for BTCUSDT: $107910.87
2025-06-30 14:41:47,785 - INFO - Processed data for ETHUSDT: $2463.01
2025-06-30 14:41:47,827 - INFO - Processed data for BNBUSDT: $654.31
2025-06-30 14:41:49,733 - INFO - Processed data for BTCUSDT: $107910.88
2025-06-30 14:41:49,734 - INFO - Processed data for ETHUSDT: $2463.01
2025-06-30 14:41:50,134 - INFO - Inserted BNBUSDT data into database
2025-06-30 14:41:50,134 - INFO - Processed data for BNBUSDT: $654.36
2025-06-30 14:41:51,756 - INFO - Processed data for BTCUSDT: $107910.88
2025-06-30 14:41:51,758 - INFO - Processed data for ETHUSDT: $2463.02
2025-06-30 14:41:51,885 - INFO - Processed data for BNBUSDT: $654.36
2025-06-30 14:41:53,833 - INFO - Processed data for BTCUSDT: $107910.88
2025-06-30 14:41:53,834 - INFO - Processed data for ETHUSDT: $2463.01
2025-06-30 14:41:53,836 - INFO - Processed data for BNBUSDT: $654.36
2025-06-30 14:41:55,744 - INFO - Processed data for BTCUSDT: $107910.88
2025-06-30 14:41:55,745 - INFO - Processed data for ETHUSDT: $2463.02
2025-06-30 14:41:55,858 - INFO - Processed data for BNBUSDT: $654.35
2025-06-30 14:41:57,739 - INFO - Processed data for BTCUSDT: $107910.88
2025-06-30 14:41:57,742 - INFO - Processed data for ETHUSDT: $2463.04
2025-06-30 14:41:57,841 - INFO - Processed data for BNBUSDT: $654.36
2025-06-30 14:41:59,765 - INFO - Processed data for BNBUSDT: $654.35
2025-06-30 14:41:59,766 - INFO - Processed data for BTCUSDT: $107910.87
2025-06-30 14:41:59,767 - INFO - Processed data for BTCUSDT: $107910.88
2025-06-30 14:41:59,767 - INFO - Processed data for ETHUSDT: $2463.04
2025-06-30 14:41:59,768 - INFO - Processed data for ETHUSDT: $2463.04
2025-06-30 14:41:59,833 - INFO - Processed data for BNBUSDT: $654.35
2025-06-30 14:42:01,813 - INFO - Processed data for BTCUSDT: $107910.87
2025-06-30 14:42:01,815 - INFO - Processed data for ETHUSDT: $2463.06
2025-06-30 14:42:01,861 - INFO - Processed data for BNBUSDT: $654.36
2025-06-30 14:42:03,759 - INFO - Processed data for BTCUSDT: $107910.87
2025-06-30 14:42:03,759 - INFO - Processed data for ETHUSDT: $2463.19
2025-06-30 14:42:03,826 - INFO - Processed data for BNBUSDT: $654.36
2025-06-30 14:42:05,752 - INFO - Processed data for BTCUSDT: $107910.87
2025-06-30 14:42:05,831 - INFO - Processed data for BNBUSDT: $654.36
2025-06-30 14:42:07,856 - INFO - Processed data for BTCUSDT: $107910.88
2025-06-30 14:42:07,859 - INFO - Processed data for ETHUSDT: $2463.20
2025-06-30 14:42:07,861 - INFO - Processed data for BNBUSDT: $654.35
2025-06-30 14:42:09,801 - INFO - Processed data for BTCUSDT: $107910.88
2025-06-30 14:42:09,803 - INFO - Processed data for ETHUSDT: $2463.50
2025-06-30 14:42:09,833 - INFO - Processed data for BNBUSDT: $654.35
2025-06-30 14:42:11,846 - INFO - Processed data for BTCUSDT: $107910.88
2025-06-30 14:42:11,847 - INFO - Processed data for ETHUSDT: $2463.50
2025-06-30 14:42:11,848 - INFO - Processed data for BNBUSDT: $654.36
2025-06-30 14:42:13,741 - INFO - Processed data for BTCUSDT: $107920.00
2025-06-30 14:42:13,743 - INFO - Processed data for ETHUSDT: $2463.62
2025-06-30 14:42:13,832 - INFO - Processed data for BNBUSDT: $654.35
2025-06-30 14:42:15,844 - INFO - Processed data for BTCUSDT: $107920.00
2025-06-30 14:42:15,846 - INFO - Processed data for ETHUSDT: $2463.62
2025-06-30 14:42:15,848 - INFO - Processed data for BNBUSDT: $654.36
2025-06-30 14:42:17,788 - INFO - Processed data for BTCUSDT: $107920.01
2025-06-30 14:42:17,791 - INFO - Processed data for ETHUSDT: $2463.62
2025-06-30 14:42:17,843 - INFO - Processed data for BNBUSDT: $654.36
2025-06-30 14:42:19,754 - INFO - Processed data for BTCUSDT: $107920.01
2025-06-30 14:42:19,755 - INFO - Processed data for ETHUSDT: $2463.62
2025-06-30 14:42:19,938 - INFO - Processed data for BNBUSDT: $654.36
2025-06-30 14:42:21,779 - INFO - Processed data for BTCUSDT: $107920.00
2025-06-30 14:42:21,780 - INFO - Processed data for ETHUSDT: $2463.32
2025-06-30 14:42:21,826 - INFO - Processed data for BNBUSDT: $654.35
2025-06-30 14:42:23,827 - INFO - Processed data for BTCUSDT: $107910.92
2025-06-30 14:42:23,828 - INFO - Processed data for ETHUSDT: $2463.11
2025-06-30 14:42:25,761 - INFO - Processed data for BTCUSDT: $107910.87
2025-06-30 14:42:25,762 - INFO - Processed data for ETHUSDT: $2463.01
2025-06-30 14:42:25,826 - INFO - Processed data for BNBUSDT: $654.36
2025-06-30 14:42:27,776 - INFO - Processed data for BTCUSDT: $107899.00
2025-06-30 14:42:27,778 - INFO - Processed data for ETHUSDT: $2462.73
2025-06-30 14:42:27,828 - INFO - Processed data for BNBUSDT: $654.35
2025-06-30 14:42:29,766 - INFO - Processed data for BTCUSDT: $107883.99
2025-06-30 14:42:29,767 - INFO - Processed data for ETHUSDT: $2462.44
2025-06-30 14:42:29,834 - INFO - Processed data for BNBUSDT: $654.35
2025-06-30 14:42:31,765 - INFO - Processed data for BTCUSDT: $107868.80
2025-06-30 14:42:31,766 - INFO - Processed data for ETHUSDT: $2462.29
2025-06-30 14:42:31,825 - INFO - Processed data for BNBUSDT: $654.30
2025-06-30 14:42:33,735 - INFO - Processed data for BTCUSDT: $107868.79
2025-06-30 14:42:33,736 - INFO - Processed data for ETHUSDT: $2462.04
2025-06-30 14:42:33,826 - INFO - Processed data for BNBUSDT: $654.30
2025-06-30 14:42:35,810 - INFO - Processed data for BTCUSDT: $107840.64
2025-06-30 14:42:35,815 - INFO - Processed data for ETHUSDT: $2462.03
2025-06-30 14:42:35,838 - INFO - Processed data for BNBUSDT: $654.30
2025-06-30 14:42:37,753 - INFO - Processed data for BTCUSDT: $107840.00
2025-06-30 14:42:37,829 - INFO - Processed data for BNBUSDT: $654.30
2025-06-30 14:42:39,755 - INFO - Processed data for BTCUSDT: $107827.49
2025-06-30 14:42:39,757 - INFO - Processed data for ETHUSDT: $2461.82
2025-06-30 14:42:39,824 - INFO - Processed data for BNBUSDT: $654.30
2025-06-30 14:42:41,934 - INFO - Inserted BTCUSDT data into database
2025-06-30 14:42:41,936 - INFO - Processed data for BTCUSDT: $107820.00
2025-06-30 14:42:42,157 - INFO - Inserted ETHUSDT data into database
2025-06-30 14:42:42,158 - INFO - Processed data for ETHUSDT: $2461.73
2025-06-30 14:42:42,161 - INFO - Processed data for BNBUSDT: $654.26
2025-06-30 14:42:43,796 - INFO - Processed data for BTCUSDT: $107820.01
2025-06-30 14:42:43,799 - INFO - Processed data for ETHUSDT: $2461.74
2025-06-30 14:42:43,830 - INFO - Processed data for BNBUSDT: $654.26
2025-06-30 14:42:45,845 - INFO - Processed data for BTCUSDT: $107820.00
2025-06-30 14:42:45,848 - INFO - Processed data for ETHUSDT: $2461.58
2025-06-30 14:42:45,851 - INFO - Processed data for BNBUSDT: $654.25
2025-06-30 14:42:47,755 - INFO - Processed data for BTCUSDT: $107820.01
2025-06-30 14:42:47,756 - INFO - Processed data for ETHUSDT: $2461.76
2025-06-30 14:42:49,838 - INFO - Processed data for BTCUSDT: $107820.01
2025-06-30 14:42:49,840 - INFO - Processed data for ETHUSDT: $2461.75
2025-06-30 14:42:49,844 - INFO - Processed data for BNBUSDT: $654.25
2025-06-30 14:42:51,737 - INFO - Processed data for BTCUSDT: $107820.01
2025-06-30 14:42:51,739 - INFO - Processed data for ETHUSDT: $2461.75
2025-06-30 14:42:52,090 - INFO - Inserted BNBUSDT data into database
2025-06-30 14:42:52,091 - INFO - Processed data for BNBUSDT: $654.25
2025-06-30 14:42:53,736 - INFO - Processed data for BTCUSDT: $107820.00
2025-06-30 14:42:53,737 - INFO - Processed data for ETHUSDT: $2461.75
2025-06-30 14:42:53,828 - INFO - Processed data for BNBUSDT: $654.25
2025-06-30 14:42:55,736 - INFO - Processed data for BTCUSDT: $107809.35
2025-06-30 14:42:55,737 - INFO - Processed data for ETHUSDT: $2461.75
2025-06-30 14:42:55,825 - INFO - Processed data for BNBUSDT: $654.25
2025-06-30 14:42:57,743 - INFO - Processed data for BTCUSDT: $107809.34
2025-06-30 14:42:57,746 - INFO - Processed data for ETHUSDT: $2461.77
2025-06-30 14:42:57,826 - INFO - Processed data for BNBUSDT: $654.26
2025-06-30 14:42:59,770 - INFO - Processed data for BNBUSDT: $654.26
2025-06-30 14:42:59,770 - INFO - Processed data for BTCUSDT: $107809.35
2025-06-30 14:42:59,771 - INFO - Processed data for BTCUSDT: $107809.35
2025-06-30 14:42:59,771 - INFO - Processed data for ETHUSDT: $2461.77
2025-06-30 14:42:59,772 - INFO - Processed data for ETHUSDT: $2461.77
2025-06-30 14:42:59,830 - INFO - Processed data for BNBUSDT: $654.26
2025-06-30 14:43:01,819 - INFO - Processed data for BTCUSDT: $107800.01
2025-06-30 14:43:01,820 - INFO - Processed data for ETHUSDT: $2461.77
2025-06-30 14:43:01,826 - INFO - Processed data for BNBUSDT: $654.24
2025-06-30 14:43:03,763 - INFO - Processed data for BTCUSDT: $107800.00
2025-06-30 14:43:03,763 - INFO - Processed data for ETHUSDT: $2461.76
2025-06-30 14:43:03,830 - INFO - Processed data for BNBUSDT: $654.25
2025-06-30 14:43:05,915 - INFO - Processed data for BTCUSDT: $107800.01
2025-06-30 14:43:05,918 - INFO - Processed data for ETHUSDT: $2461.77
2025-06-30 14:43:05,922 - INFO - Processed data for BNBUSDT: $654.25
2025-06-30 14:43:07,758 - INFO - Processed data for BTCUSDT: $107800.01
2025-06-30 14:43:07,759 - INFO - Processed data for ETHUSDT: $2461.77
2025-06-30 14:43:07,839 - INFO - Processed data for BNBUSDT: $654.23
2025-06-30 14:43:09,732 - INFO - Processed data for BTCUSDT: $107800.00
2025-06-30 14:43:09,751 - INFO - Processed data for ETHUSDT: $2461.76
2025-06-30 14:43:09,831 - INFO - Processed data for BNBUSDT: $654.23
2025-06-30 14:43:11,749 - INFO - Processed data for BTCUSDT: $107800.01
2025-06-30 14:43:11,750 - INFO - Processed data for ETHUSDT: $2461.77
2025-06-30 14:43:11,826 - INFO - Processed data for BNBUSDT: $654.24
2025-06-30 14:43:13,813 - INFO - Processed data for BTCUSDT: $107800.00
2025-06-30 14:43:13,814 - INFO - Processed data for ETHUSDT: $2461.76
2025-06-30 14:43:13,845 - INFO - Processed data for BNBUSDT: $654.23
2025-06-30 14:43:15,745 - INFO - Processed data for BTCUSDT: $107800.01
2025-06-30 14:43:15,747 - INFO - Processed data for ETHUSDT: $2461.77
2025-06-30 14:43:15,824 - INFO - Processed data for BNBUSDT: $654.13
2025-06-30 14:43:17,733 - INFO - Processed data for BTCUSDT: $107789.00
2025-06-30 14:43:17,739 - INFO - Processed data for ETHUSDT: $2461.59
2025-06-30 14:43:17,830 - INFO - Processed data for BNBUSDT: $654.13
2025-06-30 14:43:19,842 - INFO - Processed data for BTCUSDT: $107789.01
2025-06-30 14:43:19,843 - INFO - Processed data for ETHUSDT: $2461.59
2025-06-30 14:43:22,114 - INFO - Processed data for BTCUSDT: $107789.00
2025-06-30 14:43:22,117 - INFO - Processed data for ETHUSDT: $2461.59
2025-06-30 14:43:22,118 - INFO - Processed data for BNBUSDT: $654.13
2025-06-30 14:43:23,839 - INFO - Processed data for BTCUSDT: $107789.00
2025-06-30 14:43:23,839 - INFO - Processed data for ETHUSDT: $2461.59
2025-06-30 14:43:23,865 - INFO - Processed data for BNBUSDT: $654.12
2025-06-30 14:43:25,780 - INFO - Processed data for BTCUSDT: $107789.00
2025-06-30 14:43:25,780 - INFO - Processed data for ETHUSDT: $2461.58
2025-06-30 14:43:25,826 - INFO - Processed data for BNBUSDT: $654.12
2025-06-30 14:43:27,829 - INFO - Processed data for BTCUSDT: $107789.01
2025-06-30 14:43:27,830 - INFO - Processed data for ETHUSDT: $2461.57
2025-06-30 14:43:27,831 - INFO - Processed data for BNBUSDT: $654.13
2025-06-30 14:43:29,740 - INFO - Processed data for BTCUSDT: $107789.01
2025-06-30 14:43:29,741 - INFO - Processed data for ETHUSDT: $2461.72
2025-06-30 14:43:29,830 - INFO - Processed data for BNBUSDT: $654.12
2025-06-30 14:43:31,740 - INFO - Processed data for BTCUSDT: $107789.00
2025-06-30 14:43:31,741 - INFO - Processed data for ETHUSDT: $2461.73
2025-06-30 14:43:31,844 - INFO - Processed data for BNBUSDT: $654.13
2025-06-30 14:43:33,785 - INFO - Processed data for BTCUSDT: $107789.00
2025-06-30 14:43:33,881 - INFO - Processed data for BNBUSDT: $654.15
2025-06-30 14:43:35,816 - INFO - Processed data for BTCUSDT: $107789.00
2025-06-30 14:43:35,817 - INFO - Processed data for ETHUSDT: $2461.97
2025-06-30 14:43:35,889 - INFO - Processed data for BNBUSDT: $654.15
2025-06-30 14:43:37,765 - INFO - Processed data for BTCUSDT: $107789.00
2025-06-30 14:43:37,767 - INFO - Processed data for ETHUSDT: $2461.98
2025-06-30 14:43:37,965 - INFO - Processed data for BNBUSDT: $654.16
2025-06-30 14:43:39,812 - INFO - Processed data for BTCUSDT: $107789.01
2025-06-30 14:43:39,812 - INFO - Processed data for ETHUSDT: $2462.18
2025-06-30 14:43:39,828 - INFO - Processed data for BNBUSDT: $654.21
2025-06-30 14:43:41,961 - INFO - Inserted BTCUSDT data into database
2025-06-30 14:43:41,961 - INFO - Processed data for BTCUSDT: $107789.01
2025-06-30 14:43:42,270 - INFO - Inserted ETHUSDT data into database
2025-06-30 14:43:42,271 - INFO - Processed data for ETHUSDT: $2462.19
2025-06-30 14:43:42,273 - INFO - Processed data for BNBUSDT: $654.22
2025-06-30 14:43:43,766 - INFO - Processed data for BTCUSDT: $107789.00
2025-06-30 14:43:43,768 - INFO - Processed data for ETHUSDT: $2462.19
2025-06-30 14:43:43,824 - INFO - Processed data for BNBUSDT: $654.21
2025-06-30 14:43:45,752 - INFO - Processed data for BTCUSDT: $107785.33
2025-06-30 14:43:45,755 - INFO - Processed data for ETHUSDT: $2462.20
2025-06-30 14:43:47,797 - INFO - Processed data for BTCUSDT: $107789.01
2025-06-30 14:43:47,800 - INFO - Processed data for ETHUSDT: $2462.28
2025-06-30 14:43:47,834 - INFO - Processed data for BNBUSDT: $654.21
2025-06-30 14:43:49,851 - INFO - Processed data for BTCUSDT: $107794.91
2025-06-30 14:43:49,854 - INFO - Processed data for ETHUSDT: $2462.41
2025-06-30 14:43:49,856 - INFO - Processed data for BNBUSDT: $654.21
2025-06-30 14:43:51,756 - INFO - Processed data for BTCUSDT: $107794.91
2025-06-30 14:43:51,757 - INFO - Processed data for ETHUSDT: $2462.42
2025-06-30 14:43:52,035 - INFO - Inserted BNBUSDT data into database
2025-06-30 14:43:52,036 - INFO - Processed data for BNBUSDT: $654.21
2025-06-30 14:43:53,734 - INFO - Processed data for BTCUSDT: $107794.90
2025-06-30 14:43:53,744 - INFO - Processed data for ETHUSDT: $2462.41
2025-06-30 14:43:53,829 - INFO - Processed data for BNBUSDT: $654.22
2025-06-30 14:43:55,786 - INFO - Processed data for BTCUSDT: $107794.90
2025-06-30 14:43:55,788 - INFO - Processed data for ETHUSDT: $2462.57
2025-06-30 14:43:57,738 - INFO - Processed data for BTCUSDT: $107800.01
2025-06-30 14:43:57,740 - INFO - Processed data for ETHUSDT: $2462.74
2025-06-30 14:43:57,889 - INFO - Processed data for BNBUSDT: $654.21
2025-06-30 14:43:59,777 - INFO - Processed data for BNBUSDT: $654.22
2025-06-30 14:43:59,779 - INFO - Processed data for BTCUSDT: $107800.00
2025-06-30 14:43:59,780 - INFO - Processed data for BTCUSDT: $107800.00
2025-06-30 14:43:59,781 - INFO - Processed data for ETHUSDT: $2462.74
2025-06-30 14:43:59,782 - INFO - Processed data for ETHUSDT: $2462.74
2025-06-30 14:43:59,856 - INFO - Processed data for BNBUSDT: $654.22
2025-06-30 14:44:01,732 - INFO - Processed data for BTCUSDT: $107800.01
2025-06-30 14:44:01,739 - INFO - Processed data for ETHUSDT: $2462.74
2025-06-30 14:44:01,835 - INFO - Processed data for BNBUSDT: $654.22
2025-06-30 14:44:03,772 - INFO - Processed data for BTCUSDT: $107800.00
2025-06-30 14:44:03,775 - INFO - Processed data for ETHUSDT: $2462.75
2025-06-30 14:44:03,832 - INFO - Processed data for BNBUSDT: $654.22
2025-06-30 14:44:05,820 - INFO - Processed data for BTCUSDT: $107800.00
2025-06-30 14:44:05,823 - INFO - Processed data for ETHUSDT: $2462.75
2025-06-30 14:44:07,764 - INFO - Processed data for BTCUSDT: $107800.01
2025-06-30 14:44:07,766 - INFO - Processed data for ETHUSDT: $2462.76
2025-06-30 14:44:07,835 - INFO - Processed data for BNBUSDT: $654.21
2025-06-30 14:44:09,814 - INFO - Processed data for BTCUSDT: $107800.01
2025-06-30 14:44:09,817 - INFO - Processed data for ETHUSDT: $2462.77
2025-06-30 14:44:11,759 - INFO - Processed data for BTCUSDT: $107800.01
2025-06-30 14:44:11,759 - INFO - Processed data for ETHUSDT: $2462.76
2025-06-30 14:44:11,828 - INFO - Processed data for BNBUSDT: $654.21
2025-06-30 14:44:13,808 - INFO - Processed data for BTCUSDT: $107800.01
2025-06-30 14:44:13,810 - INFO - Processed data for ETHUSDT: $2462.77
2025-06-30 14:44:13,843 - INFO - Processed data for BNBUSDT: $654.21
2025-06-30 14:44:15,752 - INFO - Processed data for BTCUSDT: $107800.01
2025-06-30 14:44:15,756 - INFO - Processed data for ETHUSDT: $2462.76
2025-06-30 14:44:17,800 - INFO - Processed data for BTCUSDT: $107800.01
2025-06-30 14:44:17,803 - INFO - Processed data for ETHUSDT: $2462.76
2025-06-30 14:44:17,844 - INFO - Processed data for BNBUSDT: $654.22
2025-06-30 14:44:19,746 - INFO - Processed data for BTCUSDT: $107800.00
2025-06-30 14:44:19,746 - INFO - Processed data for ETHUSDT: $2462.63
2025-06-30 14:44:19,852 - INFO - Processed data for BNBUSDT: $654.22
2025-06-30 14:44:21,795 - INFO - Processed data for BTCUSDT: $107800.01
2025-06-30 14:44:21,798 - INFO - Processed data for ETHUSDT: $2462.62
2025-06-30 14:44:21,833 - INFO - Processed data for BNBUSDT: $654.22
2025-06-30 14:44:23,842 - INFO - Processed data for BTCUSDT: $107800.01
2025-06-30 14:44:23,845 - INFO - Processed data for ETHUSDT: $2462.62
2025-06-30 14:44:25,742 - INFO - Processed data for BTCUSDT: $107800.01
2025-06-30 14:44:25,743 - INFO - Processed data for ETHUSDT: $2462.62
2025-06-30 14:44:25,840 - INFO - Processed data for BNBUSDT: $654.22
2025-06-30 14:44:27,793 - INFO - Processed data for BTCUSDT: $107800.00
2025-06-30 14:44:27,795 - INFO - Processed data for ETHUSDT: $2462.62
2025-06-30 14:44:27,827 - INFO - Processed data for BNBUSDT: $654.22
2025-06-30 14:44:29,737 - INFO - Processed data for BTCUSDT: $107800.00
2025-06-30 14:44:29,737 - INFO - Processed data for ETHUSDT: $2462.94
2025-06-30 14:44:29,839 - INFO - Processed data for BNBUSDT: $654.23
2025-06-30 14:44:31,828 - INFO - Processed data for BTCUSDT: $107800.01
2025-06-30 14:44:31,828 - INFO - Processed data for ETHUSDT: $2462.95
2025-06-30 14:44:31,834 - INFO - Processed data for BNBUSDT: $654.23
2025-06-30 14:44:33,776 - INFO - Processed data for BTCUSDT: $107800.01
2025-06-30 14:44:33,877 - INFO - Processed data for BNBUSDT: $654.23
2025-06-30 14:44:35,763 - INFO - Processed data for BTCUSDT: $107800.01
2025-06-30 14:44:35,764 - INFO - Processed data for ETHUSDT: $2462.94
2025-06-30 14:44:35,828 - INFO - Processed data for BNBUSDT: $654.22
2025-06-30 14:44:37,747 - INFO - Processed data for BTCUSDT: $107800.00
2025-06-30 14:44:37,749 - INFO - Processed data for ETHUSDT: $2462.95
2025-06-30 14:44:37,843 - INFO - Processed data for BNBUSDT: $654.23
2025-06-30 14:44:39,818 - INFO - Processed data for BTCUSDT: $107800.01
2025-06-30 14:44:39,846 - INFO - Processed data for BNBUSDT: $654.22
2025-06-30 14:44:41,739 - INFO - Processed data for BTCUSDT: $107800.01
2025-06-30 14:44:41,740 - INFO - Processed data for ETHUSDT: $2462.94
2025-06-30 14:44:44,014 - INFO - Inserted BTCUSDT data into database
2025-06-30 14:44:44,014 - INFO - Processed data for BTCUSDT: $107800.01
2025-06-30 14:44:44,320 - INFO - Inserted ETHUSDT data into database
2025-06-30 14:44:44,320 - INFO - Processed data for ETHUSDT: $2462.94
2025-06-30 14:44:45,757 - INFO - Processed data for BTCUSDT: $107800.00
2025-06-30 14:44:45,759 - INFO - Processed data for ETHUSDT: $2462.94
2025-06-30 14:44:45,831 - INFO - Processed data for BNBUSDT: $654.23
2025-06-30 14:44:47,804 - INFO - Processed data for BTCUSDT: $107800.00
2025-06-30 14:44:47,805 - INFO - Processed data for ETHUSDT: $2462.72
2025-06-30 14:44:47,840 - INFO - Processed data for BNBUSDT: $654.23
2025-06-30 14:44:49,748 - INFO - Processed data for BTCUSDT: $107800.00
2025-06-30 14:44:49,749 - INFO - Processed data for ETHUSDT: $2462.73
2025-06-30 14:44:49,831 - INFO - Processed data for BNBUSDT: $654.22
2025-06-30 14:44:51,733 - INFO - Processed data for BTCUSDT: $107800.00
2025-06-30 14:44:51,737 - INFO - Processed data for ETHUSDT: $2462.72
2025-06-30 14:44:51,828 - INFO - Processed data for BNBUSDT: $654.23
2025-06-30 14:44:53,732 - INFO - Processed data for BTCUSDT: $107800.01
2025-06-30 14:44:53,739 - INFO - Processed data for ETHUSDT: $2463.00
2025-06-30 14:44:54,032 - INFO - Inserted BNBUSDT data into database
2025-06-30 14:44:54,034 - INFO - Processed data for BNBUSDT: $654.23
2025-06-30 14:44:55,791 - INFO - Processed data for BTCUSDT: $107800.01
2025-06-30 14:44:55,794 - INFO - Processed data for ETHUSDT: $2463.00
2025-06-30 14:44:55,854 - INFO - Processed data for BNBUSDT: $654.23
2025-06-30 14:44:57,751 - INFO - Processed data for BTCUSDT: $107800.00
2025-06-30 14:44:57,752 - INFO - Processed data for ETHUSDT: $2462.99
2025-06-30 14:44:57,852 - INFO - Processed data for BNBUSDT: $654.22
2025-06-30 14:44:59,785 - INFO - Processed data for BNBUSDT: $654.23
2025-06-30 14:44:59,788 - INFO - Processed data for BTCUSDT: $107800.00
2025-06-30 14:44:59,791 - INFO - Processed data for BTCUSDT: $107800.00
2025-06-30 14:44:59,793 - INFO - Processed data for ETHUSDT: $2462.99
2025-06-30 14:44:59,796 - INFO - Processed data for ETHUSDT: $2462.99
2025-06-30 14:44:59,839 - INFO - Processed data for BNBUSDT: $654.23
2025-06-30 14:45:01,738 - INFO - Processed data for BTCUSDT: $107800.01
2025-06-30 14:45:01,740 - INFO - Processed data for ETHUSDT: $2463.29
2025-06-30 14:45:03,778 - INFO - Processed data for BTCUSDT: $107811.89
2025-06-30 14:45:03,781 - INFO - Processed data for ETHUSDT: $2463.67
2025-06-30 14:45:03,827 - INFO - Processed data for BNBUSDT: $654.37
2025-06-30 14:45:05,739 - INFO - Processed data for BTCUSDT: $107818.62
2025-06-30 14:45:05,740 - INFO - Processed data for ETHUSDT: $2463.84
2025-06-30 14:45:05,828 - INFO - Processed data for BNBUSDT: $654.36
2025-06-30 14:45:07,772 - INFO - Processed data for BTCUSDT: $107818.62
2025-06-30 14:45:07,775 - INFO - Processed data for ETHUSDT: $2463.83
2025-06-30 14:45:07,830 - INFO - Processed data for BNBUSDT: $654.36
2025-06-30 14:45:09,821 - INFO - Processed data for BTCUSDT: $107818.61
2025-06-30 14:45:09,823 - INFO - Processed data for ETHUSDT: $2463.84
2025-06-30 14:45:09,842 - INFO - Processed data for BNBUSDT: $654.36
2025-06-30 14:45:11,765 - INFO - Processed data for BTCUSDT: $107818.62
2025-06-30 14:45:11,836 - INFO - Processed data for BNBUSDT: $654.36
2025-06-30 14:45:13,743 - INFO - Processed data for BTCUSDT: $107818.62
2025-06-30 14:45:13,746 - INFO - Processed data for ETHUSDT: $2463.83
2025-06-30 14:45:13,829 - INFO - Processed data for BNBUSDT: $654.37
2025-06-30 14:45:15,862 - INFO - Processed data for BTCUSDT: $107818.61
2025-06-30 14:45:15,865 - INFO - Processed data for ETHUSDT: $2463.83
2025-06-30 14:45:17,808 - INFO - Processed data for BTCUSDT: $107818.62
2025-06-30 14:45:17,810 - INFO - Processed data for ETHUSDT: $2463.14
2025-06-30 14:45:17,843 - INFO - Processed data for BNBUSDT: $654.36
2025-06-30 14:45:19,959 - INFO - Processed data for BTCUSDT: $107818.62
2025-06-30 14:45:19,962 - INFO - Processed data for ETHUSDT: $2463.14
2025-06-30 14:45:19,964 - INFO - Processed data for BNBUSDT: $654.36
2025-06-30 14:45:21,801 - INFO - Processed data for BTCUSDT: $107818.62
2025-06-30 14:45:21,805 - INFO - Processed data for ETHUSDT: $2463.14
2025-06-30 14:45:21,828 - INFO - Processed data for BNBUSDT: $654.36
2025-06-30 14:45:23,745 - INFO - Processed data for BTCUSDT: $107818.61
2025-06-30 14:45:23,746 - INFO - Processed data for ETHUSDT: $2463.15
2025-06-30 14:45:23,826 - INFO - Processed data for BNBUSDT: $654.37
2025-06-30 14:45:25,782 - INFO - Processed data for BTCUSDT: $107818.61
2025-06-30 14:45:25,785 - INFO - Processed data for ETHUSDT: $2463.14
2025-06-30 14:45:25,848 - INFO - Processed data for BNBUSDT: $654.36
2025-06-30 14:45:27,842 - INFO - Processed data for BTCUSDT: $107818.61
2025-06-30 14:45:27,845 - INFO - Processed data for ETHUSDT: $2463.12
2025-06-30 14:45:27,847 - INFO - Processed data for BNBUSDT: $654.37
2025-06-30 14:45:29,742 - INFO - Processed data for BTCUSDT: $107818.61
2025-06-30 14:45:29,744 - INFO - Processed data for ETHUSDT: $2463.38
2025-06-30 14:45:31,737 - INFO - Processed data for BTCUSDT: $107818.61
2025-06-30 14:45:31,737 - INFO - Processed data for ETHUSDT: $2463.39
2025-06-30 14:45:31,825 - INFO - Processed data for BNBUSDT: $654.36
2025-06-30 14:45:33,786 - INFO - Processed data for BTCUSDT: $107818.62
2025-06-30 14:45:33,786 - INFO - Processed data for ETHUSDT: $2463.40
2025-06-30 14:45:33,830 - INFO - Processed data for BNBUSDT: $654.37
2025-06-30 14:45:35,764 - INFO - Processed data for BTCUSDT: $107818.62
2025-06-30 14:45:35,767 - INFO - Processed data for ETHUSDT: $2463.53
2025-06-30 14:45:35,852 - INFO - Processed data for BNBUSDT: $654.36
2025-06-30 14:45:37,886 - INFO - Processed data for BTCUSDT: $107818.61
2025-06-30 14:45:37,889 - INFO - Processed data for ETHUSDT: $2463.58
2025-06-30 14:45:37,892 - INFO - Processed data for BNBUSDT: $654.36
2025-06-30 14:45:39,822 - INFO - Processed data for BTCUSDT: $107818.62
2025-06-30 14:45:39,834 - INFO - Processed data for BNBUSDT: $654.37
2025-06-30 14:45:41,749 - INFO - Processed data for BTCUSDT: $107818.62
2025-06-30 14:45:41,751 - INFO - Processed data for ETHUSDT: $2463.58
2025-06-30 14:45:41,840 - INFO - Processed data for BNBUSDT: $654.36
2025-06-30 14:45:44,019 - INFO - Inserted BTCUSDT data into database
2025-06-30 14:45:44,020 - INFO - Processed data for BTCUSDT: $107818.62
2025-06-30 14:45:44,021 - INFO - Processed data for BNBUSDT: $654.36
2025-06-30 14:45:45,763 - INFO - Processed data for BTCUSDT: $107818.61
2025-06-30 14:45:46,068 - INFO - Inserted ETHUSDT data into database
2025-06-30 14:45:46,070 - INFO - Processed data for ETHUSDT: $2463.58
2025-06-30 14:45:47,810 - INFO - Processed data for BTCUSDT: $107824.02
2025-06-30 14:45:47,811 - INFO - Processed data for ETHUSDT: $2463.81
2025-06-30 14:45:47,832 - INFO - Processed data for BNBUSDT: $654.36
2025-06-30 14:45:49,754 - INFO - Processed data for BTCUSDT: $107824.03
2025-06-30 14:45:49,755 - INFO - Processed data for ETHUSDT: $2463.82
2025-06-30 14:45:49,834 - INFO - Processed data for BNBUSDT: $654.37
2025-06-30 14:45:51,743 - INFO - Processed data for BTCUSDT: $107824.03
2025-06-30 14:45:51,869 - INFO - Processed data for BNBUSDT: $654.36
2025-06-30 14:45:53,750 - INFO - Processed data for BTCUSDT: $107824.03
2025-06-30 14:45:53,753 - INFO - Processed data for ETHUSDT: $2463.88
2025-06-30 14:45:55,798 - INFO - Processed data for BTCUSDT: $107838.47
2025-06-30 14:45:55,802 - INFO - Processed data for ETHUSDT: $2464.25
2025-06-30 14:45:56,026 - INFO - Inserted BNBUSDT data into database
2025-06-30 14:45:56,027 - INFO - Processed data for BNBUSDT: $654.40
2025-06-30 14:45:57,736 - INFO - Processed data for BTCUSDT: $107838.47
2025-06-30 14:45:57,737 - INFO - Processed data for ETHUSDT: $2464.25
2025-06-30 14:45:57,850 - INFO - Processed data for BNBUSDT: $654.40
2025-06-30 14:45:59,791 - INFO - Processed data for BNBUSDT: $654.40
2025-06-30 14:45:59,794 - INFO - Processed data for BTCUSDT: $107838.47
2025-06-30 14:45:59,796 - INFO - Processed data for BTCUSDT: $107838.47
2025-06-30 14:45:59,799 - INFO - Processed data for ETHUSDT: $2464.26
2025-06-30 14:45:59,802 - INFO - Processed data for ETHUSDT: $2464.26
2025-06-30 14:45:59,845 - INFO - Processed data for BNBUSDT: $654.40
2025-06-30 14:46:01,742 - INFO - Processed data for BTCUSDT: $107838.46
2025-06-30 14:46:01,745 - INFO - Processed data for ETHUSDT: $2464.25
2025-06-30 14:46:01,833 - INFO - Processed data for BNBUSDT: $654.39
2025-06-30 14:46:03,738 - INFO - Processed data for BTCUSDT: $107838.47
2025-06-30 14:46:03,738 - INFO - Processed data for ETHUSDT: $2464.25
2025-06-30 14:46:03,859 - INFO - Processed data for BNBUSDT: $654.42
2025-06-30 14:46:05,744 - INFO - Processed data for BTCUSDT: $107838.46
2025-06-30 14:46:05,746 - INFO - Processed data for ETHUSDT: $2464.13
2025-06-30 14:46:07,778 - INFO - Processed data for BTCUSDT: $107838.47
2025-06-30 14:46:07,780 - INFO - Processed data for ETHUSDT: $2464.13
2025-06-30 14:46:07,853 - INFO - Processed data for BNBUSDT: $654.42
2025-06-30 14:46:09,825 - INFO - Processed data for BTCUSDT: $107838.46
2025-06-30 14:46:09,826 - INFO - Processed data for ETHUSDT: $2464.12
2025-06-30 14:46:09,827 - INFO - Processed data for BNBUSDT: $654.41
2025-06-30 14:46:11,778 - INFO - Processed data for BTCUSDT: $107838.47
2025-06-30 14:46:11,778 - INFO - Processed data for ETHUSDT: $2464.07
2025-06-30 14:46:11,824 - INFO - Processed data for BNBUSDT: $654.41
2025-06-30 14:46:13,781 - INFO - Processed data for BTCUSDT: $107838.46
2025-06-30 14:46:13,783 - INFO - Processed data for ETHUSDT: $2464.07
2025-06-30 14:46:13,840 - INFO - Processed data for BNBUSDT: $654.42
2025-06-30 14:46:15,758 - INFO - Processed data for BTCUSDT: $107838.47
2025-06-30 14:46:15,777 - INFO - Processed data for ETHUSDT: $2464.08
2025-06-30 14:46:15,859 - INFO - Processed data for BNBUSDT: $654.41
2025-06-30 14:46:17,736 - INFO - Processed data for BTCUSDT: $107838.47
2025-06-30 14:46:17,737 - INFO - Processed data for ETHUSDT: $2464.08
2025-06-30 14:46:17,828 - INFO - Processed data for BNBUSDT: $654.42
2025-06-30 14:46:19,757 - INFO - Processed data for BTCUSDT: $107838.47
2025-06-30 14:46:19,757 - INFO - Processed data for ETHUSDT: $2464.08
2025-06-30 14:46:19,825 - INFO - Processed data for BNBUSDT: $654.41
2025-06-30 14:46:21,806 - INFO - Processed data for BTCUSDT: $107838.47
2025-06-30 14:46:21,807 - INFO - Processed data for ETHUSDT: $2464.10
2025-06-30 14:46:21,826 - INFO - Processed data for BNBUSDT: $654.42
2025-06-30 14:46:23,752 - INFO - Processed data for BTCUSDT: $107838.47
2025-06-30 14:46:23,753 - INFO - Processed data for ETHUSDT: $2464.20
2025-06-30 14:46:25,746 - INFO - Processed data for BTCUSDT: $107838.47
2025-06-30 14:46:25,748 - INFO - Processed data for ETHUSDT: $2464.20
2025-06-30 14:46:25,903 - INFO - Processed data for BNBUSDT: $654.41
2025-06-30 14:46:27,735 - INFO - Processed data for BTCUSDT: $107838.47
2025-06-30 14:46:27,743 - INFO - Processed data for ETHUSDT: $2464.20
2025-06-30 14:46:27,825 - INFO - Processed data for BNBUSDT: $654.42
2025-06-30 14:46:29,741 - INFO - Processed data for BTCUSDT: $107838.46
2025-06-30 14:46:29,742 - INFO - Processed data for ETHUSDT: $2464.20
2025-06-30 14:46:29,837 - INFO - Processed data for BNBUSDT: $654.42
2025-06-30 14:46:31,745 - INFO - Processed data for BTCUSDT: $107838.46
2025-06-30 14:46:31,748 - INFO - Processed data for ETHUSDT: $2464.24
2025-06-30 14:46:31,879 - INFO - Processed data for BNBUSDT: $654.42
2025-06-30 14:46:33,809 - INFO - Processed data for BTCUSDT: $107838.46
2025-06-30 14:46:33,811 - INFO - Processed data for ETHUSDT: $2464.25
2025-06-30 14:46:33,835 - INFO - Processed data for BNBUSDT: $654.41
2025-06-30 14:46:35,937 - INFO - Processed data for BTCUSDT: $107838.47
2025-06-30 14:46:37,780 - INFO - Processed data for BTCUSDT: $107838.47
2025-06-30 14:46:37,784 - INFO - Processed data for ETHUSDT: $2464.24
2025-06-30 14:46:37,826 - INFO - Processed data for BNBUSDT: $654.42
2025-06-30 14:46:39,749 - INFO - Processed data for BTCUSDT: $107838.47
2025-06-30 14:46:39,751 - INFO - Processed data for ETHUSDT: $2464.08
2025-06-30 14:46:39,827 - INFO - Processed data for BNBUSDT: $654.39
2025-06-30 14:46:41,740 - INFO - Processed data for BTCUSDT: $107838.47
2025-06-30 14:46:41,742 - INFO - Processed data for ETHUSDT: $2464.08
2025-06-30 14:46:41,843 - INFO - Processed data for BNBUSDT: $654.40
2025-06-30 14:46:44,026 - INFO - Inserted BTCUSDT data into database
2025-06-30 14:46:44,026 - INFO - Processed data for BTCUSDT: $107838.46
2025-06-30 14:46:44,027 - INFO - Processed data for ETHUSDT: $2464.21
2025-06-30 14:46:44,028 - INFO - Processed data for BNBUSDT: $654.39
2025-06-30 14:46:45,769 - INFO - Processed data for BTCUSDT: $107838.47
2025-06-30 14:46:45,979 - INFO - Inserted ETHUSDT data into database
2025-06-30 14:46:45,980 - INFO - Processed data for ETHUSDT: $2464.21
2025-06-30 14:46:47,761 - INFO - Processed data for BTCUSDT: $107838.46
2025-06-30 14:46:48,278 - INFO - Processed data for ETHUSDT: $2464.20
2025-06-30 14:46:48,279 - INFO - Processed data for BNBUSDT: $654.40
2025-06-30 14:46:49,760 - INFO - Processed data for BTCUSDT: $107838.47
2025-06-30 14:46:49,761 - INFO - Processed data for ETHUSDT: $2464.20
2025-06-30 14:46:50,869 - INFO - Processed data for BNBUSDT: $654.40
2025-06-30 14:46:51,749 - INFO - Processed data for BTCUSDT: $107838.46
2025-06-30 14:46:51,750 - INFO - Processed data for ETHUSDT: $2464.25
2025-06-30 14:46:51,827 - INFO - Processed data for BNBUSDT: $654.40
2025-06-30 14:46:53,757 - INFO - Processed data for BTCUSDT: $107838.46
2025-06-30 14:46:53,757 - INFO - Processed data for ETHUSDT: $2464.25
2025-06-30 14:46:54,155 - INFO - Processed data for BNBUSDT: $654.40
2025-06-30 14:46:55,732 - INFO - Processed data for BTCUSDT: $107838.46
2025-06-30 14:46:55,732 - INFO - Processed data for ETHUSDT: $2464.25
2025-06-30 14:46:57,135 - INFO - Inserted BNBUSDT data into database
2025-06-30 14:46:57,135 - INFO - Processed data for BNBUSDT: $654.39
2025-06-30 14:46:57,736 - INFO - Processed data for BTCUSDT: $107838.46
2025-06-30 14:46:57,737 - INFO - Processed data for ETHUSDT: $2464.25
2025-06-30 14:46:57,849 - INFO - Processed data for BNBUSDT: $654.40
2025-06-30 14:46:59,759 - INFO - Processed data for BNBUSDT: $654.36
2025-06-30 14:46:59,764 - INFO - Processed data for BTCUSDT: $107838.46
2025-06-30 14:46:59,765 - INFO - Processed data for BTCUSDT: $107838.46
2025-06-30 14:47:01,039 - INFO - Processed data for ETHUSDT: $2464.25
2025-06-30 14:47:01,040 - INFO - Processed data for ETHUSDT: $2464.25
2025-06-30 14:47:01,041 - INFO - Processed data for BNBUSDT: $654.36
2025-06-30 14:47:01,746 - INFO - Processed data for BTCUSDT: $107838.46
2025-06-30 14:47:01,747 - INFO - Processed data for ETHUSDT: $2464.26
2025-06-30 14:47:02,152 - INFO - Processed data for BNBUSDT: $654.35
2025-06-30 14:47:04,101 - INFO - Processed data for BTCUSDT: $107838.47
2025-06-30 14:47:04,102 - INFO - Processed data for ETHUSDT: $2464.58
2025-06-30 14:47:04,103 - INFO - Processed data for BNBUSDT: $654.35
2025-06-30 14:47:05,794 - INFO - Processed data for BTCUSDT: $107838.46
2025-06-30 14:47:05,794 - INFO - Processed data for ETHUSDT: $2464.69
2025-06-30 14:47:07,784 - INFO - Processed data for BTCUSDT: $107838.47
2025-06-30 14:47:07,785 - INFO - Processed data for ETHUSDT: $2464.69
2025-06-30 14:47:07,855 - INFO - Processed data for BNBUSDT: $654.35
2025-06-30 14:47:09,832 - INFO - Processed data for BTCUSDT: $107838.47
2025-06-30 14:47:09,833 - INFO - Processed data for ETHUSDT: $2464.69
2025-06-30 14:47:09,834 - INFO - Processed data for BNBUSDT: $654.36
2025-06-30 14:47:11,750 - INFO - Processed data for BTCUSDT: $107838.46
2025-06-30 14:47:11,750 - INFO - Processed data for ETHUSDT: $2464.70
2025-06-30 14:47:11,842 - INFO - Processed data for BNBUSDT: $654.35
2025-06-30 14:47:13,822 - INFO - Processed data for BTCUSDT: $107838.47
2025-06-30 14:47:13,823 - INFO - Processed data for ETHUSDT: $2464.69
2025-06-30 14:47:13,837 - INFO - Processed data for BNBUSDT: $654.35
2025-06-30 14:47:15,737 - INFO - Processed data for BTCUSDT: $107838.46
2025-06-30 14:47:15,739 - INFO - Processed data for ETHUSDT: $2464.69
2025-06-30 14:47:16,849 - INFO - Processed data for BNBUSDT: $654.36
2025-06-30 14:47:17,849 - INFO - Processed data for BTCUSDT: $107838.47
2025-06-30 14:47:17,850 - INFO - Processed data for ETHUSDT: $2464.70
2025-06-30 14:47:19,766 - INFO - Processed data for BTCUSDT: $107838.47
2025-06-30 14:47:19,767 - INFO - Processed data for ETHUSDT: $2464.70
2025-06-30 14:47:19,825 - INFO - Processed data for BNBUSDT: $654.36
2025-06-30 14:47:21,823 - INFO - Processed data for BTCUSDT: $107838.46
2025-06-30 14:47:21,824 - INFO - Processed data for ETHUSDT: $2464.66
2025-06-30 14:47:21,830 - INFO - Processed data for BNBUSDT: $654.35
2025-06-30 14:47:23,750 - INFO - Processed data for BTCUSDT: $107838.46
2025-06-30 14:47:23,751 - INFO - Processed data for ETHUSDT: $2464.60
2025-06-30 14:47:23,824 - INFO - Processed data for BNBUSDT: $654.35
2025-06-30 14:47:26,242 - INFO - Processed data for BTCUSDT: $107838.46
2025-06-30 14:47:26,252 - INFO - Processed data for ETHUSDT: $2464.59
2025-06-30 14:47:26,252 - INFO - Processed data for BNBUSDT: $654.35
2025-06-30 14:47:27,755 - INFO - Processed data for BTCUSDT: $107838.46
2025-06-30 14:47:27,756 - INFO - Processed data for ETHUSDT: $2464.35
2025-06-30 14:47:28,161 - INFO - Processed data for BNBUSDT: $654.36
2025-06-30 14:47:29,735 - INFO - Processed data for BTCUSDT: $107838.47
2025-06-30 14:47:29,736 - INFO - Processed data for ETHUSDT: $2464.35
2025-06-30 14:47:29,823 - INFO - Processed data for BNBUSDT: $654.35
2025-06-30 14:47:31,737 - INFO - Processed data for BTCUSDT: $107838.47
2025-06-30 14:47:31,738 - INFO - Processed data for ETHUSDT: $2464.35
2025-06-30 14:47:31,852 - INFO - Processed data for BNBUSDT: $654.35
2025-06-30 14:47:33,744 - INFO - Processed data for BTCUSDT: $107838.47
2025-06-30 14:47:33,747 - INFO - Processed data for ETHUSDT: $2464.56
2025-06-30 14:47:33,824 - INFO - Processed data for BNBUSDT: $654.36
2025-06-30 14:47:35,740 - INFO - Processed data for BTCUSDT: $107838.46
2025-06-30 14:47:35,741 - INFO - Processed data for ETHUSDT: $2464.81
2025-06-30 14:47:37,788 - INFO - Processed data for BTCUSDT: $107838.46
2025-06-30 14:47:37,789 - INFO - Processed data for ETHUSDT: $2464.80
2025-06-30 14:47:37,827 - INFO - Processed data for BNBUSDT: $654.35
2025-06-30 14:47:39,827 - INFO - Processed data for BTCUSDT: $107838.46
2025-06-30 14:47:39,828 - INFO - Processed data for ETHUSDT: $2464.80
2025-06-30 14:47:39,854 - INFO - Processed data for BNBUSDT: $654.36
2025-06-30 14:47:41,766 - INFO - Processed data for BTCUSDT: $107838.46
2025-06-30 14:47:41,822 - INFO - Processed data for BNBUSDT: $654.35
2025-06-30 14:47:43,746 - INFO - Processed data for BTCUSDT: $107838.46
2025-06-30 14:47:43,747 - INFO - Processed data for ETHUSDT: $2464.80
2025-06-30 14:47:43,823 - INFO - Processed data for BNBUSDT: $654.36
2025-06-30 14:47:45,959 - INFO - Inserted BTCUSDT data into database
2025-06-30 14:47:45,961 - INFO - Processed data for BTCUSDT: $107838.47
2025-06-30 14:47:46,163 - INFO - Inserted ETHUSDT data into database
2025-06-30 14:47:46,164 - INFO - Processed data for ETHUSDT: $2464.80
2025-06-30 14:47:46,166 - INFO - Processed data for BNBUSDT: $654.36
2025-06-30 14:47:47,801 - INFO - Processed data for BTCUSDT: $107838.46
2025-06-30 14:47:47,802 - INFO - Processed data for ETHUSDT: $2464.80
2025-06-30 14:47:47,823 - INFO - Processed data for BNBUSDT: $654.35
2025-06-30 14:47:49,756 - INFO - Processed data for BTCUSDT: $107838.47
2025-06-30 14:47:49,756 - INFO - Processed data for ETHUSDT: $2464.80
2025-06-30 14:47:49,827 - INFO - Processed data for BNBUSDT: $654.36
2025-06-30 14:47:51,739 - INFO - Processed data for BTCUSDT: $107838.46
2025-06-30 14:47:51,740 - INFO - Processed data for ETHUSDT: $2464.51
2025-06-30 14:47:51,829 - INFO - Processed data for BNBUSDT: $654.35
2025-06-30 14:47:53,761 - INFO - Processed data for BTCUSDT: $107838.46
2025-06-30 14:47:53,761 - INFO - Processed data for ETHUSDT: $2464.50
2025-06-30 14:47:55,754 - INFO - Processed data for BTCUSDT: $107838.47
2025-06-30 14:47:55,754 - INFO - Processed data for ETHUSDT: $2464.50
2025-06-30 14:47:55,840 - INFO - Processed data for BNBUSDT: $654.36
2025-06-30 14:47:57,762 - INFO - Processed data for BTCUSDT: $107838.47
2025-06-30 14:47:58,300 - INFO - Processed data for ETHUSDT: $2464.51
2025-06-30 14:47:58,513 - INFO - Inserted BNBUSDT data into database
2025-06-30 14:47:58,514 - INFO - Processed data for BNBUSDT: $654.36
2025-06-30 14:47:59,724 - INFO - Processed data for BNBUSDT: $654.36
2025-06-30 14:47:59,733 - INFO - Processed data for BTCUSDT: $107838.47
2025-06-30 14:47:59,735 - INFO - Processed data for BTCUSDT: $107838.47
2025-06-30 14:48:00,152 - INFO - Processed data for ETHUSDT: $2464.50
2025-06-30 14:48:00,152 - INFO - Processed data for ETHUSDT: $2464.50
2025-06-30 14:48:00,154 - INFO - Processed data for BNBUSDT: $654.36
2025-06-30 14:48:02,270 - INFO - Processed data for BTCUSDT: $107838.47
2025-06-30 14:48:02,272 - INFO - Processed data for ETHUSDT: $2464.50
2025-06-30 14:48:02,272 - INFO - Processed data for BNBUSDT: $654.36
2025-06-30 14:48:03,757 - INFO - Processed data for BTCUSDT: $107838.47
2025-06-30 14:48:03,757 - INFO - Processed data for ETHUSDT: $2464.80
2025-06-30 14:48:04,196 - INFO - Processed data for BNBUSDT: $654.36
2025-06-30 14:48:05,761 - INFO - Processed data for BTCUSDT: $107838.47
2025-06-30 14:48:05,762 - INFO - Processed data for ETHUSDT: $2464.80
2025-06-30 14:48:07,747 - INFO - Processed data for BTCUSDT: $107838.47
2025-06-30 14:48:07,748 - INFO - Processed data for ETHUSDT: $2464.79
2025-06-30 14:48:07,864 - INFO - Processed data for BNBUSDT: $654.35
2025-06-30 14:48:09,843 - INFO - Processed data for BTCUSDT: $107838.47
2025-06-30 14:48:09,845 - INFO - Processed data for ETHUSDT: $2464.80
2025-06-30 14:48:09,848 - INFO - Processed data for BNBUSDT: $654.35
2025-06-30 14:48:11,784 - INFO - Processed data for BTCUSDT: $107838.46
2025-06-30 14:48:11,824 - INFO - Processed data for BNBUSDT: $654.36
2025-06-30 14:48:13,835 - INFO - Processed data for BTCUSDT: $107838.46
2025-06-30 14:48:13,836 - INFO - Processed data for ETHUSDT: $2464.80
2025-06-30 14:48:13,866 - INFO - Processed data for BNBUSDT: $654.36
2025-06-30 14:48:15,882 - INFO - Processed data for BTCUSDT: $107838.47
2025-06-30 14:48:15,884 - INFO - Processed data for ETHUSDT: $2464.80
2025-06-30 14:48:15,885 - INFO - Processed data for BNBUSDT: $654.36
2025-06-30 14:48:17,734 - INFO - Processed data for BTCUSDT: $107838.46
2025-06-30 14:48:17,737 - INFO - Processed data for ETHUSDT: $2464.79
2025-06-30 14:48:17,831 - INFO - Processed data for BNBUSDT: $654.35
2025-06-30 14:48:19,775 - INFO - Processed data for BTCUSDT: $107838.47
2025-06-30 14:48:19,776 - INFO - Processed data for ETHUSDT: $2464.79
2025-06-30 14:48:19,831 - INFO - Processed data for BNBUSDT: $654.36
2025-06-30 14:48:21,821 - INFO - Processed data for BTCUSDT: $107838.46
2025-06-30 14:48:21,823 - INFO - Processed data for ETHUSDT: $2464.80
2025-06-30 14:48:21,849 - INFO - Processed data for BNBUSDT: $654.36
2025-06-30 14:48:23,871 - INFO - Processed data for BTCUSDT: $107838.47
2025-06-30 14:48:23,872 - INFO - Processed data for ETHUSDT: $2464.80
2025-06-30 14:48:25,812 - INFO - Processed data for BTCUSDT: $107838.47
2025-06-30 14:48:25,814 - INFO - Processed data for ETHUSDT: $2464.80
2025-06-30 14:48:25,839 - INFO - Processed data for BNBUSDT: $654.36
2025-06-30 14:48:27,739 - INFO - Processed data for BTCUSDT: $107838.47
2025-06-30 14:48:27,740 - INFO - Processed data for ETHUSDT: $2464.79
2025-06-30 14:48:27,860 - INFO - Processed data for BNBUSDT: $654.36
2025-06-30 14:48:30,266 - INFO - Processed data for BTCUSDT: $107838.47
2025-06-30 14:48:30,267 - INFO - Processed data for ETHUSDT: $2464.80
2025-06-30 14:48:30,269 - INFO - Processed data for BNBUSDT: $654.36
2025-06-30 14:48:31,762 - INFO - Processed data for BTCUSDT: $107838.47
2025-06-30 14:48:31,763 - INFO - Processed data for ETHUSDT: $2464.80
2025-06-30 14:48:33,759 - INFO - Processed data for BTCUSDT: $107838.47
2025-06-30 14:48:33,762 - INFO - Processed data for ETHUSDT: $2464.79
2025-06-30 14:48:34,158 - INFO - Processed data for BNBUSDT: $654.35
2025-06-30 14:48:35,736 - INFO - Processed data for BTCUSDT: $107838.47
2025-06-30 14:48:35,739 - INFO - Processed data for ETHUSDT: $2464.79
2025-06-30 14:48:35,824 - INFO - Processed data for BNBUSDT: $654.36
2025-06-30 14:48:37,794 - INFO - Processed data for BTCUSDT: $107838.47
2025-06-30 14:48:37,795 - INFO - Processed data for ETHUSDT: $2464.79
2025-06-30 14:48:37,840 - INFO - Processed data for BNBUSDT: $654.36
2025-06-30 14:48:39,841 - INFO - Processed data for BTCUSDT: $107838.47
2025-06-30 14:48:39,842 - INFO - Processed data for ETHUSDT: $2464.80
2025-06-30 14:48:39,843 - INFO - Processed data for BNBUSDT: $654.36
2025-06-30 14:48:41,788 - INFO - Processed data for BTCUSDT: $107838.47
2025-06-30 14:48:41,788 - INFO - Processed data for ETHUSDT: $2464.80
2025-06-30 14:48:41,835 - INFO - Processed data for BNBUSDT: $654.36
2025-06-30 14:48:43,835 - INFO - Processed data for BTCUSDT: $107838.47
2025-06-30 14:48:43,837 - INFO - Processed data for ETHUSDT: $2464.79
2025-06-30 14:48:43,837 - INFO - Processed data for BNBUSDT: $654.36
2025-06-30 14:48:45,741 - INFO - Processed data for BTCUSDT: $107838.46
2025-06-30 14:48:45,742 - INFO - Processed data for ETHUSDT: $2464.80
2025-06-30 14:48:45,829 - INFO - Processed data for BNBUSDT: $654.36
2025-06-30 14:48:47,991 - INFO - Inserted BTCUSDT data into database
2025-06-30 14:48:47,992 - INFO - Processed data for BTCUSDT: $107838.47
2025-06-30 14:48:48,243 - INFO - Inserted ETHUSDT data into database
2025-06-30 14:48:48,243 - INFO - Processed data for ETHUSDT: $2464.69
2025-06-30 14:48:48,243 - INFO - Processed data for BNBUSDT: $654.36
2025-06-30 14:48:49,775 - INFO - Processed data for BTCUSDT: $107838.47
2025-06-30 14:48:49,865 - INFO - Processed data for BNBUSDT: $654.36
2025-06-30 14:48:51,738 - INFO - Processed data for BTCUSDT: $107838.47
2025-06-30 14:48:51,739 - INFO - Processed data for ETHUSDT: $2464.70
2025-06-30 14:48:51,858 - INFO - Processed data for BNBUSDT: $654.36
2025-06-30 14:48:53,731 - INFO - Processed data for BTCUSDT: $107838.46
2025-06-30 14:48:53,750 - INFO - Processed data for ETHUSDT: $2464.70
2025-06-30 14:48:53,977 - INFO - Processed data for BNBUSDT: $654.36
2025-06-30 14:48:55,765 - INFO - Processed data for BTCUSDT: $107838.46
2025-06-30 14:48:55,766 - INFO - Processed data for ETHUSDT: $2464.70
2025-06-30 14:48:55,855 - INFO - Processed data for BNBUSDT: $654.35
2025-06-30 14:48:57,788 - INFO - Processed data for BTCUSDT: $107838.46
2025-06-30 14:48:57,788 - INFO - Processed data for ETHUSDT: $2464.35
2025-06-30 14:48:57,831 - INFO - Processed data for BNBUSDT: $654.36
2025-06-30 14:49:00,116 - INFO - Inserted BNBUSDT data into database
2025-06-30 14:49:00,117 - INFO - Processed data for BNBUSDT: $654.36
2025-06-30 14:49:00,118 - INFO - Processed data for BTCUSDT: $107838.46
2025-06-30 14:49:00,118 - INFO - Processed data for BTCUSDT: $107838.46
2025-06-30 14:49:00,119 - INFO - Processed data for ETHUSDT: $2464.35
2025-06-30 14:49:00,120 - INFO - Processed data for ETHUSDT: $2464.35
2025-06-30 14:49:00,121 - INFO - Processed data for BNBUSDT: $654.36
2025-06-30 14:49:01,858 - INFO - Processed data for BTCUSDT: $107838.47
2025-06-30 14:49:01,858 - INFO - Processed data for ETHUSDT: $2464.35
2025-06-30 14:49:01,861 - INFO - Processed data for BNBUSDT: $654.36
2025-06-30 14:49:03,805 - INFO - Processed data for BTCUSDT: $107838.47
2025-06-30 14:49:03,807 - INFO - Processed data for ETHUSDT: $2464.34
2025-06-30 14:49:03,831 - INFO - Processed data for BNBUSDT: $654.35
2025-06-30 14:49:05,755 - INFO - Processed data for BTCUSDT: $107838.47
2025-06-30 14:49:05,757 - INFO - Processed data for ETHUSDT: $2464.35
2025-06-30 14:49:05,833 - INFO - Processed data for BNBUSDT: $654.36
2025-06-30 14:49:07,796 - INFO - Processed data for BTCUSDT: $107838.47
2025-06-30 14:49:07,798 - INFO - Processed data for ETHUSDT: $2464.11
2025-06-30 14:49:09,750 - INFO - Processed data for BTCUSDT: $107838.46
2025-06-30 14:49:09,751 - INFO - Processed data for ETHUSDT: $2464.03
2025-06-30 14:49:09,825 - INFO - Processed data for BNBUSDT: $654.36
2025-06-30 14:49:11,737 - INFO - Processed data for BTCUSDT: $107838.46
2025-06-30 14:49:11,826 - INFO - Processed data for BNBUSDT: $654.36
2025-06-30 14:49:13,741 - INFO - Processed data for BTCUSDT: $107838.46
2025-06-30 14:49:13,743 - INFO - Processed data for ETHUSDT: $2464.03
2025-06-30 14:49:13,837 - INFO - Processed data for BNBUSDT: $654.35
2025-06-30 14:49:15,730 - INFO - Processed data for BTCUSDT: $107838.47
2025-06-30 14:49:15,735 - INFO - Processed data for ETHUSDT: $2464.03
2025-06-30 14:49:17,765 - INFO - Processed data for BTCUSDT: $107838.47
2025-06-30 14:49:17,766 - INFO - Processed data for ETHUSDT: $2464.03
2025-06-30 14:49:17,863 - INFO - Processed data for BNBUSDT: $654.36
2025-06-30 14:49:19,881 - INFO - Processed data for BTCUSDT: $107838.47
2025-06-30 14:49:19,882 - INFO - Processed data for ETHUSDT: $2463.98
2025-06-30 14:49:19,889 - INFO - Processed data for BNBUSDT: $654.36
2025-06-30 14:49:21,826 - INFO - Processed data for BTCUSDT: $107838.47
2025-06-30 14:49:21,828 - INFO - Processed data for ETHUSDT: $2463.98
2025-06-30 14:49:21,908 - INFO - Processed data for BNBUSDT: $654.36
2025-06-30 14:49:23,732 - INFO - Processed data for BTCUSDT: $107838.47
2025-06-30 14:49:23,734 - INFO - Processed data for ETHUSDT: $2463.97
2025-06-30 14:49:23,825 - INFO - Processed data for BNBUSDT: $654.36
2025-06-30 14:49:25,762 - INFO - Processed data for BTCUSDT: $107838.47
2025-06-30 14:49:25,763 - INFO - Processed data for ETHUSDT: $2463.98
2025-06-30 14:49:25,857 - INFO - Processed data for BNBUSDT: $654.36
2025-06-30 14:49:27,778 - INFO - Processed data for BTCUSDT: $107838.46
2025-06-30 14:49:27,779 - INFO - Processed data for ETHUSDT: $2463.98
2025-06-30 14:49:27,829 - INFO - Processed data for BNBUSDT: $654.36
2025-06-30 14:49:29,849 - INFO - Processed data for BTCUSDT: $107838.46
2025-06-30 14:49:29,850 - INFO - Processed data for ETHUSDT: $2463.98
2025-06-30 14:49:29,851 - INFO - Processed data for BNBUSDT: $654.36
2025-06-30 14:49:31,748 - INFO - Processed data for BTCUSDT: $107838.47
2025-06-30 14:49:31,749 - INFO - Processed data for ETHUSDT: $2463.98
2025-06-30 14:49:31,825 - INFO - Processed data for BNBUSDT: $654.36
2025-06-30 14:49:33,807 - INFO - Processed data for BTCUSDT: $107838.47
2025-06-30 14:49:33,808 - INFO - Processed data for ETHUSDT: $2463.98
2025-06-30 14:49:33,832 - INFO - Processed data for BNBUSDT: $654.36
2025-06-30 14:49:35,742 - INFO - Processed data for BTCUSDT: $107838.47
2025-06-30 14:49:35,743 - INFO - Processed data for ETHUSDT: $2463.98
2025-06-30 14:49:35,828 - INFO - Processed data for BNBUSDT: $654.36
2025-06-30 14:49:37,798 - INFO - Processed data for BTCUSDT: $107838.47
2025-06-30 14:49:37,801 - INFO - Processed data for ETHUSDT: $2463.98
2025-06-30 14:49:37,849 - INFO - Processed data for BNBUSDT: $654.36
2025-06-30 14:49:39,799 - INFO - Processed data for BTCUSDT: $107838.46
2025-06-30 14:49:39,832 - INFO - Processed data for BNBUSDT: $654.36
2025-06-30 14:49:41,794 - INFO - Processed data for BTCUSDT: $107838.47
2025-06-30 14:49:41,795 - INFO - Processed data for ETHUSDT: $2463.97
2025-06-30 14:49:41,835 - INFO - Processed data for BNBUSDT: $654.36
2025-06-30 14:49:43,739 - INFO - Processed data for BTCUSDT: $107838.46
2025-06-30 14:49:43,739 - INFO - Processed data for ETHUSDT: $2463.97
2025-06-30 14:49:43,827 - INFO - Processed data for BNBUSDT: $654.35
2025-06-30 14:49:45,777 - INFO - Processed data for BTCUSDT: $107838.46
2025-06-30 14:49:45,777 - INFO - Processed data for ETHUSDT: $2463.98
2025-06-30 14:49:45,838 - INFO - Processed data for BNBUSDT: $654.36
2025-06-30 14:49:48,148 - INFO - Inserted BTCUSDT data into database
2025-06-30 14:49:48,149 - INFO - Processed data for BTCUSDT: $107838.46
2025-06-30 14:49:48,151 - INFO - Processed data for BNBUSDT: $654.36
2025-06-30 14:49:49,785 - INFO - Processed data for BTCUSDT: $107838.46
2025-06-30 14:49:49,986 - INFO - Inserted ETHUSDT data into database
2025-06-30 14:49:49,986 - INFO - Processed data for ETHUSDT: $2463.98
2025-06-30 14:49:49,987 - INFO - Processed data for BNBUSDT: $654.36
2025-06-30 14:49:51,738 - INFO - Processed data for BTCUSDT: $107838.46
2025-06-30 14:49:51,748 - INFO - Processed data for ETHUSDT: $2463.98
2025-06-30 14:49:53,774 - INFO - Processed data for BTCUSDT: $107838.46
2025-06-30 14:49:53,777 - INFO - Processed data for ETHUSDT: $2463.98
2025-06-30 14:49:53,834 - INFO - Processed data for BNBUSDT: $654.36
2025-06-30 14:49:56,115 - INFO - Processed data for BTCUSDT: $107838.47
2025-06-30 14:49:56,117 - INFO - Processed data for ETHUSDT: $2463.98
2025-06-30 14:49:56,120 - INFO - Processed data for BNBUSDT: $654.36
2025-06-30 14:49:57,742 - INFO - Processed data for BTCUSDT: $107838.47
2025-06-30 14:49:57,743 - INFO - Processed data for ETHUSDT: $2463.97
2025-06-30 14:49:57,857 - INFO - Processed data for BNBUSDT: $654.36
2025-06-30 14:50:00,020 - INFO - Inserted BNBUSDT data into database
2025-06-30 14:50:00,030 - INFO - Processed data for BNBUSDT: $654.35
2025-06-30 14:50:00,032 - INFO - Processed data for BTCUSDT: $107838.47
2025-06-30 14:50:00,032 - INFO - Processed data for BTCUSDT: $107838.47
2025-06-30 14:50:00,033 - INFO - Processed data for ETHUSDT: $2463.98
2025-06-30 14:50:00,033 - INFO - Processed data for ETHUSDT: $2463.98
2025-06-30 14:50:00,034 - INFO - Processed data for BNBUSDT: $654.35
2025-06-30 14:50:01,870 - INFO - Processed data for BTCUSDT: $107838.46
2025-06-30 14:50:01,873 - INFO - Processed data for ETHUSDT: $2463.98
2025-06-30 14:50:01,877 - INFO - Processed data for BNBUSDT: $654.36
2025-06-30 14:50:03,813 - INFO - Processed data for BTCUSDT: $107838.46
2025-06-30 14:50:03,816 - INFO - Processed data for ETHUSDT: $2463.98
2025-06-30 14:50:03,832 - INFO - Processed data for BNBUSDT: $654.35
2025-06-30 14:50:05,743 - INFO - Processed data for BTCUSDT: $107838.47
2025-06-30 14:50:05,745 - INFO - Processed data for ETHUSDT: $2464.10
2025-06-30 14:50:05,879 - INFO - Processed data for BNBUSDT: $654.36
2025-06-30 14:50:07,736 - INFO - Processed data for BTCUSDT: $107838.46
2025-06-30 14:50:07,736 - INFO - Processed data for ETHUSDT: $2464.10
2025-06-30 14:50:07,825 - INFO - Processed data for BNBUSDT: $654.36
2025-06-30 14:50:09,749 - INFO - Processed data for BTCUSDT: $107838.46
2025-06-30 14:50:09,750 - INFO - Processed data for ETHUSDT: $2464.11
2025-06-30 14:50:09,836 - INFO - Processed data for BNBUSDT: $654.36
2025-06-30 14:50:11,800 - INFO - Processed data for BTCUSDT: $107838.47
2025-06-30 14:50:11,801 - INFO - Processed data for ETHUSDT: $2464.10
2025-06-30 14:50:11,825 - INFO - Processed data for BNBUSDT: $654.35
2025-06-30 14:50:13,731 - INFO - Processed data for BTCUSDT: $107838.47
2025-06-30 14:50:13,733 - INFO - Processed data for ETHUSDT: $2464.11
2025-06-30 14:50:13,824 - INFO - Processed data for BNBUSDT: $654.36
2025-06-30 14:50:15,750 - INFO - Processed data for BTCUSDT: $107838.46
2025-06-30 14:50:15,750 - INFO - Processed data for ETHUSDT: $2464.10
2025-06-30 14:50:15,834 - INFO - Processed data for BNBUSDT: $654.36
2025-06-30 14:50:17,841 - INFO - Processed data for BTCUSDT: $107838.46
2025-06-30 14:50:17,844 - INFO - Processed data for ETHUSDT: $2464.10
2025-06-30 14:50:17,846 - INFO - Processed data for BNBUSDT: $654.36
2025-06-30 14:50:19,789 - INFO - Processed data for BTCUSDT: $107838.46
2025-06-30 14:50:19,789 - INFO - Processed data for ETHUSDT: $2464.10
2025-06-30 14:50:19,830 - INFO - Processed data for BNBUSDT: $654.35
2025-06-30 14:50:21,758 - INFO - Processed data for BTCUSDT: $107838.46
2025-06-30 14:50:21,762 - INFO - Processed data for ETHUSDT: $2464.10
2025-06-30 14:50:21,832 - INFO - Processed data for BNBUSDT: $654.36
2025-06-30 14:50:23,778 - INFO - Processed data for BTCUSDT: $107838.46
2025-06-30 14:50:23,779 - INFO - Processed data for ETHUSDT: $2464.10
2025-06-30 14:50:23,839 - INFO - Processed data for BNBUSDT: $654.36
2025-06-30 14:50:25,746 - INFO - Processed data for BTCUSDT: $107838.47
2025-06-30 14:50:25,747 - INFO - Processed data for ETHUSDT: $2464.10
2025-06-30 14:50:25,826 - INFO - Processed data for BNBUSDT: $654.35
2025-06-30 14:50:27,734 - INFO - Processed data for BTCUSDT: $107838.46
2025-06-30 14:50:27,735 - INFO - Processed data for ETHUSDT: $2464.10
2025-06-30 14:50:27,813 - INFO - Processed data for BNBUSDT: $654.35
2025-06-30 14:50:29,762 - INFO - Processed data for BTCUSDT: $107838.47
2025-06-30 14:50:29,762 - INFO - Processed data for ETHUSDT: $2464.26
2025-06-30 14:50:29,826 - INFO - Processed data for BNBUSDT: $654.36
2025-06-30 14:50:31,733 - INFO - Processed data for BTCUSDT: $107838.47
2025-06-30 14:50:31,733 - INFO - Processed data for ETHUSDT: $2464.26
2025-06-30 14:50:31,828 - INFO - Processed data for BNBUSDT: $654.36
2025-06-30 14:50:33,737 - INFO - Processed data for BTCUSDT: $107839.99
2025-06-30 14:50:33,741 - INFO - Processed data for ETHUSDT: $2464.51
2025-06-30 14:50:33,823 - INFO - Processed data for BNBUSDT: $654.36
2025-06-30 14:50:35,861 - INFO - Processed data for BTCUSDT: $107840.00
2025-06-30 14:50:35,861 - INFO - Processed data for ETHUSDT: $2464.51
2025-06-30 14:50:35,862 - INFO - Processed data for BNBUSDT: $654.36
2025-06-30 14:50:37,755 - INFO - Processed data for ETHUSDT: $2464.50
2025-06-30 14:50:37,835 - INFO - Processed data for BNBUSDT: $654.36
2025-06-30 14:50:39,753 - INFO - Processed data for BTCUSDT: $107839.99
2025-06-30 14:50:39,754 - INFO - Processed data for ETHUSDT: $2464.70
2025-06-30 14:50:39,821 - INFO - Processed data for BNBUSDT: $654.36
2025-06-30 14:50:41,736 - INFO - Processed data for BTCUSDT: $107843.84
2025-06-30 14:50:41,739 - INFO - Processed data for ETHUSDT: $2464.70
2025-06-30 14:50:41,822 - INFO - Processed data for BNBUSDT: $654.39
2025-06-30 14:50:43,746 - INFO - Processed data for BTCUSDT: $107843.84
2025-06-30 14:50:43,747 - INFO - Processed data for ETHUSDT: $2464.70
2025-06-30 14:50:43,828 - INFO - Processed data for BNBUSDT: $654.38
2025-06-30 14:50:45,782 - INFO - Processed data for BTCUSDT: $107843.84
2025-06-30 14:50:45,782 - INFO - Processed data for ETHUSDT: $2464.70
2025-06-30 14:50:45,831 - INFO - Processed data for BNBUSDT: $654.38
2025-06-30 14:50:47,740 - INFO - Processed data for BTCUSDT: $107843.83
2025-06-30 14:50:47,740 - INFO - Processed data for ETHUSDT: $2464.70
2025-06-30 14:50:47,848 - INFO - Processed data for BNBUSDT: $654.39
2025-06-30 14:50:50,084 - INFO - Inserted BTCUSDT data into database
2025-06-30 14:50:50,084 - INFO - Processed data for BTCUSDT: $107843.84
2025-06-30 14:50:50,402 - INFO - Inserted ETHUSDT data into database
2025-06-30 14:50:50,402 - INFO - Processed data for ETHUSDT: $2464.70
2025-06-30 14:50:50,402 - INFO - Processed data for BNBUSDT: $654.39
2025-06-30 14:50:51,772 - INFO - Processed data for BTCUSDT: $107843.84
2025-06-30 14:50:51,772 - INFO - Processed data for ETHUSDT: $2464.70
2025-06-30 14:50:51,834 - INFO - Processed data for BNBUSDT: $654.38
2025-06-30 14:50:53,884 - INFO - Processed data for BTCUSDT: $107843.84
2025-06-30 14:50:53,884 - INFO - Processed data for ETHUSDT: $2464.70
2025-06-30 14:50:55,828 - INFO - Processed data for BTCUSDT: $107843.83
2025-06-30 14:50:55,828 - INFO - Processed data for ETHUSDT: $2464.69
2025-06-30 14:50:57,763 - INFO - Processed data for BTCUSDT: $107843.83
2025-06-30 14:50:57,778 - INFO - Processed data for ETHUSDT: $2464.95
2025-06-30 14:50:57,812 - INFO - Processed data for BNBUSDT: $654.39
2025-06-30 14:51:00,015 - INFO - Inserted BNBUSDT data into database
2025-06-30 14:51:00,015 - INFO - Processed data for BNBUSDT: $654.38
2025-06-30 14:51:00,015 - INFO - Processed data for BTCUSDT: $107843.83
2025-06-30 14:51:00,015 - INFO - Processed data for BTCUSDT: $107843.83
2025-06-30 14:51:00,015 - INFO - Processed data for ETHUSDT: $2464.94
2025-06-30 14:51:00,015 - INFO - Processed data for ETHUSDT: $2464.94
2025-06-30 14:51:00,015 - INFO - Processed data for BNBUSDT: $654.38
2025-06-30 14:51:01,873 - INFO - Processed data for BTCUSDT: $107843.83
2025-06-30 14:51:01,876 - INFO - Processed data for ETHUSDT: $2464.95
2025-06-30 14:51:01,879 - INFO - Processed data for BNBUSDT: $654.39
2025-06-30 14:51:03,738 - INFO - Processed data for BTCUSDT: $107843.84
2025-06-30 14:51:03,740 - INFO - Processed data for ETHUSDT: $2464.94
2025-06-30 14:51:03,822 - INFO - Processed data for BNBUSDT: $654.39
2025-06-30 14:51:05,732 - INFO - Processed data for BTCUSDT: $107853.53
2025-06-30 14:51:05,738 - INFO - Processed data for ETHUSDT: $2464.96
2025-06-30 14:51:05,822 - INFO - Processed data for BNBUSDT: $654.38
2025-06-30 14:51:07,805 - INFO - Processed data for BTCUSDT: $107853.53
2025-06-30 14:51:07,805 - INFO - Processed data for ETHUSDT: $2464.95
2025-06-30 14:51:07,822 - INFO - Processed data for BNBUSDT: $654.39
2025-06-30 14:51:09,756 - INFO - Processed data for BTCUSDT: $107853.54
2025-06-30 14:51:09,757 - INFO - Processed data for ETHUSDT: $2464.96
2025-06-30 14:51:11,805 - INFO - Processed data for BTCUSDT: $107864.07
2025-06-30 14:51:11,805 - INFO - Processed data for ETHUSDT: $2465.20
2025-06-30 14:51:11,841 - INFO - Processed data for BNBUSDT: $654.39
2025-06-30 14:51:13,751 - INFO - Processed data for BTCUSDT: $107868.48
2025-06-30 14:51:13,751 - INFO - Processed data for ETHUSDT: $2465.19
2025-06-30 14:51:13,836 - INFO - Processed data for BNBUSDT: $654.39
2025-06-30 14:51:15,739 - INFO - Processed data for BTCUSDT: $107868.48
2025-06-30 14:51:15,741 - INFO - Processed data for ETHUSDT: $2465.19
2025-06-30 14:51:15,837 - INFO - Processed data for BNBUSDT: $654.38
2025-06-30 14:51:17,743 - INFO - Processed data for BTCUSDT: $107868.47
2025-06-30 14:51:17,744 - INFO - Processed data for ETHUSDT: $2465.20
2025-06-30 14:51:17,833 - INFO - Processed data for BNBUSDT: $654.45
2025-06-30 14:51:19,795 - INFO - Processed data for BTCUSDT: $107868.48
2025-06-30 14:51:19,796 - INFO - Processed data for ETHUSDT: $2465.19
2025-06-30 14:51:19,823 - INFO - Processed data for BNBUSDT: $654.46
2025-06-30 14:51:21,843 - INFO - Processed data for BTCUSDT: $107868.48
2025-06-30 14:51:21,846 - INFO - Processed data for ETHUSDT: $2464.95
2025-06-30 14:51:21,847 - INFO - Processed data for BNBUSDT: $654.45
2025-06-30 14:51:23,765 - INFO - Processed data for BTCUSDT: $107868.47
2025-06-30 14:51:23,769 - INFO - Processed data for ETHUSDT: $2464.95
2025-06-30 14:51:23,824 - INFO - Processed data for BNBUSDT: $654.46
2025-06-30 14:51:25,834 - INFO - Processed data for BTCUSDT: $107868.48
2025-06-30 14:51:25,835 - INFO - Processed data for ETHUSDT: $2464.96
2025-06-30 14:51:25,837 - INFO - Processed data for BNBUSDT: $654.46
2025-06-30 14:51:27,779 - INFO - Processed data for BTCUSDT: $107868.48
2025-06-30 14:51:27,780 - INFO - Processed data for ETHUSDT: $2464.95
2025-06-30 14:51:27,832 - INFO - Processed data for BNBUSDT: $654.46
2025-06-30 14:51:29,736 - INFO - Processed data for BTCUSDT: $107868.47
2025-06-30 14:51:29,739 - INFO - Processed data for ETHUSDT: $2464.96
2025-06-30 14:51:29,840 - INFO - Processed data for BNBUSDT: $654.46
2025-06-30 14:51:31,775 - INFO - Processed data for BTCUSDT: $107864.67
2025-06-30 14:51:31,776 - INFO - Processed data for ETHUSDT: $2464.69
2025-06-30 14:51:31,824 - INFO - Processed data for BNBUSDT: $654.45
2025-06-30 14:51:33,742 - INFO - Processed data for BTCUSDT: $107858.30
2025-06-30 14:51:33,743 - INFO - Processed data for ETHUSDT: $2464.70
2025-06-30 14:51:33,833 - INFO - Processed data for BNBUSDT: $654.45
2025-06-30 14:51:35,770 - INFO - Processed data for BTCUSDT: $107858.30
2025-06-30 14:51:35,772 - INFO - Processed data for ETHUSDT: $2464.70
2025-06-30 14:51:35,824 - INFO - Processed data for BNBUSDT: $654.45
2025-06-30 14:51:37,814 - INFO - Processed data for BTCUSDT: $107858.29
2025-06-30 14:51:37,814 - INFO - Processed data for ETHUSDT: $2464.44
2025-06-30 14:51:37,822 - INFO - Processed data for BNBUSDT: $654.46
2025-06-30 14:51:39,760 - INFO - Processed data for BTCUSDT: $107858.29
2025-06-30 14:51:39,760 - INFO - Processed data for ETHUSDT: $2464.43
2025-06-30 14:51:39,828 - INFO - Processed data for BNBUSDT: $654.45
2025-06-30 14:51:41,810 - INFO - Processed data for BTCUSDT: $107858.29
2025-06-30 14:51:41,815 - INFO - Processed data for ETHUSDT: $2464.44
2025-06-30 14:51:41,841 - INFO - Processed data for BNBUSDT: $654.45
2025-06-30 14:51:43,855 - INFO - Processed data for BTCUSDT: $107858.30
2025-06-30 14:51:43,860 - INFO - Processed data for ETHUSDT: $2464.43
2025-06-30 14:51:43,860 - INFO - Processed data for BNBUSDT: $654.46
2025-06-30 14:51:45,732 - INFO - Processed data for BTCUSDT: $107858.30
2025-06-30 14:51:45,745 - INFO - Processed data for ETHUSDT: $2464.43
2025-06-30 14:51:45,833 - INFO - Processed data for BNBUSDT: $654.45
2025-06-30 14:51:47,733 - INFO - Processed data for BTCUSDT: $107858.30
2025-06-30 14:51:47,734 - INFO - Processed data for ETHUSDT: $2464.44
2025-06-30 14:51:47,853 - INFO - Processed data for BNBUSDT: $654.45
2025-06-30 14:51:49,999 - INFO - Inserted BTCUSDT data into database
2025-06-30 14:51:50,000 - INFO - Processed data for BTCUSDT: $107858.29
2025-06-30 14:51:50,000 - INFO - Processed data for ETHUSDT: $2464.43
2025-06-30 14:51:50,002 - INFO - Processed data for BNBUSDT: $654.45
2025-06-30 14:51:51,749 - INFO - Processed data for BTCUSDT: $107858.30
2025-06-30 14:51:51,950 - INFO - Inserted ETHUSDT data into database
2025-06-30 14:51:51,952 - INFO - Processed data for ETHUSDT: $2464.44
2025-06-30 14:51:51,952 - INFO - Processed data for BNBUSDT: $654.45
2025-06-30 14:51:53,749 - INFO - Processed data for BTCUSDT: $107858.29
2025-06-30 14:51:53,750 - INFO - Processed data for ETHUSDT: $2464.44
2025-06-30 14:51:53,830 - INFO - Processed data for BNBUSDT: $654.46
2025-06-30 14:51:55,795 - INFO - Processed data for BTCUSDT: $107858.29
2025-06-30 14:51:55,796 - INFO - Processed data for ETHUSDT: $2464.43
2025-06-30 14:51:55,842 - INFO - Processed data for BNBUSDT: $654.46
2025-06-30 14:51:57,782 - INFO - Processed data for BTCUSDT: $107858.30
2025-06-30 14:51:57,783 - INFO - Processed data for ETHUSDT: $2464.43
2025-06-30 14:51:57,820 - INFO - Processed data for BNBUSDT: $654.45
2025-06-30 14:52:00,140 - INFO - Inserted BNBUSDT data into database
2025-06-30 14:52:00,141 - INFO - Processed data for BNBUSDT: $654.45
2025-06-30 14:52:00,142 - INFO - Processed data for BTCUSDT: $107858.29
2025-06-30 14:52:00,142 - INFO - Processed data for BTCUSDT: $107858.29
2025-06-30 14:52:00,143 - INFO - Processed data for ETHUSDT: $2464.43
2025-06-30 14:52:00,144 - INFO - Processed data for ETHUSDT: $2464.43
2025-06-30 14:52:00,145 - INFO - Processed data for BNBUSDT: $654.45
2025-06-30 14:52:01,735 - INFO - Processed data for BTCUSDT: $107858.29
2025-06-30 14:52:01,740 - INFO - Processed data for ETHUSDT: $2464.55
2025-06-30 14:52:01,821 - INFO - Processed data for BNBUSDT: $654.46
2025-06-30 14:52:03,824 - INFO - Processed data for BTCUSDT: $107844.16
2025-06-30 14:52:03,826 - INFO - Processed data for ETHUSDT: $2464.54
2025-06-30 14:52:05,873 - INFO - Processed data for BTCUSDT: $107844.16
2025-06-30 14:52:05,875 - INFO - Processed data for ETHUSDT: $2464.55
2025-06-30 14:52:05,877 - INFO - Processed data for BNBUSDT: $654.46
2025-06-30 14:52:07,817 - INFO - Processed data for BTCUSDT: $107844.17
2025-06-30 14:52:07,818 - INFO - Processed data for ETHUSDT: $2464.54
2025-06-30 14:52:07,819 - INFO - Processed data for BNBUSDT: $654.46
2025-06-30 14:52:09,762 - INFO - Processed data for BTCUSDT: $107844.16
2025-06-30 14:52:09,763 - INFO - Processed data for ETHUSDT: $2464.55
2025-06-30 14:52:09,840 - INFO - Processed data for BNBUSDT: $654.46
2025-06-30 14:52:11,816 - INFO - Processed data for BTCUSDT: $107844.17
2025-06-30 14:52:11,837 - INFO - Processed data for BNBUSDT: $654.45
2025-06-30 14:52:13,756 - INFO - Processed data for BTCUSDT: $107844.17
2025-06-30 14:52:13,759 - INFO - Processed data for ETHUSDT: $2464.59
2025-06-30 14:52:13,830 - INFO - Processed data for BNBUSDT: $654.46
2025-06-30 14:52:15,804 - INFO - Processed data for BTCUSDT: $107844.16
2025-06-30 14:52:15,804 - INFO - Processed data for ETHUSDT: $2464.59
2025-06-30 14:52:15,898 - INFO - Processed data for BNBUSDT: $654.46
2025-06-30 14:52:17,732 - INFO - Processed data for BTCUSDT: $107844.17
2025-06-30 14:52:17,733 - INFO - Processed data for ETHUSDT: $2464.59
2025-06-30 14:52:17,830 - INFO - Processed data for BNBUSDT: $654.46
2025-06-30 14:52:19,799 - INFO - Processed data for BTCUSDT: $107844.17
2025-06-30 14:52:19,800 - INFO - Processed data for ETHUSDT: $2464.59
2025-06-30 14:52:19,831 - INFO - Processed data for BNBUSDT: $654.45
2025-06-30 14:52:21,743 - INFO - Processed data for BTCUSDT: $107844.17
2025-06-30 14:52:21,744 - INFO - Processed data for ETHUSDT: $2464.59
2025-06-30 14:52:21,820 - INFO - Processed data for BNBUSDT: $654.46
2025-06-30 14:52:23,790 - INFO - Processed data for BTCUSDT: $107844.16
2025-06-30 14:52:23,792 - INFO - Processed data for ETHUSDT: $2464.58
2025-06-30 14:52:23,825 - INFO - Processed data for BNBUSDT: $654.46
2025-06-30 14:52:25,739 - INFO - Processed data for BTCUSDT: $107844.16
2025-06-30 14:52:25,740 - INFO - Processed data for ETHUSDT: $2464.59
2025-06-30 14:52:25,841 - INFO - Processed data for BNBUSDT: $654.46
2025-06-30 14:52:27,799 - INFO - Processed data for BTCUSDT: $107844.16
2025-06-30 14:52:27,801 - INFO - Processed data for ETHUSDT: $2464.59
2025-06-30 14:52:29,762 - INFO - Processed data for BTCUSDT: $107844.16
2025-06-30 14:52:29,762 - INFO - Processed data for ETHUSDT: $2464.58
2025-06-30 14:52:31,739 - INFO - Processed data for BTCUSDT: $107844.17
2025-06-30 14:52:31,740 - INFO - Processed data for ETHUSDT: $2464.58
2025-06-30 14:52:31,826 - INFO - Processed data for BNBUSDT: $654.46
2025-06-30 14:52:33,732 - INFO - Processed data for BTCUSDT: $107844.17
2025-06-30 14:52:33,734 - INFO - Processed data for ETHUSDT: $2464.59
2025-06-30 14:52:33,825 - INFO - Processed data for BNBUSDT: $654.45
2025-06-30 14:52:35,774 - INFO - Processed data for BTCUSDT: $107844.16
2025-06-30 14:52:35,775 - INFO - Processed data for ETHUSDT: $2464.59
2025-06-30 14:52:35,826 - INFO - Processed data for BNBUSDT: $654.45
2025-06-30 14:52:37,822 - INFO - Processed data for BTCUSDT: $107844.17
2025-06-30 14:52:37,825 - INFO - Processed data for ETHUSDT: $2464.59
2025-06-30 14:52:37,896 - INFO - Processed data for BNBUSDT: $654.46
2025-06-30 14:52:39,766 - INFO - Processed data for BTCUSDT: $107844.17
2025-06-30 14:52:39,767 - INFO - Processed data for ETHUSDT: $2464.59
2025-06-30 14:52:39,823 - INFO - Processed data for BNBUSDT: $654.46
2025-06-30 14:52:41,815 - INFO - Processed data for BTCUSDT: $107844.16
2025-06-30 14:52:41,816 - INFO - Processed data for ETHUSDT: $2464.58
2025-06-30 14:52:41,863 - INFO - Processed data for BNBUSDT: $654.46
2025-06-30 14:52:43,759 - INFO - Processed data for BTCUSDT: $107844.16
2025-06-30 14:52:43,760 - INFO - Processed data for ETHUSDT: $2464.58
2025-06-30 14:52:43,820 - INFO - Processed data for BNBUSDT: $654.46
2025-06-30 14:52:45,811 - INFO - Processed data for BTCUSDT: $107844.16
2025-06-30 14:52:45,814 - INFO - Processed data for ETHUSDT: $2464.58
2025-06-30 14:52:46,013 - INFO - Processed data for BNBUSDT: $654.46
2025-06-30 14:52:47,742 - INFO - Processed data for BTCUSDT: $107844.17
2025-06-30 14:52:47,743 - INFO - Processed data for ETHUSDT: $2464.59
2025-06-30 14:52:50,002 - INFO - Inserted BTCUSDT data into database
2025-06-30 14:52:50,002 - INFO - Processed data for BTCUSDT: $107844.17
2025-06-30 14:52:50,002 - INFO - Processed data for ETHUSDT: $2464.59
2025-06-30 14:52:50,002 - INFO - Processed data for BNBUSDT: $654.46
2025-06-30 14:52:51,736 - INFO - Processed data for BTCUSDT: $107844.17
2025-06-30 14:52:51,737 - INFO - Processed data for ETHUSDT: $2464.58
2025-06-30 14:52:51,838 - INFO - Processed data for BNBUSDT: $654.46
2025-06-30 14:52:53,798 - INFO - Processed data for BTCUSDT: $107844.16
2025-06-30 14:52:54,102 - INFO - Inserted ETHUSDT data into database
2025-06-30 14:52:54,103 - INFO - Processed data for ETHUSDT: $2464.58
2025-06-30 14:52:54,106 - INFO - Processed data for BNBUSDT: $654.46
2025-06-30 14:52:55,742 - INFO - Processed data for BTCUSDT: $107844.17
2025-06-30 14:52:55,743 - INFO - Processed data for ETHUSDT: $2464.58
2025-06-30 14:52:55,833 - INFO - Processed data for BNBUSDT: $654.46
2025-06-30 14:52:57,789 - INFO - Processed data for BTCUSDT: $107844.16
2025-06-30 14:52:57,789 - INFO - Processed data for ETHUSDT: $2464.59
2025-06-30 14:52:57,820 - INFO - Processed data for BNBUSDT: $654.46
2025-06-30 14:53:00,142 - INFO - Inserted BNBUSDT data into database
2025-06-30 14:53:00,144 - INFO - Processed data for BNBUSDT: $654.46
2025-06-30 14:53:00,144 - INFO - Processed data for BTCUSDT: $107844.16
2025-06-30 14:53:00,144 - INFO - Processed data for BTCUSDT: $107844.16
2025-06-30 14:53:00,144 - INFO - Processed data for ETHUSDT: $2464.70
2025-06-30 14:53:00,144 - INFO - Processed data for ETHUSDT: $2464.70
2025-06-30 14:53:00,144 - INFO - Processed data for BNBUSDT: $654.46
2025-06-30 14:53:01,754 - INFO - Processed data for BTCUSDT: $107844.17
2025-06-30 14:53:01,755 - INFO - Processed data for ETHUSDT: $2464.70
2025-06-30 14:53:01,830 - INFO - Processed data for BNBUSDT: $654.45
2025-06-30 14:53:03,719 - INFO - Processed data for BTCUSDT: $107844.16
2025-06-30 14:53:03,719 - INFO - Processed data for ETHUSDT: $2464.70
2025-06-30 14:53:03,824 - INFO - Processed data for BNBUSDT: $654.46
2025-06-30 14:53:05,768 - INFO - Processed data for BTCUSDT: $107844.16
2025-06-30 14:53:05,768 - INFO - Processed data for ETHUSDT: $2464.58
2025-06-30 14:53:05,819 - INFO - Processed data for BNBUSDT: $654.46
2025-06-30 14:53:07,824 - INFO - Processed data for BTCUSDT: $107844.17
2025-06-30 14:53:07,825 - INFO - Processed data for ETHUSDT: $2464.59
2025-06-30 14:53:07,826 - INFO - Processed data for BNBUSDT: $654.45
2025-06-30 14:53:09,769 - INFO - Processed data for BTCUSDT: $107838.75
2025-06-30 14:53:09,769 - INFO - Processed data for ETHUSDT: $2464.10
2025-06-30 14:53:09,839 - INFO - Processed data for BNBUSDT: $654.45
2025-06-30 14:53:11,818 - INFO - Processed data for BTCUSDT: $107838.75
2025-06-30 14:53:11,818 - INFO - Processed data for ETHUSDT: $2464.10
2025-06-30 14:53:11,849 - INFO - Processed data for BNBUSDT: $654.46
2025-06-30 14:53:13,764 - INFO - Processed data for BTCUSDT: $107838.76
2025-06-30 14:53:13,768 - INFO - Processed data for ETHUSDT: $2464.09
2025-06-30 14:53:13,812 - INFO - Processed data for BNBUSDT: $654.45
2025-06-30 14:53:15,811 - INFO - Processed data for BTCUSDT: $107838.76
2025-06-30 14:53:15,813 - INFO - Processed data for ETHUSDT: $2464.10
2025-06-30 14:53:15,827 - INFO - Processed data for BNBUSDT: $654.46
2025-06-30 14:53:17,757 - INFO - Processed data for BTCUSDT: $107838.75
2025-06-30 14:53:17,759 - INFO - Processed data for ETHUSDT: $2464.26
2025-06-30 14:53:17,817 - INFO - Processed data for BNBUSDT: $654.46
2025-06-30 14:53:19,734 - INFO - Processed data for BTCUSDT: $107838.75
2025-06-30 14:53:19,735 - INFO - Processed data for ETHUSDT: $2464.26
2025-06-30 14:53:19,909 - INFO - Processed data for BNBUSDT: $654.46
2025-06-30 14:53:21,742 - INFO - Processed data for BTCUSDT: $107838.75
2025-06-30 14:53:21,742 - INFO - Processed data for ETHUSDT: $2464.32
2025-06-30 14:53:23,794 - INFO - Processed data for BTCUSDT: $107838.75
2025-06-30 14:53:23,800 - INFO - Processed data for ETHUSDT: $2464.38
2025-06-30 14:53:23,811 - INFO - Processed data for BNBUSDT: $654.46
2025-06-30 14:53:25,847 - INFO - Processed data for BTCUSDT: $107838.76
2025-06-30 14:53:25,850 - INFO - Processed data for ETHUSDT: $2464.39
2025-06-30 14:53:25,852 - INFO - Processed data for BNBUSDT: $654.46
2025-06-30 14:53:27,780 - INFO - Processed data for BTCUSDT: $107830.13
2025-06-30 14:53:27,780 - INFO - Processed data for ETHUSDT: $2464.26
2025-06-30 14:53:27,817 - INFO - Processed data for BNBUSDT: $654.45
2025-06-30 14:53:29,750 - INFO - Processed data for BTCUSDT: $107811.42
2025-06-30 14:53:29,754 - INFO - Processed data for ETHUSDT: $2463.76
2025-06-30 14:53:29,823 - INFO - Processed data for BNBUSDT: $654.45
2025-06-30 14:53:31,731 - INFO - Processed data for BTCUSDT: $107811.41
2025-06-30 14:53:31,732 - INFO - Processed data for ETHUSDT: $2463.75
2025-06-30 14:53:31,820 - INFO - Processed data for BNBUSDT: $654.46
2025-06-30 14:53:33,835 - INFO - Processed data for BTCUSDT: $107800.00
2025-06-30 14:53:33,835 - INFO - Processed data for ETHUSDT: $2463.74
2025-06-30 14:53:33,839 - INFO - Processed data for BNBUSDT: $654.41
2025-06-30 14:53:35,778 - INFO - Processed data for BTCUSDT: $107800.00
2025-06-30 14:53:35,778 - INFO - Processed data for ETHUSDT: $2463.75
2025-06-30 14:53:35,813 - INFO - Processed data for BNBUSDT: $654.42
2025-06-30 14:53:37,829 - INFO - Processed data for BTCUSDT: $107800.00
2025-06-30 14:53:37,833 - INFO - Processed data for ETHUSDT: $2463.73
2025-06-30 14:53:37,838 - INFO - Processed data for BNBUSDT: $654.39
2025-06-30 14:53:41,067 - INFO - Processed data for BTCUSDT: $107800.01
2025-06-30 14:53:41,068 - INFO - Processed data for ETHUSDT: $2463.74
2025-06-30 14:53:41,068 - INFO - Processed data for BNBUSDT: $654.39
2025-06-30 14:53:41,822 - INFO - Processed data for BTCUSDT: $107800.01
2025-06-30 14:53:41,825 - INFO - Processed data for ETHUSDT: $2463.57
2025-06-30 14:53:41,870 - INFO - Processed data for BNBUSDT: $654.38
2025-06-30 14:53:43,765 - INFO - Processed data for BTCUSDT: $107800.01
2025-06-30 14:53:43,766 - INFO - Processed data for ETHUSDT: $2463.57
2025-06-30 14:53:43,845 - INFO - Processed data for BNBUSDT: $654.39
2025-06-30 14:53:45,736 - INFO - Processed data for BTCUSDT: $107800.00
2025-06-30 14:53:45,736 - INFO - Processed data for ETHUSDT: $2463.45
2025-06-30 14:53:45,817 - INFO - Processed data for BNBUSDT: $654.39
2025-06-30 14:53:47,760 - INFO - Processed data for BTCUSDT: $107800.00
2025-06-30 14:53:47,760 - INFO - Processed data for ETHUSDT: $2463.31
2025-06-30 14:53:47,811 - INFO - Processed data for BNBUSDT: $654.39
2025-06-30 14:53:50,012 - INFO - Inserted BTCUSDT data into database
2025-06-30 14:53:50,012 - INFO - Processed data for BTCUSDT: $107800.00
2025-06-30 14:53:50,012 - INFO - Processed data for ETHUSDT: $2463.31
2025-06-30 14:53:51,753 - INFO - Processed data for BTCUSDT: $107800.01
2025-06-30 14:53:51,754 - INFO - Processed data for ETHUSDT: $2463.31
2025-06-30 14:53:51,822 - INFO - Processed data for BNBUSDT: $654.38
2025-06-30 14:53:53,797 - INFO - Processed data for BTCUSDT: $107800.01
2025-06-30 14:53:54,095 - INFO - Inserted ETHUSDT data into database
2025-06-30 14:53:54,095 - INFO - Processed data for ETHUSDT: $2463.30
2025-06-30 14:53:54,111 - INFO - Processed data for BNBUSDT: $654.38
2025-06-30 14:53:55,846 - INFO - Processed data for BTCUSDT: $107800.00
2025-06-30 14:53:55,846 - INFO - Processed data for ETHUSDT: $2463.31
2025-06-30 14:53:55,846 - INFO - Processed data for BNBUSDT: $654.38
2025-06-30 14:53:57,792 - INFO - Processed data for BTCUSDT: $107800.01
2025-06-30 14:53:57,797 - INFO - Processed data for ETHUSDT: $2463.31
2025-06-30 14:53:57,825 - INFO - Processed data for BNBUSDT: $654.37
2025-06-30 14:53:59,739 - INFO - Processed data for BNBUSDT: $654.37
2025-06-30 14:53:59,739 - INFO - Processed data for BTCUSDT: $107800.01
2025-06-30 14:53:59,747 - INFO - Processed data for BTCUSDT: $107800.01
2025-06-30 14:53:59,749 - INFO - Processed data for ETHUSDT: $2463.31
2025-06-30 14:53:59,749 - INFO - Processed data for ETHUSDT: $2463.31
2025-06-30 14:53:59,825 - INFO - Processed data for BNBUSDT: $654.37
2025-06-30 14:54:01,727 - INFO - Processed data for BTCUSDT: $107800.00
2025-06-30 14:54:01,728 - INFO - Processed data for ETHUSDT: $2463.31
2025-06-30 14:54:02,017 - INFO - Inserted BNBUSDT data into database
2025-06-30 14:54:02,017 - INFO - Processed data for BNBUSDT: $654.36
2025-06-30 14:54:03,833 - INFO - Processed data for BTCUSDT: $107800.00
2025-06-30 14:54:03,833 - INFO - Processed data for ETHUSDT: $2463.30
2025-06-30 14:54:03,839 - INFO - Processed data for BNBUSDT: $654.36
2025-06-30 14:54:05,781 - INFO - Processed data for BTCUSDT: $107800.01
2025-06-30 14:54:05,782 - INFO - Processed data for ETHUSDT: $2462.83
2025-06-30 14:54:05,840 - INFO - Processed data for BNBUSDT: $654.37
2025-06-30 14:54:07,824 - INFO - Processed data for BTCUSDT: $107800.00
2025-06-30 14:54:07,824 - INFO - Processed data for ETHUSDT: $2462.83
2025-06-30 14:54:07,824 - INFO - Processed data for BNBUSDT: $654.37
2025-06-30 14:54:09,775 - INFO - Processed data for BTCUSDT: $107800.01
2025-06-30 14:54:09,776 - INFO - Processed data for ETHUSDT: $2462.55
2025-06-30 14:54:09,829 - INFO - Processed data for BNBUSDT: $654.37
2025-06-30 14:54:11,781 - INFO - Processed data for BTCUSDT: $107800.00
2025-06-30 14:54:11,784 - INFO - Processed data for ETHUSDT: $2462.56
2025-06-30 14:54:11,826 - INFO - Processed data for BNBUSDT: $654.37
2025-06-30 14:54:13,764 - INFO - Processed data for ETHUSDT: $2462.47
2025-06-30 14:54:13,813 - INFO - Processed data for BNBUSDT: $654.36
2025-06-30 14:54:15,820 - INFO - Processed data for BTCUSDT: $107800.01
2025-06-30 14:54:15,820 - INFO - Processed data for ETHUSDT: $2462.47
2025-06-30 14:54:15,830 - INFO - Processed data for BNBUSDT: $654.36
2025-06-30 14:54:17,763 - INFO - Processed data for BTCUSDT: $107800.00
2025-06-30 14:54:17,764 - INFO - Processed data for ETHUSDT: $2462.47
2025-06-30 14:54:17,862 - INFO - Processed data for BNBUSDT: $654.36
2025-06-30 14:54:19,734 - INFO - Processed data for BTCUSDT: $107800.00
2025-06-30 14:54:19,734 - INFO - Processed data for ETHUSDT: $2462.48
2025-06-30 14:54:19,826 - INFO - Processed data for BNBUSDT: $654.36
2025-06-30 14:54:21,750 - INFO - Processed data for BTCUSDT: $107790.96
2025-06-30 14:54:21,750 - INFO - Processed data for ETHUSDT: $2462.47
2025-06-30 14:54:23,805 - INFO - Processed data for BTCUSDT: $107785.38
2025-06-30 14:54:23,806 - INFO - Processed data for ETHUSDT: $2462.47
2025-06-30 14:54:23,819 - INFO - Processed data for BNBUSDT: $654.37
2025-06-30 14:54:25,750 - INFO - Processed data for BTCUSDT: $107785.39
2025-06-30 14:54:25,751 - INFO - Processed data for ETHUSDT: $2462.48
2025-06-30 14:54:25,831 - INFO - Processed data for BNBUSDT: $654.36
2025-06-30 14:54:27,798 - INFO - Processed data for BTCUSDT: $107785.39
2025-06-30 14:54:27,799 - INFO - Processed data for ETHUSDT: $2462.48
2025-06-30 14:54:27,830 - INFO - Processed data for BNBUSDT: $654.37
2025-06-30 14:54:29,778 - INFO - Processed data for BTCUSDT: $107785.39
2025-06-30 14:54:29,778 - INFO - Processed data for ETHUSDT: $2462.47
2025-06-30 14:54:29,813 - INFO - Processed data for BNBUSDT: $654.37
2025-06-30 14:54:31,734 - INFO - Processed data for BTCUSDT: $107785.38
2025-06-30 14:54:31,736 - INFO - Processed data for ETHUSDT: $2462.47
2025-06-30 14:54:31,824 - INFO - Processed data for BNBUSDT: $654.36
2025-06-30 14:54:33,738 - INFO - Processed data for BTCUSDT: $107785.38
2025-06-30 14:54:33,740 - INFO - Processed data for ETHUSDT: $2462.48
2025-06-30 14:54:33,821 - INFO - Processed data for BNBUSDT: $654.36
2025-06-30 14:54:35,734 - INFO - Processed data for BTCUSDT: $107769.39
2025-06-30 14:54:35,736 - INFO - Processed data for ETHUSDT: $2461.74
2025-06-30 14:54:35,824 - INFO - Processed data for BNBUSDT: $654.36
2025-06-30 14:54:37,840 - INFO - Processed data for BTCUSDT: $107751.88
2025-06-30 14:54:37,843 - INFO - Processed data for ETHUSDT: $2461.59
2025-06-30 14:54:37,846 - INFO - Processed data for BNBUSDT: $654.33
2025-06-30 14:54:39,779 - INFO - Processed data for BTCUSDT: $107751.87
2025-06-30 14:54:39,779 - INFO - Processed data for ETHUSDT: $2461.59
2025-06-30 14:54:39,822 - INFO - Processed data for BNBUSDT: $654.33
2025-06-30 14:54:41,771 - INFO - Processed data for BTCUSDT: $107751.87
2025-06-30 14:54:41,771 - INFO - Processed data for ETHUSDT: $2461.55
2025-06-30 14:54:41,839 - INFO - Processed data for BNBUSDT: $654.33
2025-06-30 14:54:43,861 - INFO - Processed data for BTCUSDT: $107751.87
2025-06-30 14:54:43,861 - INFO - Processed data for ETHUSDT: $2461.52
2025-06-30 14:54:43,861 - INFO - Processed data for BNBUSDT: $654.34
2025-06-30 14:54:45,820 - INFO - Processed data for BTCUSDT: $107751.88
2025-06-30 14:54:45,820 - INFO - Processed data for ETHUSDT: $2461.53
2025-06-30 14:54:45,836 - INFO - Processed data for BNBUSDT: $654.33
2025-06-30 14:54:47,766 - INFO - Processed data for BTCUSDT: $107751.88
2025-06-30 14:54:47,767 - INFO - Processed data for ETHUSDT: $2461.52
2025-06-30 14:54:47,813 - INFO - Processed data for BNBUSDT: $654.34
2025-06-30 14:54:49,728 - INFO - Processed data for BTCUSDT: $107751.87
2025-06-30 14:54:49,728 - INFO - Processed data for ETHUSDT: $2461.52
2025-06-30 14:54:49,821 - INFO - Processed data for BNBUSDT: $654.33
2025-06-30 14:54:51,965 - INFO - Inserted BTCUSDT data into database
2025-06-30 14:54:51,966 - INFO - Processed data for BTCUSDT: $107751.88
2025-06-30 14:54:53,808 - INFO - Processed data for BTCUSDT: $107751.87
2025-06-30 14:54:54,007 - INFO - Inserted ETHUSDT data into database
2025-06-30 14:54:54,014 - INFO - Processed data for ETHUSDT: $2461.53
2025-06-30 14:54:54,014 - INFO - Processed data for BNBUSDT: $654.33
2025-06-30 14:54:55,754 - INFO - Processed data for BTCUSDT: $107751.87
2025-06-30 14:54:55,754 - INFO - Processed data for ETHUSDT: $2461.53
2025-06-30 14:54:55,823 - INFO - Processed data for BNBUSDT: $654.33
2025-06-30 14:54:57,799 - INFO - Processed data for BTCUSDT: $107741.33
2025-06-30 14:54:57,803 - INFO - Processed data for ETHUSDT: $2461.29
2025-06-30 14:54:57,820 - INFO - Processed data for BNBUSDT: $654.33
2025-06-30 14:54:59,748 - INFO - Processed data for BNBUSDT: $654.32
2025-06-30 14:54:59,751 - INFO - Processed data for BTCUSDT: $107720.90
2025-06-30 14:54:59,753 - INFO - Processed data for BTCUSDT: $107720.90
2025-06-30 14:54:59,754 - INFO - Processed data for ETHUSDT: $2460.78
2025-06-30 14:54:59,755 - INFO - Processed data for ETHUSDT: $2460.78
2025-06-30 14:54:59,830 - INFO - Processed data for BNBUSDT: $654.32
2025-06-30 14:55:01,725 - INFO - Processed data for BTCUSDT: $107719.33
2025-06-30 14:55:01,725 - INFO - Processed data for ETHUSDT: $2460.74
2025-06-30 14:55:01,823 - INFO - Processed data for BNBUSDT: $654.30
2025-06-30 14:55:03,740 - INFO - Processed data for BTCUSDT: $107710.12
2025-06-30 14:55:03,741 - INFO - Processed data for ETHUSDT: $2460.04
2025-06-30 14:55:04,015 - INFO - Inserted BNBUSDT data into database
2025-06-30 14:55:04,015 - INFO - Processed data for BNBUSDT: $654.31
2025-06-30 14:55:05,734 - INFO - Processed data for BTCUSDT: $107682.53
2025-06-30 14:55:05,734 - INFO - Processed data for ETHUSDT: $2459.79
2025-06-30 14:55:05,820 - INFO - Processed data for BNBUSDT: $654.21
2025-06-30 14:55:07,732 - INFO - Processed data for BTCUSDT: $107682.52
2025-06-30 14:55:07,746 - INFO - Processed data for ETHUSDT: $2459.79
2025-06-30 14:55:07,816 - INFO - Processed data for BNBUSDT: $654.20
2025-06-30 14:55:09,730 - INFO - Processed data for BTCUSDT: $107669.60
2025-06-30 14:55:09,733 - INFO - Processed data for ETHUSDT: $2459.68
2025-06-30 14:55:09,822 - INFO - Processed data for BNBUSDT: $654.21
2025-06-30 14:55:11,732 - INFO - Processed data for BTCUSDT: $107669.60
2025-06-30 14:55:11,741 - INFO - Processed data for ETHUSDT: $2459.53
2025-06-30 14:55:11,820 - INFO - Processed data for BNBUSDT: $654.21
2025-06-30 14:55:13,776 - INFO - Processed data for BTCUSDT: $107669.61
2025-06-30 14:55:13,778 - INFO - Processed data for ETHUSDT: $2459.27
2025-06-30 14:55:13,812 - INFO - Processed data for BNBUSDT: $654.21
2025-06-30 14:55:15,768 - INFO - Processed data for BTCUSDT: $107669.60
2025-06-30 14:55:15,768 - INFO - Processed data for ETHUSDT: $2459.52
2025-06-30 14:55:15,822 - INFO - Processed data for BNBUSDT: $654.20
2025-06-30 14:55:17,770 - INFO - Processed data for BTCUSDT: $107669.61
2025-06-30 14:55:17,771 - INFO - Processed data for ETHUSDT: $2459.51
2025-06-30 14:55:19,777 - INFO - Processed data for BTCUSDT: $107669.60
2025-06-30 14:55:19,777 - INFO - Processed data for ETHUSDT: $2459.52
2025-06-30 14:55:19,814 - INFO - Processed data for BNBUSDT: $654.21
2025-06-30 14:55:21,728 - INFO - Processed data for BTCUSDT: $107669.60
2025-06-30 14:55:21,729 - INFO - Processed data for ETHUSDT: $2459.52
2025-06-30 14:55:21,820 - INFO - Processed data for BNBUSDT: $654.20
2025-06-30 14:55:23,734 - INFO - Processed data for BTCUSDT: $107669.60
2025-06-30 14:55:23,735 - INFO - Processed data for ETHUSDT: $2459.51
2025-06-30 14:55:25,757 - INFO - Processed data for BTCUSDT: $107669.61
2025-06-30 14:55:25,758 - INFO - Processed data for ETHUSDT: $2459.52
2025-06-30 14:55:25,819 - INFO - Processed data for BNBUSDT: $654.21
2025-06-30 14:55:27,754 - INFO - Processed data for BTCUSDT: $107669.61
2025-06-30 14:55:27,754 - INFO - Processed data for ETHUSDT: $2459.04
2025-06-30 14:55:27,820 - INFO - Processed data for BNBUSDT: $654.21
2025-06-30 14:55:29,754 - INFO - Processed data for BTCUSDT: $107680.26
2025-06-30 14:55:29,757 - INFO - Processed data for ETHUSDT: $2459.33
2025-06-30 14:55:29,821 - INFO - Processed data for BNBUSDT: $654.20
2025-06-30 14:55:31,721 - INFO - Processed data for BTCUSDT: $107680.26
2025-06-30 14:55:31,721 - INFO - Processed data for ETHUSDT: $2459.33
2025-06-30 14:55:31,847 - INFO - Processed data for BNBUSDT: $654.20
2025-06-30 14:55:33,855 - INFO - Processed data for BTCUSDT: $107680.27
2025-06-30 14:55:33,858 - INFO - Processed data for ETHUSDT: $2459.04
2025-06-30 14:55:33,858 - INFO - Processed data for BNBUSDT: $654.21
2025-06-30 14:55:35,733 - INFO - Processed data for BTCUSDT: $107680.27
2025-06-30 14:55:35,734 - INFO - Processed data for ETHUSDT: $2459.25
2025-06-30 14:55:35,841 - INFO - Processed data for BNBUSDT: $654.21
2025-06-30 14:55:37,740 - INFO - Processed data for BTCUSDT: $107680.27
2025-06-30 14:55:37,742 - INFO - Processed data for ETHUSDT: $2459.24
2025-06-30 14:55:37,829 - INFO - Processed data for BNBUSDT: $654.20
2025-06-30 14:55:39,728 - INFO - Processed data for BTCUSDT: $107680.27
2025-06-30 14:55:39,729 - INFO - Processed data for ETHUSDT: $2459.24
2025-06-30 14:55:39,829 - INFO - Processed data for BNBUSDT: $654.21
2025-06-30 14:55:41,768 - INFO - Processed data for BTCUSDT: $107680.27
2025-06-30 14:55:41,772 - INFO - Processed data for ETHUSDT: $2459.25
2025-06-30 14:55:41,823 - INFO - Processed data for BNBUSDT: $654.21
2025-06-30 14:55:43,779 - INFO - Processed data for BTCUSDT: $107680.26
2025-06-30 14:55:43,780 - INFO - Processed data for ETHUSDT: $2459.05
2025-06-30 14:55:45,735 - INFO - Processed data for BTCUSDT: $107680.26
2025-06-30 14:55:45,736 - INFO - Processed data for ETHUSDT: $2459.24
2025-06-30 14:55:45,838 - INFO - Processed data for BNBUSDT: $654.21
2025-06-30 14:55:47,765 - INFO - Processed data for BTCUSDT: $107680.27
2025-06-30 14:55:47,765 - INFO - Processed data for ETHUSDT: $2459.24
2025-06-30 14:55:47,841 - INFO - Processed data for BNBUSDT: $654.20
2025-06-30 14:55:49,719 - INFO - Processed data for BTCUSDT: $107680.26
2025-06-30 14:55:49,719 - INFO - Processed data for ETHUSDT: $2459.25
2025-06-30 14:55:49,833 - INFO - Processed data for BNBUSDT: $654.21
2025-06-30 14:55:51,974 - INFO - Inserted BTCUSDT data into database
2025-06-30 14:55:51,974 - INFO - Processed data for BTCUSDT: $107680.27
2025-06-30 14:55:51,974 - INFO - Processed data for ETHUSDT: $2459.24
2025-06-30 14:55:51,974 - INFO - Processed data for BNBUSDT: $654.21
2025-06-30 14:55:53,814 - INFO - Processed data for BTCUSDT: $107680.27
2025-06-30 14:55:54,121 - INFO - Inserted ETHUSDT data into database
2025-06-30 14:55:54,122 - INFO - Processed data for ETHUSDT: $2459.25
2025-06-30 14:55:54,122 - INFO - Processed data for BNBUSDT: $654.20
2025-06-30 14:55:55,775 - INFO - Processed data for BTCUSDT: $107680.27
2025-06-30 14:55:55,776 - INFO - Processed data for ETHUSDT: $2459.24
2025-06-30 14:55:55,844 - INFO - Processed data for BNBUSDT: $654.21
2025-06-30 14:55:57,731 - INFO - Processed data for BTCUSDT: $107680.26
2025-06-30 14:55:57,734 - INFO - Processed data for ETHUSDT: $2459.24
2025-06-30 14:55:57,818 - INFO - Processed data for BNBUSDT: $654.21
2025-06-30 14:55:59,755 - INFO - Processed data for BNBUSDT: $654.21
2025-06-30 14:55:59,759 - INFO - Processed data for BTCUSDT: $107673.99
2025-06-30 14:55:59,759 - INFO - Processed data for BTCUSDT: $107673.99
2025-06-30 14:55:59,762 - INFO - Processed data for ETHUSDT: $2459.25
2025-06-30 14:55:59,762 - INFO - Processed data for ETHUSDT: $2459.25
2025-06-30 14:55:59,814 - INFO - Processed data for BNBUSDT: $654.21
2025-06-30 14:56:01,763 - INFO - Processed data for BTCUSDT: $107663.23
2025-06-30 14:56:01,763 - INFO - Processed data for ETHUSDT: $2459.00
2025-06-30 14:56:01,834 - INFO - Processed data for BNBUSDT: $654.20
2025-06-30 14:56:04,268 - INFO - Processed data for BTCUSDT: $107653.17
2025-06-30 14:56:04,269 - INFO - Processed data for ETHUSDT: $2458.72
2025-06-30 14:56:04,470 - INFO - Inserted BNBUSDT data into database
2025-06-30 14:56:04,470 - INFO - Processed data for BNBUSDT: $654.11
2025-06-30 14:56:05,739 - INFO - Processed data for BTCUSDT: $107653.17
2025-06-30 14:56:05,740 - INFO - Processed data for ETHUSDT: $2458.72
2025-06-30 14:56:06,865 - INFO - Processed data for BNBUSDT: $654.10
2025-06-30 14:56:07,742 - INFO - Processed data for BTCUSDT: $107653.17
2025-06-30 14:56:07,743 - INFO - Processed data for ETHUSDT: $2458.65
2025-06-30 14:56:07,825 - INFO - Processed data for BNBUSDT: $654.09
2025-06-30 14:56:09,732 - INFO - Processed data for BTCUSDT: $107653.17
2025-06-30 14:56:09,732 - INFO - Processed data for ETHUSDT: $2457.99
2025-06-30 14:56:10,164 - INFO - Processed data for BNBUSDT: $654.08
2025-06-30 14:56:11,753 - INFO - Processed data for BTCUSDT: $107642.68
2025-06-30 14:56:11,754 - INFO - Processed data for ETHUSDT: $2457.13
2025-06-30 14:56:12,246 - INFO - Processed data for BNBUSDT: $654.07
2025-06-30 14:56:13,734 - INFO - Processed data for BTCUSDT: $107642.68
2025-06-30 14:56:13,734 - INFO - Processed data for ETHUSDT: $2457.14
2025-06-30 14:56:13,818 - INFO - Processed data for BNBUSDT: $653.97
2025-06-30 14:56:15,833 - INFO - Processed data for BTCUSDT: $107642.68
2025-06-30 14:56:15,834 - INFO - Processed data for ETHUSDT: $2457.60
2025-06-30 14:56:15,835 - INFO - Processed data for BNBUSDT: $653.98
2025-06-30 14:56:17,726 - INFO - Processed data for BTCUSDT: $107642.68
2025-06-30 14:56:17,727 - INFO - Processed data for ETHUSDT: $2458.18
2025-06-30 14:56:17,832 - INFO - Processed data for BNBUSDT: $653.97
2025-06-30 14:56:19,732 - INFO - Processed data for BTCUSDT: $107648.06
2025-06-30 14:56:19,733 - INFO - Processed data for ETHUSDT: $2458.93
2025-06-30 14:56:19,821 - INFO - Processed data for BNBUSDT: $653.98
2025-06-30 14:56:21,728 - INFO - Processed data for BTCUSDT: $107648.07
2025-06-30 14:56:21,730 - INFO - Processed data for ETHUSDT: $2458.93
2025-06-30 14:56:21,834 - INFO - Processed data for BNBUSDT: $653.99
2025-06-30 14:56:23,760 - INFO - Processed data for BTCUSDT: $107648.07
2025-06-30 14:56:23,761 - INFO - Processed data for ETHUSDT: $2458.92
2025-06-30 14:56:25,735 - INFO - Processed data for BTCUSDT: $107648.07
2025-06-30 14:56:25,736 - INFO - Processed data for ETHUSDT: $2458.92
2025-06-30 14:56:26,793 - INFO - Processed data for BNBUSDT: $653.99
2025-06-30 14:56:27,818 - INFO - Processed data for BTCUSDT: $107648.06
2025-06-30 14:56:27,820 - INFO - Processed data for ETHUSDT: $2458.92
2025-06-30 14:56:27,840 - INFO - Processed data for BNBUSDT: $654.05
2025-06-30 14:56:29,735 - INFO - Processed data for BTCUSDT: $107648.06
2025-06-30 14:56:29,735 - INFO - Processed data for ETHUSDT: $2458.93
2025-06-30 14:56:30,129 - INFO - Processed data for BNBUSDT: $654.06
2025-06-30 14:56:31,736 - INFO - Processed data for BTCUSDT: $107648.07
2025-06-30 14:56:31,738 - INFO - Processed data for ETHUSDT: $2459.11
2025-06-30 14:56:31,818 - INFO - Processed data for BNBUSDT: $654.05
2025-06-30 14:56:34,774 - INFO - Processed data for BTCUSDT: $107652.51
2025-06-30 14:56:34,777 - INFO - Processed data for ETHUSDT: $2459.25
2025-06-30 14:56:34,778 - INFO - Processed data for BNBUSDT: $654.06
2025-06-30 14:56:35,799 - INFO - Processed data for BTCUSDT: $107652.52
2025-06-30 14:56:35,801 - INFO - Processed data for ETHUSDT: $2459.25
2025-06-30 14:56:36,196 - INFO - Processed data for BNBUSDT: $654.06
2025-06-30 14:56:37,745 - INFO - Processed data for BTCUSDT: $107652.51
2025-06-30 14:56:37,746 - INFO - Processed data for ETHUSDT: $2459.24
2025-06-30 14:56:38,143 - INFO - Processed data for BNBUSDT: $654.05
2025-06-30 14:56:39,786 - INFO - Processed data for BTCUSDT: $107652.52
2025-06-30 14:56:39,786 - INFO - Processed data for ETHUSDT: $2459.24
2025-06-30 14:56:39,822 - INFO - Processed data for BNBUSDT: $654.06
2025-06-30 14:56:42,965 - INFO - Processed data for BTCUSDT: $107655.00
2025-06-30 14:56:42,965 - INFO - Processed data for ETHUSDT: $2459.57
2025-06-30 14:56:42,965 - INFO - Processed data for BNBUSDT: $654.06
2025-06-30 14:56:43,761 - INFO - Processed data for BTCUSDT: $107654.99
2025-06-30 14:56:43,761 - INFO - Processed data for ETHUSDT: $2459.57
2025-06-30 14:56:44,158 - INFO - Processed data for BNBUSDT: $654.05
2025-06-30 14:56:45,756 - INFO - Processed data for BTCUSDT: $107655.00
2025-06-30 14:56:45,756 - INFO - Processed data for ETHUSDT: $2459.57
2025-06-30 14:56:45,838 - INFO - Processed data for BNBUSDT: $654.06
2025-06-30 14:56:47,731 - INFO - Processed data for BTCUSDT: $107662.64
2025-06-30 14:56:47,732 - INFO - Processed data for ETHUSDT: $2459.56
2025-06-30 14:56:47,830 - INFO - Processed data for BNBUSDT: $654.06
2025-06-30 14:56:49,829 - INFO - Processed data for BTCUSDT: $107662.64
2025-06-30 14:56:49,832 - INFO - Processed data for ETHUSDT: $2459.57
2025-06-30 14:56:49,834 - INFO - Processed data for BNBUSDT: $654.05
2025-06-30 14:56:51,724 - INFO - Processed data for BTCUSDT: $107662.65
2025-06-30 14:56:51,726 - INFO - Processed data for ETHUSDT: $2459.57
2025-06-30 14:56:53,966 - INFO - Inserted BTCUSDT data into database
2025-06-30 14:56:53,967 - INFO - Processed data for BTCUSDT: $107662.64
2025-06-30 14:56:54,231 - INFO - Inserted ETHUSDT data into database
2025-06-30 14:56:54,232 - INFO - Processed data for ETHUSDT: $2459.57
2025-06-30 14:56:55,728 - INFO - Processed data for BTCUSDT: $107662.64
2025-06-30 14:56:55,731 - INFO - Processed data for ETHUSDT: $2459.57
2025-06-30 14:56:55,830 - INFO - Processed data for BNBUSDT: $654.05
2025-06-30 14:56:57,730 - INFO - Processed data for BTCUSDT: $107662.64
2025-06-30 14:56:57,731 - INFO - Processed data for ETHUSDT: $2459.57
2025-06-30 14:56:57,843 - INFO - Processed data for BNBUSDT: $654.05
2025-06-30 14:56:59,744 - INFO - Processed data for BNBUSDT: $654.06
2025-06-30 14:56:59,745 - INFO - Processed data for BTCUSDT: $107662.65
2025-06-30 14:56:59,746 - INFO - Processed data for BTCUSDT: $107662.64
2025-06-30 14:56:59,746 - INFO - Processed data for ETHUSDT: $2459.57
2025-06-30 14:56:59,747 - INFO - Processed data for ETHUSDT: $2459.57
2025-06-30 14:56:59,825 - INFO - Processed data for BNBUSDT: $654.06
2025-06-30 14:57:01,729 - INFO - Processed data for BTCUSDT: $107662.64
2025-06-30 14:57:01,730 - INFO - Processed data for ETHUSDT: $2459.57
2025-06-30 14:57:01,824 - INFO - Processed data for BNBUSDT: $654.06
2025-06-30 14:57:03,754 - INFO - Processed data for BTCUSDT: $107662.65
2025-06-30 14:57:03,755 - INFO - Processed data for ETHUSDT: $2459.56
2025-06-30 14:57:03,826 - INFO - Processed data for BNBUSDT: $654.06
2025-06-30 14:57:05,725 - INFO - Processed data for BTCUSDT: $107662.65
2025-06-30 14:57:05,729 - INFO - Processed data for ETHUSDT: $2459.57
2025-06-30 14:57:06,016 - INFO - Inserted BNBUSDT data into database
2025-06-30 14:57:06,017 - INFO - Processed data for BNBUSDT: $654.05
2025-06-30 14:57:07,749 - INFO - Processed data for BTCUSDT: $107662.65
2025-06-30 14:57:07,751 - INFO - Processed data for ETHUSDT: $2459.56
2025-06-30 14:57:07,824 - INFO - Processed data for BNBUSDT: $654.06
2025-06-30 14:57:10,251 - INFO - Processed data for BTCUSDT: $107662.64
2025-06-30 14:57:10,251 - INFO - Processed data for ETHUSDT: $2459.57
2025-06-30 14:57:10,253 - INFO - Processed data for BNBUSDT: $654.06
2025-06-30 14:57:13,514 - INFO - Processed data for BTCUSDT: $107662.65
2025-06-30 14:57:13,515 - INFO - Processed data for ETHUSDT: $2459.57
2025-06-30 14:57:13,515 - INFO - Processed data for BNBUSDT: $654.06
2025-06-30 14:57:15,075 - INFO - Processed data for BTCUSDT: $107649.89
2025-06-30 14:57:15,076 - INFO - Processed data for ETHUSDT: $2459.56
2025-06-30 14:57:15,077 - INFO - Processed data for BNBUSDT: $654.05
2025-06-30 14:57:15,745 - INFO - Processed data for BTCUSDT: $107649.89
2025-06-30 14:57:15,747 - INFO - Processed data for ETHUSDT: $2459.56
2025-06-30 14:57:17,741 - INFO - Processed data for BTCUSDT: $107649.90
2025-06-30 14:57:17,743 - INFO - Processed data for ETHUSDT: $2459.57
2025-06-30 14:57:17,821 - INFO - Processed data for BNBUSDT: $654.06
2025-06-30 14:57:19,835 - INFO - Processed data for BTCUSDT: $107649.89
2025-06-30 14:57:19,838 - INFO - Processed data for ETHUSDT: $2459.58
2025-06-30 14:57:19,839 - INFO - Processed data for BNBUSDT: $654.06
2025-06-30 14:57:21,791 - INFO - Processed data for BTCUSDT: $107649.90
2025-06-30 14:57:21,792 - INFO - Processed data for ETHUSDT: $2459.58
2025-06-30 14:57:21,866 - INFO - Processed data for BNBUSDT: $654.06
2025-06-30 14:57:23,825 - INFO - Processed data for BTCUSDT: $107649.89
2025-06-30 14:57:23,826 - INFO - Processed data for ETHUSDT: $2459.58
2025-06-30 14:57:23,826 - INFO - Processed data for BNBUSDT: $654.06
2025-06-30 14:57:25,771 - INFO - Processed data for BTCUSDT: $107649.89
2025-06-30 14:57:25,773 - INFO - Processed data for ETHUSDT: $2459.73
2025-06-30 14:57:25,824 - INFO - Processed data for BNBUSDT: $654.06
2025-06-30 14:57:27,726 - INFO - Processed data for BTCUSDT: $107649.89
2025-06-30 14:57:27,728 - INFO - Processed data for ETHUSDT: $2459.73
2025-06-30 14:57:27,838 - INFO - Processed data for BNBUSDT: $654.05
2025-06-30 14:57:29,763 - INFO - Processed data for BTCUSDT: $107649.90
2025-06-30 14:57:29,764 - INFO - Processed data for ETHUSDT: $2459.72
2025-06-30 14:57:29,818 - INFO - Processed data for BNBUSDT: $654.06
2025-06-30 14:57:31,795 - INFO - Processed data for BTCUSDT: $107649.90
2025-06-30 14:57:31,795 - INFO - Processed data for ETHUSDT: $2459.72
2025-06-30 14:57:31,837 - INFO - Processed data for BNBUSDT: $654.05
2025-06-30 14:57:33,789 - INFO - Processed data for BTCUSDT: $107649.89
2025-06-30 14:57:33,790 - INFO - Processed data for ETHUSDT: $2459.72
2025-06-30 14:57:33,834 - INFO - Processed data for BNBUSDT: $653.99
2025-06-30 14:57:35,755 - INFO - Processed data for BTCUSDT: $107649.89
2025-06-30 14:57:35,757 - INFO - Processed data for ETHUSDT: $2459.73
2025-06-30 14:57:35,894 - INFO - Processed data for BNBUSDT: $653.98
2025-06-30 14:57:37,912 - INFO - Processed data for BTCUSDT: $107649.90
2025-06-30 14:57:37,913 - INFO - Processed data for ETHUSDT: $2459.72
2025-06-30 14:57:39,733 - INFO - Processed data for BTCUSDT: $107649.89
2025-06-30 14:57:39,734 - INFO - Processed data for ETHUSDT: $2459.93
2025-06-30 14:57:39,842 - INFO - Processed data for BNBUSDT: $653.99
2025-06-30 14:57:41,868 - INFO - Processed data for BTCUSDT: $107649.89
2025-06-30 14:57:41,869 - INFO - Processed data for ETHUSDT: $2459.99
2025-06-30 14:57:41,870 - INFO - Processed data for BNBUSDT: $653.99
2025-06-30 14:57:43,794 - INFO - Processed data for BTCUSDT: $107649.90
2025-06-30 14:57:43,795 - INFO - Processed data for ETHUSDT: $2459.93
2025-06-30 14:57:45,760 - INFO - Processed data for BTCUSDT: $107649.90
2025-06-30 14:57:45,761 - INFO - Processed data for ETHUSDT: $2459.93
2025-06-30 14:57:45,826 - INFO - Processed data for BNBUSDT: $653.99
2025-06-30 14:57:47,814 - INFO - Processed data for BTCUSDT: $107649.90
2025-06-30 14:57:49,431 - INFO - Processed data for ETHUSDT: $2459.94
2025-06-30 14:57:49,434 - INFO - Processed data for BNBUSDT: $653.98
2025-06-30 14:57:49,833 - INFO - Processed data for BTCUSDT: $107649.89
2025-06-30 14:57:49,834 - INFO - Processed data for ETHUSDT: $2459.94
2025-06-30 14:57:49,847 - INFO - Processed data for BNBUSDT: $653.98
2025-06-30 14:57:51,778 - INFO - Processed data for BTCUSDT: $107649.89
2025-06-30 14:57:51,779 - INFO - Processed data for ETHUSDT: $2459.94
2025-06-30 14:57:51,820 - INFO - Processed data for BNBUSDT: $653.98
2025-06-30 14:57:53,746 - INFO - Processed data for BTCUSDT: $107649.89
2025-06-30 14:57:55,082 - INFO - Inserted ETHUSDT data into database
2025-06-30 14:57:55,083 - INFO - Processed data for ETHUSDT: $2459.93
2025-06-30 14:57:56,184 - INFO - Inserted BTCUSDT data into database
2025-06-30 14:57:56,185 - INFO - Processed data for BTCUSDT: $107649.89
2025-06-30 14:57:56,187 - INFO - Processed data for ETHUSDT: $2459.93
2025-06-30 14:57:57,822 - INFO - Processed data for BTCUSDT: $107649.89
2025-06-30 14:57:57,824 - INFO - Processed data for ETHUSDT: $2459.93
2025-06-30 14:57:58,220 - INFO - Processed data for BNBUSDT: $653.98
2025-06-30 14:57:59,732 - INFO - Processed data for BNBUSDT: $653.98
2025-06-30 14:57:59,755 - INFO - Processed data for BTCUSDT: $107649.89
2025-06-30 14:57:59,756 - INFO - Processed data for BTCUSDT: $107649.89
2025-06-30 14:58:00,161 - INFO - Processed data for ETHUSDT: $2459.94
2025-06-30 14:58:00,162 - INFO - Processed data for ETHUSDT: $2459.94
2025-06-30 14:58:00,162 - INFO - Processed data for BNBUSDT: $653.98
2025-06-30 14:58:01,816 - INFO - Processed data for BTCUSDT: $107649.89
2025-06-30 14:58:01,817 - INFO - Processed data for ETHUSDT: $2459.93
2025-06-30 14:58:03,761 - INFO - Processed data for BTCUSDT: $107649.89
2025-06-30 14:58:03,761 - INFO - Processed data for ETHUSDT: $2459.94
2025-06-30 14:58:03,823 - INFO - Processed data for BNBUSDT: $653.99
2025-06-30 14:58:05,740 - INFO - Processed data for BTCUSDT: $107649.90
2025-06-30 14:58:05,743 - INFO - Processed data for ETHUSDT: $2459.93
2025-06-30 14:58:06,375 - INFO - Inserted BNBUSDT data into database
2025-06-30 14:58:06,376 - INFO - Processed data for BNBUSDT: $654.02
2025-06-30 14:58:07,752 - INFO - Processed data for BTCUSDT: $107649.89
2025-06-30 14:58:07,752 - INFO - Processed data for ETHUSDT: $2459.93
2025-06-30 14:58:08,170 - INFO - Processed data for BNBUSDT: $654.03
2025-06-30 14:58:09,745 - INFO - Processed data for BTCUSDT: $107649.89
2025-06-30 14:58:09,745 - INFO - Processed data for ETHUSDT: $2459.94
2025-06-30 14:58:09,820 - INFO - Processed data for BNBUSDT: $654.02
2025-06-30 14:58:11,737 - INFO - Processed data for BTCUSDT: $107649.90
2025-06-30 14:58:11,738 - INFO - Processed data for ETHUSDT: $2459.94
2025-06-30 14:58:13,733 - INFO - Processed data for BTCUSDT: $107649.90
2025-06-30 14:58:13,735 - INFO - Processed data for ETHUSDT: $2459.93
2025-06-30 14:58:15,743 - INFO - Processed data for BTCUSDT: $107649.90
2025-06-30 14:58:15,746 - INFO - Processed data for ETHUSDT: $2459.93
2025-06-30 14:58:15,951 - INFO - Processed data for BNBUSDT: $654.03
2025-06-30 14:58:17,732 - INFO - Processed data for BTCUSDT: $107649.89
2025-06-30 14:58:17,734 - INFO - Processed data for ETHUSDT: $2460.04
2025-06-30 14:58:17,823 - INFO - Processed data for BNBUSDT: $654.03
2025-06-30 14:58:19,863 - INFO - Processed data for BTCUSDT: $107649.90
2025-06-30 14:58:19,865 - INFO - Processed data for ETHUSDT: $2460.03
2025-06-30 14:58:19,867 - INFO - Processed data for BNBUSDT: $654.02
2025-06-30 14:58:21,785 - INFO - Processed data for BTCUSDT: $107649.89
2025-06-30 14:58:21,786 - INFO - Processed data for ETHUSDT: $2460.03
2025-06-30 14:58:21,821 - INFO - Processed data for BNBUSDT: $654.03
2025-06-30 14:58:23,760 - INFO - Processed data for BTCUSDT: $107649.89
2025-06-30 14:58:23,762 - INFO - Processed data for ETHUSDT: $2460.04
2025-06-30 14:58:23,845 - INFO - Processed data for BNBUSDT: $654.03
2025-06-30 14:58:25,798 - INFO - Processed data for BTCUSDT: $107649.90
2025-06-30 14:58:25,799 - INFO - Processed data for ETHUSDT: $2460.03
2025-06-30 14:58:25,837 - INFO - Processed data for BNBUSDT: $654.02
2025-06-30 14:58:27,831 - INFO - Processed data for BTCUSDT: $107649.89
2025-06-30 14:58:27,833 - INFO - Processed data for ETHUSDT: $2460.03
2025-06-30 14:58:27,834 - INFO - Processed data for BNBUSDT: $654.02
2025-06-30 14:58:29,787 - INFO - Processed data for BTCUSDT: $107649.89
2025-06-30 14:58:29,788 - INFO - Processed data for ETHUSDT: $2460.02
2025-06-30 14:58:29,836 - INFO - Processed data for BNBUSDT: $654.02
2025-06-30 14:58:31,745 - INFO - Processed data for BTCUSDT: $107649.89
2025-06-30 14:58:31,745 - INFO - Processed data for ETHUSDT: $2459.94
2025-06-30 14:58:31,863 - INFO - Processed data for BNBUSDT: $654.02
2025-06-30 14:58:33,733 - INFO - Processed data for BTCUSDT: $107649.90
2025-06-30 14:58:33,735 - INFO - Processed data for ETHUSDT: $2459.93
2025-06-30 14:58:33,820 - INFO - Processed data for BNBUSDT: $654.03
2025-06-30 14:58:35,815 - INFO - Processed data for BTCUSDT: $107649.89
2025-06-30 14:58:35,819 - INFO - Processed data for ETHUSDT: $2459.94
2025-06-30 14:58:38,237 - INFO - Processed data for BTCUSDT: $107649.89
2025-06-30 14:58:38,238 - INFO - Processed data for ETHUSDT: $2459.93
2025-06-30 14:58:39,733 - INFO - Processed data for BTCUSDT: $107649.90
2025-06-30 14:58:39,734 - INFO - Processed data for ETHUSDT: $2459.94
2025-06-30 14:58:41,751 - INFO - Processed data for BTCUSDT: $107649.90
2025-06-30 14:58:41,752 - INFO - Processed data for ETHUSDT: $2459.93
2025-06-30 14:58:41,844 - INFO - Processed data for BNBUSDT: $654.03
2025-06-30 14:58:43,743 - INFO - Processed data for BTCUSDT: $107649.90
2025-06-30 14:58:43,743 - INFO - Processed data for ETHUSDT: $2459.84
2025-06-30 14:58:43,863 - INFO - Processed data for BNBUSDT: $654.02
2025-06-30 14:58:45,737 - INFO - Processed data for BTCUSDT: $107649.89
2025-06-30 14:58:45,739 - INFO - Processed data for ETHUSDT: $2459.84
2025-06-30 14:58:45,844 - INFO - Processed data for BNBUSDT: $654.03
2025-06-30 14:58:47,771 - INFO - Processed data for BTCUSDT: $107649.89
2025-06-30 14:58:47,772 - INFO - Processed data for ETHUSDT: $2459.85
2025-06-30 14:58:47,833 - INFO - Processed data for BNBUSDT: $654.03
2025-06-30 14:58:49,737 - INFO - Processed data for BTCUSDT: $107649.89
2025-06-30 14:58:49,738 - INFO - Processed data for ETHUSDT: $2459.85
2025-06-30 14:58:49,827 - INFO - Processed data for BNBUSDT: $654.03
2025-06-30 14:58:51,741 - INFO - Processed data for BTCUSDT: $107649.90
2025-06-30 14:58:51,743 - INFO - Processed data for ETHUSDT: $2459.84
2025-06-30 14:58:51,823 - INFO - Processed data for BNBUSDT: $654.02
2025-06-30 14:58:53,783 - INFO - Processed data for BTCUSDT: $107649.90
2025-06-30 14:58:53,784 - INFO - Processed data for ETHUSDT: $2459.85
2025-06-30 14:58:53,840 - INFO - Processed data for BNBUSDT: $654.03
2025-06-30 14:58:55,746 - INFO - Processed data for BTCUSDT: $107649.89
2025-06-30 14:58:55,946 - INFO - Inserted ETHUSDT data into database
2025-06-30 14:58:55,947 - INFO - Processed data for ETHUSDT: $2459.84
2025-06-30 14:58:55,950 - INFO - Processed data for BNBUSDT: $654.02
2025-06-30 14:58:57,939 - INFO - Inserted BTCUSDT data into database
2025-06-30 14:58:57,940 - INFO - Processed data for BTCUSDT: $107649.90
2025-06-30 14:58:57,940 - INFO - Processed data for BNBUSDT: $654.02
2025-06-30 14:58:59,775 - INFO - Processed data for BNBUSDT: $654.03
2025-06-30 14:58:59,776 - INFO - Processed data for BTCUSDT: $107649.89
2025-06-30 14:58:59,777 - INFO - Processed data for BTCUSDT: $107649.89
2025-06-30 14:58:59,779 - INFO - Processed data for ETHUSDT: $2459.84
2025-06-30 14:58:59,780 - INFO - Processed data for ETHUSDT: $2459.84
2025-06-30 14:58:59,836 - INFO - Processed data for BNBUSDT: $654.03
2025-06-30 14:59:01,824 - INFO - Processed data for BTCUSDT: $107649.89
2025-06-30 14:59:01,824 - INFO - Processed data for ETHUSDT: $2459.85
2025-06-30 14:59:01,851 - INFO - Processed data for BNBUSDT: $654.02
2025-06-30 14:59:03,770 - INFO - Processed data for BTCUSDT: $107649.90
2025-06-30 14:59:03,771 - INFO - Processed data for ETHUSDT: $2459.84
2025-06-30 14:59:03,821 - INFO - Processed data for BNBUSDT: $654.03
2025-06-30 14:59:05,815 - INFO - Processed data for BTCUSDT: $107649.90
2025-06-30 14:59:05,816 - INFO - Processed data for ETHUSDT: $2459.75
2025-06-30 14:59:05,827 - INFO - Processed data for BNBUSDT: $654.03
2025-06-30 14:59:07,761 - INFO - Processed data for BTCUSDT: $107649.90
2025-06-30 14:59:07,764 - INFO - Processed data for ETHUSDT: $2459.75
2025-06-30 14:59:08,061 - INFO - Inserted BNBUSDT data into database
2025-06-30 14:59:08,061 - INFO - Processed data for BNBUSDT: $654.03
2025-06-30 14:59:09,744 - INFO - Processed data for BTCUSDT: $107649.89
2025-06-30 14:59:09,745 - INFO - Processed data for ETHUSDT: $2459.74
2025-06-30 14:59:09,816 - INFO - Processed data for BNBUSDT: $654.03
2025-06-30 14:59:11,755 - INFO - Processed data for BTCUSDT: $107649.89
2025-06-30 14:59:11,758 - INFO - Processed data for ETHUSDT: $2459.75
2025-06-30 14:59:11,961 - INFO - Processed data for BNBUSDT: $654.02
2025-06-30 14:59:14,826 - INFO - Processed data for BTCUSDT: $107649.89
2025-06-30 14:59:14,827 - INFO - Processed data for ETHUSDT: $2459.74
2025-06-30 14:59:14,828 - INFO - Processed data for BNBUSDT: $654.15
2025-06-30 14:59:15,726 - INFO - Processed data for BTCUSDT: $107654.20
2025-06-30 14:59:15,728 - INFO - Processed data for ETHUSDT: $2459.75
2025-06-30 14:59:16,159 - INFO - Processed data for BNBUSDT: $654.16
2025-06-30 14:59:17,729 - INFO - Processed data for BTCUSDT: $107654.20
2025-06-30 14:59:17,731 - INFO - Processed data for ETHUSDT: $2459.75
2025-06-30 14:59:17,827 - INFO - Processed data for BNBUSDT: $654.16
2025-06-30 14:59:19,848 - INFO - Processed data for BTCUSDT: $107654.20
2025-06-30 14:59:19,849 - INFO - Processed data for ETHUSDT: $2459.75
2025-06-30 14:59:19,854 - INFO - Processed data for BNBUSDT: $654.16
2025-06-30 14:59:21,796 - INFO - Processed data for BTCUSDT: $107654.20
2025-06-30 14:59:21,796 - INFO - Processed data for ETHUSDT: $2459.75
2025-06-30 14:59:21,829 - INFO - Processed data for BNBUSDT: $654.15
2025-06-30 14:59:23,853 - INFO - Processed data for BTCUSDT: $107654.20
2025-06-30 14:59:23,855 - INFO - Processed data for ETHUSDT: $2459.75
2025-06-30 14:59:23,857 - INFO - Processed data for BNBUSDT: $654.15
2025-06-30 14:59:25,787 - INFO - Processed data for BTCUSDT: $107654.21
2025-06-30 14:59:25,788 - INFO - Processed data for ETHUSDT: $2459.75
2025-06-30 14:59:25,850 - INFO - Processed data for BNBUSDT: $654.16
2025-06-30 14:59:27,758 - INFO - Processed data for BTCUSDT: $107654.21
2025-06-30 14:59:27,759 - INFO - Processed data for ETHUSDT: $2459.66
2025-06-30 14:59:29,735 - INFO - Processed data for BTCUSDT: $107654.21
2025-06-30 14:59:29,737 - INFO - Processed data for ETHUSDT: $2459.66
2025-06-30 14:59:29,830 - INFO - Processed data for BNBUSDT: $654.15
2025-06-30 14:59:31,825 - INFO - Processed data for BTCUSDT: $107654.21
2025-06-30 14:59:31,826 - INFO - Processed data for ETHUSDT: $2459.65
2025-06-30 14:59:31,827 - INFO - Processed data for BNBUSDT: $654.16
2025-06-30 14:59:33,775 - INFO - Processed data for BTCUSDT: $107654.21
2025-06-30 14:59:33,776 - INFO - Processed data for ETHUSDT: $2459.65
2025-06-30 14:59:33,821 - INFO - Processed data for BNBUSDT: $654.16
2025-06-30 14:59:35,820 - INFO - Processed data for BTCUSDT: $107654.21
2025-06-30 14:59:35,821 - INFO - Processed data for ETHUSDT: $2459.65
2025-06-30 14:59:37,750 - INFO - Processed data for BTCUSDT: $107654.20
2025-06-30 14:59:37,751 - INFO - Processed data for ETHUSDT: $2459.66
2025-06-30 14:59:37,834 - INFO - Processed data for BNBUSDT: $654.15
2025-06-30 14:59:39,739 - INFO - Processed data for BTCUSDT: $107654.20
2025-06-30 14:59:39,741 - INFO - Processed data for ETHUSDT: $2459.31
2025-06-30 14:59:39,832 - INFO - Processed data for BNBUSDT: $654.16
2025-06-30 14:59:41,758 - INFO - Processed data for BTCUSDT: $107654.20
2025-06-30 14:59:41,759 - INFO - Processed data for ETHUSDT: $2459.10
2025-06-30 14:59:41,834 - INFO - Processed data for BNBUSDT: $654.16
2025-06-30 14:59:43,740 - INFO - Processed data for BTCUSDT: $107654.21
2025-06-30 14:59:43,742 - INFO - Processed data for ETHUSDT: $2459.09
2025-06-30 14:59:43,830 - INFO - Processed data for BNBUSDT: $654.16
2025-06-30 14:59:45,744 - INFO - Processed data for BTCUSDT: $107654.20
2025-06-30 14:59:45,745 - INFO - Processed data for ETHUSDT: $2459.09
2025-06-30 14:59:45,825 - INFO - Processed data for BNBUSDT: $654.16
2025-06-30 14:59:47,799 - INFO - Processed data for BTCUSDT: $107654.20
2025-06-30 14:59:47,800 - INFO - Processed data for ETHUSDT: $2459.10
2025-06-30 14:59:47,839 - INFO - Processed data for BNBUSDT: $654.15
2025-06-30 14:59:49,746 - INFO - Processed data for BTCUSDT: $107654.21
2025-06-30 14:59:49,747 - INFO - Processed data for ETHUSDT: $2459.10
2025-06-30 14:59:51,758 - INFO - Processed data for BTCUSDT: $107654.20
2025-06-30 14:59:51,759 - INFO - Processed data for ETHUSDT: $2458.96
2025-06-30 14:59:53,844 - INFO - Processed data for BTCUSDT: $107654.20
2025-06-30 14:59:53,847 - INFO - Processed data for BNBUSDT: $654.16
2025-06-30 14:59:55,787 - INFO - Processed data for BTCUSDT: $107654.21
2025-06-30 14:59:56,097 - INFO - Inserted ETHUSDT data into database
2025-06-30 14:59:56,098 - INFO - Processed data for ETHUSDT: $2458.72
2025-06-30 14:59:56,100 - INFO - Processed data for BNBUSDT: $654.16
2025-06-30 14:59:58,051 - INFO - Inserted BTCUSDT data into database
2025-06-30 14:59:58,051 - INFO - Processed data for BTCUSDT: $107654.20
2025-06-30 14:59:58,053 - INFO - Processed data for ETHUSDT: $2458.53
2025-06-30 14:59:59,760 - INFO - Processed data for BNBUSDT: $654.16
2025-06-30 14:59:59,767 - INFO - Processed data for BTCUSDT: $107654.20
2025-06-30 14:59:59,768 - INFO - Processed data for BTCUSDT: $107654.20
2025-06-30 14:59:59,768 - INFO - Processed data for ETHUSDT: $2458.52
2025-06-30 14:59:59,769 - INFO - Processed data for ETHUSDT: $2458.52
2025-06-30 14:59:59,932 - INFO - Processed data for BNBUSDT: $654.16
2025-06-30 15:00:01,829 - INFO - Processed data for BTCUSDT: $107654.21
2025-06-30 15:00:01,830 - INFO - Processed data for ETHUSDT: $2458.42
2025-06-30 15:00:01,834 - INFO - Processed data for BNBUSDT: $654.15
2025-06-30 15:00:03,732 - INFO - Processed data for BTCUSDT: $107654.20
2025-06-30 15:00:03,735 - INFO - Processed data for ETHUSDT: $2458.48
2025-06-30 15:00:03,821 - INFO - Processed data for BNBUSDT: $654.16
2025-06-30 15:00:05,729 - INFO - Processed data for BTCUSDT: $107656.16
2025-06-30 15:00:05,730 - INFO - Processed data for ETHUSDT: $2458.90
2025-06-30 15:00:05,815 - INFO - Processed data for BNBUSDT: $654.16
2025-06-30 15:00:07,725 - INFO - Processed data for BTCUSDT: $107656.53
2025-06-30 15:00:07,831 - INFO - Processed data for BNBUSDT: $654.16
2025-06-30 15:00:09,729 - INFO - Processed data for BTCUSDT: $107656.52
2025-06-30 15:00:09,730 - INFO - Processed data for ETHUSDT: $2458.89
2025-06-30 15:00:10,024 - INFO - Inserted BNBUSDT data into database
2025-06-30 15:00:10,024 - INFO - Processed data for BNBUSDT: $654.16
2025-06-30 15:00:11,766 - INFO - Processed data for BTCUSDT: $107656.52
2025-06-30 15:00:11,767 - INFO - Processed data for ETHUSDT: $2458.90
2025-06-30 15:00:11,824 - INFO - Processed data for BNBUSDT: $654.16
2025-06-30 15:00:13,736 - INFO - Processed data for BTCUSDT: $107656.52
2025-06-30 15:00:13,739 - INFO - Processed data for ETHUSDT: $2458.64
2025-06-30 15:00:13,830 - INFO - Processed data for BNBUSDT: $654.16
2025-06-30 15:00:15,757 - INFO - Processed data for BTCUSDT: $107656.53
2025-06-30 15:00:15,821 - INFO - Processed data for BNBUSDT: $654.16
2025-06-30 15:00:17,736 - INFO - Processed data for BTCUSDT: $107656.53
2025-06-30 15:00:17,738 - INFO - Processed data for ETHUSDT: $2458.57
2025-06-30 15:00:17,817 - INFO - Processed data for BNBUSDT: $654.16
2025-06-30 15:00:19,752 - INFO - Processed data for BTCUSDT: $107656.53
2025-06-30 15:00:19,752 - INFO - Processed data for ETHUSDT: $2458.48
2025-06-30 15:00:19,819 - INFO - Processed data for BNBUSDT: $654.16
2025-06-30 15:00:21,796 - INFO - Processed data for BTCUSDT: $107672.21
2025-06-30 15:00:21,797 - INFO - Processed data for ETHUSDT: $2458.65
2025-06-30 15:00:21,828 - INFO - Processed data for BNBUSDT: $654.15
2025-06-30 15:00:23,729 - INFO - Processed data for BTCUSDT: $107672.20
2025-06-30 15:00:23,731 - INFO - Processed data for ETHUSDT: $2458.51
2025-06-30 15:00:23,831 - INFO - Processed data for BNBUSDT: $654.16
2025-06-30 15:00:25,790 - INFO - Processed data for BTCUSDT: $107672.20
2025-06-30 15:00:25,791 - INFO - Processed data for ETHUSDT: $2458.51
2025-06-30 15:00:25,828 - INFO - Processed data for BNBUSDT: $654.16
2025-06-30 15:00:27,736 - INFO - Processed data for BTCUSDT: $107672.21
2025-06-30 15:00:27,740 - INFO - Processed data for ETHUSDT: $2458.52
2025-06-30 15:00:27,825 - INFO - Processed data for BNBUSDT: $654.16
2025-06-30 15:00:29,729 - INFO - Processed data for BTCUSDT: $107672.20
2025-06-30 15:00:29,732 - INFO - Processed data for ETHUSDT: $2458.52
2025-06-30 15:00:29,817 - INFO - Processed data for BNBUSDT: $654.15
2025-06-30 15:00:31,728 - INFO - Processed data for BTCUSDT: $107672.21
2025-06-30 15:00:31,733 - INFO - Processed data for ETHUSDT: $2458.30
2025-06-30 15:00:31,820 - INFO - Processed data for BNBUSDT: $654.16
2025-06-30 15:00:33,732 - INFO - Processed data for BTCUSDT: $107672.20
2025-06-30 15:00:33,733 - INFO - Processed data for ETHUSDT: $2458.60
2025-06-30 15:00:33,816 - INFO - Processed data for BNBUSDT: $654.16
2025-06-30 15:00:35,739 - INFO - Processed data for BTCUSDT: $107672.21
2025-06-30 15:00:35,740 - INFO - Processed data for ETHUSDT: $2458.58
2025-06-30 15:00:35,855 - INFO - Processed data for BNBUSDT: $654.16
2025-06-30 15:00:37,771 - INFO - Processed data for BTCUSDT: $107672.20
2025-06-30 15:00:37,773 - INFO - Processed data for ETHUSDT: $2458.58
2025-06-30 15:00:37,818 - INFO - Processed data for BNBUSDT: $654.16
2025-06-30 15:00:39,731 - INFO - Processed data for BTCUSDT: $107672.21
2025-06-30 15:00:39,733 - INFO - Processed data for ETHUSDT: $2458.33
2025-06-30 15:00:39,823 - INFO - Processed data for BNBUSDT: $654.16
2025-06-30 15:00:41,734 - INFO - Processed data for BTCUSDT: $107672.21
2025-06-30 15:00:41,736 - INFO - Processed data for ETHUSDT: $2458.23
2025-06-30 15:00:41,817 - INFO - Processed data for BNBUSDT: $654.15
2025-06-30 15:00:43,813 - INFO - Processed data for BTCUSDT: $107672.20
2025-06-30 15:00:43,814 - INFO - Processed data for ETHUSDT: $2458.23
2025-06-30 15:00:43,831 - INFO - Processed data for BNBUSDT: $654.16
2025-06-30 15:00:45,745 - INFO - Processed data for BTCUSDT: $107672.20
2025-06-30 15:00:45,746 - INFO - Processed data for ETHUSDT: $2458.23
2025-06-30 15:00:45,863 - INFO - Processed data for BNBUSDT: $654.16
2025-06-30 15:00:47,810 - INFO - Processed data for BTCUSDT: $107672.20
2025-06-30 15:00:47,811 - INFO - Processed data for ETHUSDT: $2458.22
2025-06-30 15:00:47,817 - INFO - Processed data for BNBUSDT: $654.16
2025-06-30 15:00:49,766 - INFO - Processed data for BTCUSDT: $107672.20
2025-06-30 15:00:49,767 - INFO - Processed data for ETHUSDT: $2458.23
2025-06-30 15:00:49,835 - INFO - Processed data for BNBUSDT: $654.16
2025-06-30 15:00:51,741 - INFO - Processed data for BTCUSDT: $107672.21
2025-06-30 15:00:51,743 - INFO - Processed data for ETHUSDT: $2458.50
2025-06-30 15:00:53,725 - INFO - Processed data for BTCUSDT: $107672.21
2025-06-30 15:00:53,736 - INFO - Processed data for ETHUSDT: $2458.51
2025-06-30 15:00:53,833 - INFO - Processed data for BNBUSDT: $654.32
2025-06-30 15:00:55,732 - INFO - Processed data for BTCUSDT: $107672.21
2025-06-30 15:00:55,732 - INFO - Processed data for ETHUSDT: $2458.51
2025-06-30 15:00:55,824 - INFO - Processed data for BNBUSDT: $654.32
2025-06-30 15:00:57,739 - INFO - Processed data for BTCUSDT: $107672.20
2025-06-30 15:00:57,941 - INFO - Inserted ETHUSDT data into database
2025-06-30 15:00:57,941 - INFO - Processed data for ETHUSDT: $2458.50
2025-06-30 15:00:57,941 - INFO - Processed data for BNBUSDT: $654.32
2025-06-30 15:00:59,790 - INFO - Processed data for BNBUSDT: $654.33
2025-06-30 15:01:00,095 - INFO - Inserted BTCUSDT data into database
2025-06-30 15:01:00,096 - INFO - Processed data for BTCUSDT: $107672.21
2025-06-30 15:01:00,097 - INFO - Processed data for BTCUSDT: $107672.21
2025-06-30 15:01:00,097 - INFO - Processed data for ETHUSDT: $2458.51
2025-06-30 15:01:00,097 - INFO - Processed data for ETHUSDT: $2458.51
2025-06-30 15:01:00,099 - INFO - Processed data for BNBUSDT: $654.33
2025-06-30 15:01:01,859 - INFO - Processed data for BTCUSDT: $107672.20
2025-06-30 15:01:01,859 - INFO - Processed data for ETHUSDT: $2458.55
2025-06-30 15:01:01,860 - INFO - Processed data for BNBUSDT: $654.33
2025-06-30 15:01:03,783 - INFO - Processed data for BTCUSDT: $107672.21
2025-06-30 15:01:03,784 - INFO - Processed data for ETHUSDT: $2459.06
2025-06-30 15:01:03,838 - INFO - Processed data for BNBUSDT: $654.27
2025-06-30 15:01:05,833 - INFO - Processed data for BTCUSDT: $107672.20
2025-06-30 15:01:05,834 - INFO - Processed data for ETHUSDT: $2458.91
2025-06-30 15:01:05,841 - INFO - Processed data for BNBUSDT: $654.27
2025-06-30 15:01:07,808 - INFO - Processed data for BTCUSDT: $107672.21
2025-06-30 15:01:07,808 - INFO - Processed data for ETHUSDT: $2458.90
2025-06-30 15:01:07,836 - INFO - Processed data for BNBUSDT: $654.28
2025-06-30 15:01:09,735 - INFO - Processed data for BTCUSDT: $107672.21
2025-06-30 15:01:09,740 - INFO - Processed data for ETHUSDT: $2458.91
2025-06-30 15:01:10,043 - INFO - Inserted BNBUSDT data into database
2025-06-30 15:01:10,044 - INFO - Processed data for BNBUSDT: $654.26
2025-06-30 15:01:11,771 - INFO - Processed data for BTCUSDT: $107672.21
2025-06-30 15:01:11,771 - INFO - Processed data for ETHUSDT: $2458.66
2025-06-30 15:01:11,830 - INFO - Processed data for BNBUSDT: $654.26
2025-06-30 15:01:13,723 - INFO - Processed data for BTCUSDT: $107672.21
2025-06-30 15:01:13,724 - INFO - Processed data for ETHUSDT: $2458.66
2025-06-30 15:01:15,762 - INFO - Processed data for BTCUSDT: $107672.21
2025-06-30 15:01:15,767 - INFO - Processed data for ETHUSDT: $2458.67
2025-06-30 15:01:15,823 - INFO - Processed data for BNBUSDT: $654.27
2025-06-30 15:01:17,810 - INFO - Processed data for BTCUSDT: $107672.21
2025-06-30 15:01:17,813 - INFO - Processed data for ETHUSDT: $2458.66
2025-06-30 15:01:17,833 - INFO - Processed data for BNBUSDT: $654.26
2025-06-30 15:01:19,725 - INFO - Processed data for BTCUSDT: $107672.20
2025-06-30 15:01:19,861 - INFO - Processed data for BNBUSDT: $654.26
2025-06-30 15:01:21,754 - INFO - Processed data for BTCUSDT: $107672.21
2025-06-30 15:01:21,754 - INFO - Processed data for ETHUSDT: $2458.67
2025-06-30 15:01:21,830 - INFO - Processed data for BNBUSDT: $654.26
2025-06-30 15:01:23,763 - INFO - Processed data for BTCUSDT: $107672.21
2025-06-30 15:01:23,763 - INFO - Processed data for ETHUSDT: $2458.66
2025-06-30 15:01:23,820 - INFO - Processed data for BNBUSDT: $654.26
2025-06-30 15:01:25,751 - INFO - Processed data for BTCUSDT: $107672.20
2025-06-30 15:01:25,752 - INFO - Processed data for ETHUSDT: $2458.66
2025-06-30 15:01:25,832 - INFO - Processed data for BNBUSDT: $654.26
2025-06-30 15:01:27,778 - INFO - Processed data for BTCUSDT: $107672.20
2025-06-30 15:01:27,778 - INFO - Processed data for ETHUSDT: $2458.77
2025-06-30 15:01:27,832 - INFO - Processed data for BNBUSDT: $654.25
2025-06-30 15:01:29,730 - INFO - Processed data for BTCUSDT: $107672.21
2025-06-30 15:01:29,731 - INFO - Processed data for ETHUSDT: $2458.87
2025-06-30 15:01:29,815 - INFO - Processed data for BNBUSDT: $654.25
2025-06-30 15:01:31,741 - INFO - Processed data for BTCUSDT: $107672.21
2025-06-30 15:01:31,741 - INFO - Processed data for ETHUSDT: $2458.87
2025-06-30 15:01:31,819 - INFO - Processed data for BNBUSDT: $654.26
2025-06-30 15:01:33,723 - INFO - Processed data for BTCUSDT: $107672.21
2025-06-30 15:01:33,733 - INFO - Processed data for ETHUSDT: $2458.91
2025-06-30 15:01:33,820 - INFO - Processed data for BNBUSDT: $654.25
2025-06-30 15:01:35,730 - INFO - Processed data for BTCUSDT: $107672.21
2025-06-30 15:01:35,730 - INFO - Processed data for ETHUSDT: $2458.91
2025-06-30 15:01:35,821 - INFO - Processed data for BNBUSDT: $654.16
2025-06-30 15:01:37,732 - INFO - Processed data for BTCUSDT: $107672.20
2025-06-30 15:01:37,734 - INFO - Processed data for ETHUSDT: $2458.90
2025-06-30 15:01:37,820 - INFO - Processed data for BNBUSDT: $654.17
2025-06-30 15:01:39,729 - INFO - Processed data for BTCUSDT: $107672.21
2025-06-30 15:01:39,730 - INFO - Processed data for ETHUSDT: $2458.91
2025-06-30 15:01:39,834 - INFO - Processed data for BNBUSDT: $654.17
2025-06-30 15:01:41,979 - INFO - Processed data for BTCUSDT: $107672.21
2025-06-30 15:01:43,821 - INFO - Processed data for BTCUSDT: $107672.20
2025-06-30 15:01:43,824 - INFO - Processed data for ETHUSDT: $2458.91
2025-06-30 15:01:43,831 - INFO - Processed data for BNBUSDT: $654.17
2025-06-30 15:01:45,726 - INFO - Processed data for BTCUSDT: $107672.21
2025-06-30 15:01:45,727 - INFO - Processed data for ETHUSDT: $2458.91
2025-06-30 15:01:45,844 - INFO - Processed data for BNBUSDT: $654.16
2025-06-30 15:01:47,813 - INFO - Processed data for BTCUSDT: $107672.21
2025-06-30 15:01:47,814 - INFO - Processed data for ETHUSDT: $2458.91
2025-06-30 15:01:47,841 - INFO - Processed data for BNBUSDT: $654.16
2025-06-30 15:01:49,758 - INFO - Processed data for BTCUSDT: $107672.21
2025-06-30 15:01:49,759 - INFO - Processed data for ETHUSDT: $2458.91
2025-06-30 15:01:49,817 - INFO - Processed data for BNBUSDT: $654.16
2025-06-30 15:01:51,800 - INFO - Processed data for BTCUSDT: $107672.21
2025-06-30 15:01:51,800 - INFO - Processed data for ETHUSDT: $2458.91
2025-06-30 15:01:51,823 - INFO - Processed data for BNBUSDT: $654.17
2025-06-30 15:01:53,752 - INFO - Processed data for BTCUSDT: $107672.21
2025-06-30 15:01:53,753 - INFO - Processed data for ETHUSDT: $2458.90
2025-06-30 15:01:53,823 - INFO - Processed data for BNBUSDT: $654.17
2025-06-30 15:01:55,801 - INFO - Processed data for BTCUSDT: $107672.21
2025-06-30 15:01:55,802 - INFO - Processed data for ETHUSDT: $2458.90
2025-06-30 15:01:55,816 - INFO - Processed data for BNBUSDT: $654.16
2025-06-30 15:01:57,731 - INFO - Processed data for BTCUSDT: $107672.21
2025-06-30 15:01:57,734 - INFO - Processed data for ETHUSDT: $2458.91
2025-06-30 15:01:57,816 - INFO - Processed data for BNBUSDT: $654.11
2025-06-30 15:01:59,794 - INFO - Processed data for BNBUSDT: $654.12
2025-06-30 15:02:00,101 - INFO - Inserted BTCUSDT data into database
2025-06-30 15:02:00,101 - INFO - Processed data for BTCUSDT: $107672.21
2025-06-30 15:02:00,102 - INFO - Processed data for BTCUSDT: $107672.21
2025-06-30 15:02:00,409 - INFO - Inserted ETHUSDT data into database
2025-06-30 15:02:00,411 - INFO - Processed data for ETHUSDT: $2458.90
2025-06-30 15:02:00,413 - INFO - Processed data for ETHUSDT: $2458.90
2025-06-30 15:02:00,415 - INFO - Processed data for BNBUSDT: $654.12
2025-06-30 15:02:01,844 - INFO - Processed data for BTCUSDT: $107672.20
2025-06-30 15:02:01,846 - INFO - Processed data for ETHUSDT: $2458.91
2025-06-30 15:02:01,846 - INFO - Processed data for BNBUSDT: $654.12
2025-06-30 15:02:03,723 - INFO - Processed data for BTCUSDT: $107672.20
2025-06-30 15:02:03,724 - INFO - Processed data for ETHUSDT: $2458.91
2025-06-30 15:02:03,820 - INFO - Processed data for BNBUSDT: $654.12
2025-06-30 15:02:05,734 - INFO - Processed data for BTCUSDT: $107672.21
2025-06-30 15:02:05,737 - INFO - Processed data for ETHUSDT: $2458.90
2025-06-30 15:02:05,824 - INFO - Processed data for BNBUSDT: $654.12
2025-06-30 15:02:07,784 - INFO - Processed data for BTCUSDT: $107672.21
2025-06-30 15:02:07,785 - INFO - Processed data for ETHUSDT: $2458.91
2025-06-30 15:02:07,826 - INFO - Processed data for BNBUSDT: $654.11
2025-06-30 15:02:09,772 - INFO - Processed data for BTCUSDT: $107672.21
2025-06-30 15:02:09,773 - INFO - Processed data for ETHUSDT: $2458.91
2025-06-30 15:02:09,818 - INFO - Processed data for BNBUSDT: $654.12
2025-06-30 15:02:11,774 - INFO - Processed data for BTCUSDT: $107672.21
2025-06-30 15:02:11,775 - INFO - Processed data for ETHUSDT: $2458.98
2025-06-30 15:02:12,082 - INFO - Inserted BNBUSDT data into database
2025-06-30 15:02:12,082 - INFO - Processed data for BNBUSDT: $654.13
2025-06-30 15:02:14,028 - INFO - Processed data for BTCUSDT: $107672.20
2025-06-30 15:02:14,030 - INFO - Processed data for ETHUSDT: $2459.21
2025-06-30 15:02:14,032 - INFO - Processed data for BNBUSDT: $654.16
2025-06-30 15:02:15,730 - INFO - Processed data for BTCUSDT: $107672.21
2025-06-30 15:02:15,816 - INFO - Processed data for BNBUSDT: $654.16
2025-06-30 15:02:17,726 - INFO - Processed data for BTCUSDT: $107672.21
2025-06-30 15:02:17,728 - INFO - Processed data for ETHUSDT: $2459.21
2025-06-30 15:02:17,825 - INFO - Processed data for BNBUSDT: $654.16
2025-06-30 15:02:19,762 - INFO - Processed data for BTCUSDT: $107672.20
2025-06-30 15:02:19,763 - INFO - Processed data for ETHUSDT: $2459.22
2025-06-30 15:02:19,817 - INFO - Processed data for BNBUSDT: $654.16
2025-06-30 15:02:22,013 - INFO - Processed data for BTCUSDT: $107680.00
2025-06-30 15:02:22,015 - INFO - Processed data for ETHUSDT: $2459.49
2025-06-30 15:02:23,729 - INFO - Processed data for BTCUSDT: $107698.91
2025-06-30 15:02:23,729 - INFO - Processed data for ETHUSDT: $2459.77
2025-06-30 15:02:23,896 - INFO - Processed data for BNBUSDT: $654.16
2025-06-30 15:02:25,908 - INFO - Processed data for BTCUSDT: $107698.91
2025-06-30 15:02:25,911 - INFO - Processed data for ETHUSDT: $2459.77
2025-06-30 15:02:25,913 - INFO - Processed data for BNBUSDT: $654.16
2025-06-30 15:02:27,855 - INFO - Processed data for BTCUSDT: $107698.91
2025-06-30 15:02:27,858 - INFO - Processed data for ETHUSDT: $2459.78
2025-06-30 15:02:29,737 - INFO - Processed data for BTCUSDT: $107698.90
2025-06-30 15:02:29,738 - INFO - Processed data for ETHUSDT: $2459.77
2025-06-30 15:02:29,832 - INFO - Processed data for BNBUSDT: $654.16
2025-06-30 15:02:31,746 - INFO - Processed data for BTCUSDT: $107698.91
2025-06-30 15:02:31,748 - INFO - Processed data for ETHUSDT: $2459.78
2025-06-30 15:02:31,832 - INFO - Processed data for BNBUSDT: $654.16
2025-06-30 15:02:33,790 - INFO - Processed data for BTCUSDT: $107698.91
2025-06-30 15:02:33,792 - INFO - Processed data for ETHUSDT: $2459.77
2025-06-30 15:02:35,743 - INFO - Processed data for BTCUSDT: $107698.91
2025-06-30 15:02:35,745 - INFO - Processed data for ETHUSDT: $2459.77
2025-06-30 15:02:35,825 - INFO - Processed data for BNBUSDT: $654.16
2025-06-30 15:02:37,734 - INFO - Processed data for BTCUSDT: $107698.91
2025-06-30 15:02:37,736 - INFO - Processed data for ETHUSDT: $2459.77
2025-06-30 15:02:37,821 - INFO - Processed data for BNBUSDT: $654.16
2025-06-30 15:02:39,731 - INFO - Processed data for BTCUSDT: $107698.91
2025-06-30 15:02:39,734 - INFO - Processed data for ETHUSDT: $2459.77
2025-06-30 15:02:39,824 - INFO - Processed data for BNBUSDT: $654.16
2025-06-30 15:02:41,723 - INFO - Processed data for BTCUSDT: $107700.00
2025-06-30 15:02:41,724 - INFO - Processed data for ETHUSDT: $2459.78
2025-06-30 15:02:41,830 - INFO - Processed data for BNBUSDT: $654.16
2025-06-30 15:02:43,734 - INFO - Processed data for BTCUSDT: $107700.00
2025-06-30 15:02:43,734 - INFO - Processed data for ETHUSDT: $2459.55
2025-06-30 15:02:43,813 - INFO - Processed data for BNBUSDT: $654.16
2025-06-30 15:02:45,731 - INFO - Processed data for BTCUSDT: $107700.00
2025-06-30 15:02:45,732 - INFO - Processed data for ETHUSDT: $2459.56
2025-06-30 15:02:45,814 - INFO - Processed data for BNBUSDT: $654.16
2025-06-30 15:02:47,760 - INFO - Processed data for BTCUSDT: $107700.00
2025-06-30 15:02:47,821 - INFO - Processed data for BNBUSDT: $654.16
2025-06-30 15:02:49,770 - INFO - Processed data for BTCUSDT: $107700.00
2025-06-30 15:02:49,770 - INFO - Processed data for ETHUSDT: $2459.56
2025-06-30 15:02:49,819 - INFO - Processed data for BNBUSDT: $654.16
2025-06-30 15:02:51,773 - INFO - Processed data for BTCUSDT: $107700.00
2025-06-30 15:02:51,774 - INFO - Processed data for ETHUSDT: $2459.55
2025-06-30 15:02:51,814 - INFO - Processed data for BNBUSDT: $654.15
2025-06-30 15:02:53,759 - INFO - Processed data for BTCUSDT: $107700.00
2025-06-30 15:02:53,762 - INFO - Processed data for ETHUSDT: $2459.56
2025-06-30 15:02:53,919 - INFO - Processed data for BNBUSDT: $654.16
2025-06-30 15:02:55,806 - INFO - Processed data for BTCUSDT: $107700.00
2025-06-30 15:02:55,829 - INFO - Processed data for BNBUSDT: $654.15
2025-06-30 15:02:57,753 - INFO - Processed data for BTCUSDT: $107700.00
2025-06-30 15:02:57,754 - INFO - Processed data for ETHUSDT: $2459.56
2025-06-30 15:02:57,814 - INFO - Processed data for BNBUSDT: $654.16
2025-06-30 15:02:59,801 - INFO - Processed data for BNBUSDT: $654.15
2025-06-30 15:03:00,110 - INFO - Inserted BTCUSDT data into database
2025-06-30 15:03:00,111 - INFO - Processed data for BTCUSDT: $107699.99
2025-06-30 15:03:00,113 - INFO - Processed data for BTCUSDT: $107699.99
2025-06-30 15:03:00,319 - INFO - Inserted ETHUSDT data into database
2025-06-30 15:03:00,320 - INFO - Processed data for ETHUSDT: $2459.56
2025-06-30 15:03:00,322 - INFO - Processed data for ETHUSDT: $2459.56
2025-06-30 15:03:00,324 - INFO - Processed data for BNBUSDT: $654.15
2025-06-30 15:03:01,740 - INFO - Processed data for BTCUSDT: $107699.99
2025-06-30 15:03:01,743 - INFO - Processed data for ETHUSDT: $2459.77
2025-06-30 15:03:01,824 - INFO - Processed data for BNBUSDT: $654.16
2025-06-30 15:03:03,794 - INFO - Processed data for BTCUSDT: $107700.00
2025-06-30 15:03:03,795 - INFO - Processed data for ETHUSDT: $2459.77
2025-06-30 15:03:06,049 - INFO - Processed data for BTCUSDT: $107699.99
2025-06-30 15:03:06,051 - INFO - Processed data for ETHUSDT: $2459.76
2025-06-30 15:03:06,051 - INFO - Processed data for BNBUSDT: $654.16
2025-06-30 15:03:07,727 - INFO - Processed data for BTCUSDT: $107700.00
2025-06-30 15:03:07,730 - INFO - Processed data for ETHUSDT: $2459.76
2025-06-30 15:03:07,833 - INFO - Processed data for BNBUSDT: $654.15
2025-06-30 15:03:09,734 - INFO - Processed data for BTCUSDT: $107700.00
2025-06-30 15:03:09,737 - INFO - Processed data for ETHUSDT: $2459.77
2025-06-30 15:03:11,781 - INFO - Processed data for BTCUSDT: $107700.00
2025-06-30 15:03:11,782 - INFO - Processed data for ETHUSDT: $2459.77
2025-06-30 15:03:12,088 - INFO - Inserted BNBUSDT data into database
2025-06-30 15:03:12,088 - INFO - Processed data for BNBUSDT: $654.16
2025-06-30 15:03:13,830 - INFO - Processed data for BTCUSDT: $107700.00
2025-06-30 15:03:13,832 - INFO - Processed data for ETHUSDT: $2459.76
2025-06-30 15:03:13,834 - INFO - Processed data for BNBUSDT: $654.16
2025-06-30 15:03:15,775 - INFO - Processed data for BTCUSDT: $107700.00
2025-06-30 15:03:15,776 - INFO - Processed data for ETHUSDT: $2459.78
2025-06-30 15:03:15,821 - INFO - Processed data for BNBUSDT: $654.16
2025-06-30 15:03:17,823 - INFO - Processed data for BTCUSDT: $107699.99
2025-06-30 15:03:17,824 - INFO - Processed data for ETHUSDT: $2459.78
2025-06-30 15:03:17,824 - INFO - Processed data for BNBUSDT: $654.16
2025-06-30 15:03:19,768 - INFO - Processed data for BTCUSDT: $107700.00
2025-06-30 15:03:19,769 - INFO - Processed data for ETHUSDT: $2459.78
2025-06-30 15:03:19,816 - INFO - Processed data for BNBUSDT: $654.16
2025-06-30 15:03:21,818 - INFO - Processed data for BTCUSDT: $107700.00
2025-06-30 15:03:21,820 - INFO - Processed data for ETHUSDT: $2459.78
2025-06-30 15:03:21,835 - INFO - Processed data for BNBUSDT: $654.15
2025-06-30 15:03:23,762 - INFO - Processed data for BTCUSDT: $107700.00
2025-06-30 15:03:23,763 - INFO - Processed data for ETHUSDT: $2459.78
2025-06-30 15:03:23,840 - INFO - Processed data for BNBUSDT: $654.15
2025-06-30 15:03:25,814 - INFO - Processed data for BTCUSDT: $107700.00
2025-06-30 15:03:25,816 - INFO - Processed data for ETHUSDT: $2459.77
2025-06-30 15:03:25,819 - INFO - Processed data for BNBUSDT: $654.16
2025-06-30 15:03:27,733 - INFO - Processed data for BTCUSDT: $107700.00
2025-06-30 15:03:27,734 - INFO - Processed data for ETHUSDT: $2459.78
2025-06-30 15:03:29,805 - INFO - Processed data for BTCUSDT: $107699.99
2025-06-30 15:03:29,809 - INFO - Processed data for ETHUSDT: $2459.78
2025-06-30 15:03:29,818 - INFO - Processed data for BNBUSDT: $654.16
2025-06-30 15:03:31,734 - INFO - Processed data for BTCUSDT: $107700.00
2025-06-30 15:03:31,735 - INFO - Processed data for ETHUSDT: $2459.78
2025-06-30 15:03:31,918 - INFO - Processed data for BNBUSDT: $654.15
2025-06-30 15:03:33,730 - INFO - Processed data for BTCUSDT: $107700.00
2025-06-30 15:03:33,730 - INFO - Processed data for ETHUSDT: $2459.80
2025-06-30 15:03:33,892 - INFO - Processed data for BNBUSDT: $654.16
2025-06-30 15:03:35,847 - INFO - Processed data for BTCUSDT: $107700.00
2025-06-30 15:03:35,850 - INFO - Processed data for BNBUSDT: $654.15
2025-06-30 15:03:37,742 - INFO - Processed data for BTCUSDT: $107700.00
2025-06-30 15:03:37,744 - INFO - Processed data for ETHUSDT: $2459.81
2025-06-30 15:03:37,817 - INFO - Processed data for BNBUSDT: $654.15
2025-06-30 15:03:39,744 - INFO - Processed data for BTCUSDT: $107699.99
2025-06-30 15:03:39,745 - INFO - Processed data for ETHUSDT: $2459.81
2025-06-30 15:03:39,813 - INFO - Processed data for BNBUSDT: $654.16
2025-06-30 15:03:41,785 - INFO - Processed data for BTCUSDT: $107700.00
2025-06-30 15:03:41,786 - INFO - Processed data for ETHUSDT: $2459.81
2025-06-30 15:03:41,816 - INFO - Processed data for BNBUSDT: $654.16
2025-06-30 15:03:43,828 - INFO - Processed data for BTCUSDT: $107700.00
2025-06-30 15:03:43,828 - INFO - Processed data for ETHUSDT: $2459.80
2025-06-30 15:03:43,843 - INFO - Processed data for BNBUSDT: $654.16
2025-06-30 15:03:45,745 - INFO - Processed data for BTCUSDT: $107700.00
2025-06-30 15:03:45,745 - INFO - Processed data for ETHUSDT: $2459.81
2025-06-30 15:03:45,815 - INFO - Processed data for BNBUSDT: $654.15
2025-06-30 15:03:47,725 - INFO - Processed data for BTCUSDT: $107700.00
2025-06-30 15:03:47,725 - INFO - Processed data for ETHUSDT: $2459.80
2025-06-30 15:03:49,771 - INFO - Processed data for BTCUSDT: $107700.00
2025-06-30 15:03:49,771 - INFO - Processed data for ETHUSDT: $2459.81
2025-06-30 15:03:49,847 - INFO - Processed data for BNBUSDT: $654.16
2025-06-30 15:03:51,723 - INFO - Processed data for BTCUSDT: $107699.99
2025-06-30 15:03:51,724 - INFO - Processed data for ETHUSDT: $2459.80
2025-06-30 15:03:51,833 - INFO - Processed data for BNBUSDT: $654.15
2025-06-30 15:03:53,723 - INFO - Processed data for BTCUSDT: $107699.99
2025-06-30 15:03:53,724 - INFO - Processed data for ETHUSDT: $2459.80
2025-06-30 15:03:53,823 - INFO - Processed data for BNBUSDT: $654.15
2025-06-30 15:03:55,811 - INFO - Processed data for BTCUSDT: $107700.00
2025-06-30 15:03:55,811 - INFO - Processed data for ETHUSDT: $2459.80
2025-06-30 15:03:57,725 - INFO - Processed data for BTCUSDT: $107700.00
2025-06-30 15:03:57,726 - INFO - Processed data for ETHUSDT: $2459.81
2025-06-30 15:03:57,814 - INFO - Processed data for BNBUSDT: $654.15
2025-06-30 15:03:59,739 - INFO - Processed data for BNBUSDT: $654.15
2025-06-30 15:04:00,486 - INFO - Inserted BTCUSDT data into database
2025-06-30 15:04:00,486 - INFO - Processed data for BTCUSDT: $107699.99
2025-06-30 15:04:00,487 - INFO - Processed data for BTCUSDT: $107699.99
2025-06-30 15:04:00,705 - INFO - Inserted ETHUSDT data into database
2025-06-30 15:04:00,705 - INFO - Processed data for ETHUSDT: $2459.80
2025-06-30 15:04:00,706 - INFO - Processed data for ETHUSDT: $2459.80
2025-06-30 15:04:00,707 - INFO - Processed data for BNBUSDT: $654.15
2025-06-30 15:04:01,756 - INFO - Processed data for BTCUSDT: $107700.00
2025-06-30 15:04:01,757 - INFO - Processed data for ETHUSDT: $2459.81
2025-06-30 15:04:01,815 - INFO - Processed data for BNBUSDT: $654.16
2025-06-30 15:04:03,735 - INFO - Processed data for BTCUSDT: $107700.00
2025-06-30 15:04:03,736 - INFO - Processed data for ETHUSDT: $2459.90
2025-06-30 15:04:03,816 - INFO - Processed data for BNBUSDT: $654.16
2025-06-30 15:04:06,257 - INFO - Processed data for BTCUSDT: $107699.99
2025-06-30 15:04:06,258 - INFO - Processed data for ETHUSDT: $2460.24
2025-06-30 15:04:06,259 - INFO - Processed data for BNBUSDT: $654.15
2025-06-30 15:04:07,744 - INFO - Processed data for BTCUSDT: $107699.99
2025-06-30 15:04:07,746 - INFO - Processed data for ETHUSDT: $2460.31
2025-06-30 15:04:08,213 - INFO - Processed data for BNBUSDT: $654.15
2025-06-30 15:04:09,737 - INFO - Processed data for BTCUSDT: $107708.01
2025-06-30 15:04:09,738 - INFO - Processed data for ETHUSDT: $2460.36
2025-06-30 15:04:09,815 - INFO - Processed data for BNBUSDT: $654.15
2025-06-30 15:04:11,737 - INFO - Processed data for BTCUSDT: $107708.01
2025-06-30 15:04:11,738 - INFO - Processed data for ETHUSDT: $2460.39
2025-06-30 15:04:13,767 - INFO - Processed data for BTCUSDT: $107708.00
2025-06-30 15:04:13,768 - INFO - Processed data for ETHUSDT: $2460.39
2025-06-30 15:04:14,014 - INFO - Inserted BNBUSDT data into database
2025-06-30 15:04:14,015 - INFO - Processed data for BNBUSDT: $654.15
2025-06-30 15:04:15,732 - INFO - Processed data for BTCUSDT: $107708.01
2025-06-30 15:04:15,733 - INFO - Processed data for ETHUSDT: $2460.42
2025-06-30 15:04:15,851 - INFO - Processed data for BNBUSDT: $654.16
2025-06-30 15:04:17,735 - INFO - Processed data for BTCUSDT: $107708.01
2025-06-30 15:04:17,757 - INFO - Processed data for ETHUSDT: $2460.58
2025-06-30 15:04:17,815 - INFO - Processed data for BNBUSDT: $654.25
2025-06-30 15:04:19,721 - INFO - Processed data for BTCUSDT: $107714.48
2025-06-30 15:04:19,723 - INFO - Processed data for ETHUSDT: $2460.69
2025-06-30 15:04:19,846 - INFO - Processed data for BNBUSDT: $654.26
2025-06-30 15:04:21,786 - INFO - Processed data for BTCUSDT: $107714.49
2025-06-30 15:04:21,787 - INFO - Processed data for ETHUSDT: $2460.70
2025-06-30 15:04:21,815 - INFO - Processed data for BNBUSDT: $654.25
2025-06-30 15:04:23,768 - INFO - Processed data for BTCUSDT: $107714.49
2025-06-30 15:04:23,769 - INFO - Processed data for ETHUSDT: $2460.69
2025-06-30 15:04:23,823 - INFO - Processed data for BNBUSDT: $654.26
2025-06-30 15:04:25,797 - INFO - Processed data for BTCUSDT: $107714.49
2025-06-30 15:04:25,797 - INFO - Processed data for ETHUSDT: $2460.08
2025-06-30 15:04:25,814 - INFO - Processed data for BNBUSDT: $654.26
2025-06-30 15:04:27,763 - INFO - Processed data for BTCUSDT: $107714.49
2025-06-30 15:04:27,764 - INFO - Processed data for ETHUSDT: $2460.07
2025-06-30 15:04:29,740 - INFO - Processed data for BTCUSDT: $107714.48
2025-06-30 15:04:29,740 - INFO - Processed data for ETHUSDT: $2460.07
2025-06-30 15:04:30,789 - INFO - Processed data for BNBUSDT: $654.26
2025-06-30 15:04:31,721 - INFO - Processed data for BTCUSDT: $107714.49
2025-06-30 15:04:31,721 - INFO - Processed data for ETHUSDT: $2460.08
2025-06-30 15:04:31,820 - INFO - Processed data for BNBUSDT: $654.26
2025-06-30 15:04:33,730 - INFO - Processed data for BTCUSDT: $107714.49
2025-06-30 15:04:33,731 - INFO - Processed data for ETHUSDT: $2460.07
2025-06-30 15:04:33,815 - INFO - Processed data for BNBUSDT: $654.26
2025-06-30 15:04:35,759 - INFO - Processed data for BTCUSDT: $107714.49
2025-06-30 15:04:35,761 - INFO - Processed data for ETHUSDT: $2460.07
2025-06-30 15:04:35,815 - INFO - Processed data for BNBUSDT: $654.27
2025-06-30 15:04:37,730 - INFO - Processed data for BTCUSDT: $107708.00
2025-06-30 15:04:37,735 - INFO - Processed data for ETHUSDT: $2460.08
2025-06-30 15:04:37,843 - INFO - Processed data for BNBUSDT: $654.27
2025-06-30 15:04:39,753 - INFO - Processed data for BTCUSDT: $107708.01
2025-06-30 15:04:39,753 - INFO - Processed data for ETHUSDT: $2460.08
2025-06-30 15:04:39,836 - INFO - Processed data for BNBUSDT: $654.26
2025-06-30 15:04:41,721 - INFO - Processed data for BTCUSDT: $107708.00
2025-06-30 15:04:41,816 - INFO - Processed data for BNBUSDT: $654.26
2025-06-30 15:04:44,312 - INFO - Processed data for BTCUSDT: $107708.00
2025-06-30 15:04:44,313 - INFO - Processed data for ETHUSDT: $2460.08
2025-06-30 15:04:44,314 - INFO - Processed data for BNBUSDT: $654.26
2025-06-30 15:04:45,731 - INFO - Processed data for BTCUSDT: $107708.00
2025-06-30 15:04:45,733 - INFO - Processed data for ETHUSDT: $2460.08
2025-06-30 15:04:46,131 - INFO - Processed data for BNBUSDT: $654.27
2025-06-30 15:04:47,833 - INFO - Processed data for BTCUSDT: $107708.00
2025-06-30 15:04:47,833 - INFO - Processed data for ETHUSDT: $2460.08
2025-06-30 15:04:47,834 - INFO - Processed data for BNBUSDT: $654.26
2025-06-30 15:04:49,780 - INFO - Processed data for BTCUSDT: $107714.55
2025-06-30 15:04:49,781 - INFO - Processed data for ETHUSDT: $2460.42
2025-06-30 15:04:49,819 - INFO - Processed data for BNBUSDT: $654.26
2025-06-30 15:04:51,764 - INFO - Processed data for BTCUSDT: $107714.54
2025-06-30 15:04:51,765 - INFO - Processed data for ETHUSDT: $2460.17
2025-06-30 15:04:51,825 - INFO - Processed data for BNBUSDT: $654.26
2025-06-30 15:04:53,776 - INFO - Processed data for BTCUSDT: $107714.55
2025-06-30 15:04:53,780 - INFO - Processed data for ETHUSDT: $2460.18
2025-06-30 15:04:53,813 - INFO - Processed data for BNBUSDT: $654.26
2025-06-30 15:04:55,841 - INFO - Processed data for BTCUSDT: $107714.54
2025-06-30 15:04:55,842 - INFO - Processed data for ETHUSDT: $2460.17
2025-06-30 15:04:55,843 - INFO - Processed data for BNBUSDT: $654.27
2025-06-30 15:04:57,765 - INFO - Processed data for BTCUSDT: $107714.55
2025-06-30 15:04:57,766 - INFO - Processed data for ETHUSDT: $2460.18
2025-06-30 15:04:57,813 - INFO - Processed data for BNBUSDT: $654.27
2025-06-30 15:04:59,814 - INFO - Processed data for BNBUSDT: $654.26
2025-06-30 15:04:59,815 - INFO - Processed data for BTCUSDT: $107714.54
2025-06-30 15:04:59,817 - INFO - Processed data for BTCUSDT: $107714.54
2025-06-30 15:04:59,818 - INFO - Processed data for ETHUSDT: $2460.17
2025-06-30 15:04:59,819 - INFO - Processed data for ETHUSDT: $2460.17
2025-06-30 15:04:59,831 - INFO - Processed data for BNBUSDT: $654.26
2025-06-30 15:05:01,963 - INFO - Inserted BTCUSDT data into database
2025-06-30 15:05:01,963 - INFO - Processed data for BTCUSDT: $107714.55
2025-06-30 15:05:02,166 - INFO - Inserted ETHUSDT data into database
2025-06-30 15:05:02,167 - INFO - Processed data for ETHUSDT: $2460.18
2025-06-30 15:05:02,169 - INFO - Processed data for BNBUSDT: $654.26
2025-06-30 15:05:03,821 - INFO - Processed data for BTCUSDT: $107714.54
2025-06-30 15:05:03,823 - INFO - Processed data for ETHUSDT: $2460.17
2025-06-30 15:05:03,863 - INFO - Processed data for BNBUSDT: $654.26
2025-06-30 15:05:05,752 - INFO - Processed data for ETHUSDT: $2460.18
2025-06-30 15:05:05,820 - INFO - Processed data for BNBUSDT: $654.26
2025-06-30 15:05:07,827 - INFO - Processed data for BTCUSDT: $107714.54
2025-06-30 15:05:07,828 - INFO - Processed data for ETHUSDT: $2460.18
2025-06-30 15:05:07,829 - INFO - Processed data for BNBUSDT: $654.26
2025-06-30 15:05:09,761 - INFO - Processed data for BTCUSDT: $107714.54
2025-06-30 15:05:09,764 - INFO - Processed data for ETHUSDT: $2460.18
2025-06-30 15:05:09,826 - INFO - Processed data for BNBUSDT: $654.27
2025-06-30 15:05:11,750 - INFO - Processed data for BTCUSDT: $107714.55
2025-06-30 15:05:11,750 - INFO - Processed data for ETHUSDT: $2460.18
2025-06-30 15:05:11,821 - INFO - Processed data for BNBUSDT: $654.26
2025-06-30 15:05:13,844 - INFO - Processed data for BTCUSDT: $107714.55
2025-06-30 15:05:13,845 - INFO - Processed data for ETHUSDT: $2460.19
2025-06-30 15:05:14,149 - INFO - Inserted BNBUSDT data into database
2025-06-30 15:05:14,150 - INFO - Processed data for BNBUSDT: $654.27
2025-06-30 15:05:15,723 - INFO - Processed data for BTCUSDT: $107714.55
2025-06-30 15:05:15,726 - INFO - Processed data for ETHUSDT: $2460.20
2025-06-30 15:05:15,829 - INFO - Processed data for BNBUSDT: $654.27
2025-06-30 15:05:17,759 - INFO - Processed data for BTCUSDT: $107714.55
2025-06-30 15:05:17,760 - INFO - Processed data for ETHUSDT: $2460.22
2025-06-30 15:05:19,804 - INFO - Processed data for BTCUSDT: $107714.55
2025-06-30 15:05:19,804 - INFO - Processed data for ETHUSDT: $2460.63
2025-06-30 15:05:19,815 - INFO - Processed data for BNBUSDT: $654.40
2025-06-30 15:05:21,728 - INFO - Processed data for BTCUSDT: $107714.54
2025-06-30 15:05:21,729 - INFO - Processed data for ETHUSDT: $2460.63
2025-06-30 15:05:21,821 - INFO - Processed data for BNBUSDT: $654.39
2025-06-30 15:05:23,775 - INFO - Processed data for BTCUSDT: $107714.54
2025-06-30 15:05:23,776 - INFO - Processed data for ETHUSDT: $2460.63
2025-06-30 15:05:23,825 - INFO - Processed data for BNBUSDT: $654.40
2025-06-30 15:05:25,826 - INFO - Processed data for BTCUSDT: $107714.55
2025-06-30 15:05:25,828 - INFO - Processed data for ETHUSDT: $2460.62
2025-06-30 15:05:25,831 - INFO - Processed data for BNBUSDT: $654.39
2025-06-30 15:05:27,770 - INFO - Processed data for BTCUSDT: $107714.55
2025-06-30 15:05:27,771 - INFO - Processed data for ETHUSDT: $2460.63
2025-06-30 15:05:27,820 - INFO - Processed data for BNBUSDT: $654.39
2025-06-30 15:05:29,739 - INFO - Processed data for BTCUSDT: $107714.54
2025-06-30 15:05:29,741 - INFO - Processed data for ETHUSDT: $2460.68
2025-06-30 15:05:29,825 - INFO - Processed data for BNBUSDT: $654.40
2025-06-30 15:05:31,731 - INFO - Processed data for BTCUSDT: $107714.55
2025-06-30 15:05:31,732 - INFO - Processed data for ETHUSDT: $2460.92
2025-06-30 15:05:31,817 - INFO - Processed data for BNBUSDT: $654.40
2025-06-30 15:05:33,739 - INFO - Processed data for BTCUSDT: $107714.54
2025-06-30 15:05:33,740 - INFO - Processed data for ETHUSDT: $2461.01
2025-06-30 15:05:35,860 - INFO - Processed data for BTCUSDT: $107714.55
2025-06-30 15:05:35,862 - INFO - Processed data for ETHUSDT: $2461.01
2025-06-30 15:05:35,863 - INFO - Processed data for BNBUSDT: $654.40
2025-06-30 15:05:37,748 - INFO - Processed data for BTCUSDT: $107714.55
2025-06-30 15:05:37,749 - INFO - Processed data for ETHUSDT: $2461.18
2025-06-30 15:05:37,815 - INFO - Processed data for BNBUSDT: $654.40
2025-06-30 15:05:39,738 - INFO - Processed data for BTCUSDT: $107714.55
2025-06-30 15:05:39,740 - INFO - Processed data for ETHUSDT: $2461.18
2025-06-30 15:05:39,819 - INFO - Processed data for BNBUSDT: $654.40
2025-06-30 15:05:41,737 - INFO - Processed data for BTCUSDT: $107714.54
2025-06-30 15:05:41,738 - INFO - Processed data for ETHUSDT: $2461.17
2025-06-30 15:05:41,839 - INFO - Processed data for BNBUSDT: $654.40
2025-06-30 15:05:43,729 - INFO - Processed data for BTCUSDT: $107714.54
2025-06-30 15:05:45,727 - INFO - Processed data for BTCUSDT: $107714.55
2025-06-30 15:05:45,730 - INFO - Processed data for ETHUSDT: $2461.18
2025-06-30 15:05:45,818 - INFO - Processed data for BNBUSDT: $654.40
2025-06-30 15:05:47,736 - INFO - Processed data for BTCUSDT: $107714.55
2025-06-30 15:05:47,739 - INFO - Processed data for ETHUSDT: $2461.18
2025-06-30 15:05:47,830 - INFO - Processed data for BNBUSDT: $654.40
2025-06-30 15:05:49,733 - INFO - Processed data for BTCUSDT: $107714.53
2025-06-30 15:05:49,735 - INFO - Processed data for ETHUSDT: $2461.18
2025-06-30 15:05:49,815 - INFO - Processed data for BNBUSDT: $654.39
2025-06-30 15:05:51,801 - INFO - Processed data for BTCUSDT: $107708.01
2025-06-30 15:05:51,801 - INFO - Processed data for ETHUSDT: $2460.76
2025-06-30 15:05:51,855 - INFO - Processed data for BNBUSDT: $654.40
2025-06-30 15:05:53,743 - INFO - Processed data for BTCUSDT: $107708.01
2025-06-30 15:05:53,745 - INFO - Processed data for ETHUSDT: $2460.75
2025-06-30 15:05:53,837 - INFO - Processed data for BNBUSDT: $654.40
2025-06-30 15:05:55,790 - INFO - Processed data for BTCUSDT: $107696.00
2025-06-30 15:05:55,791 - INFO - Processed data for ETHUSDT: $2460.69
2025-06-30 15:05:57,772 - INFO - Processed data for BTCUSDT: $107696.00
2025-06-30 15:05:57,773 - INFO - Processed data for ETHUSDT: $2460.70
2025-06-30 15:05:57,822 - INFO - Processed data for BNBUSDT: $654.39
2025-06-30 15:05:59,827 - INFO - Processed data for BNBUSDT: $654.40
2025-06-30 15:05:59,829 - INFO - Processed data for BTCUSDT: $107695.38
2025-06-30 15:05:59,831 - INFO - Processed data for BTCUSDT: $107695.38
2025-06-30 15:05:59,834 - INFO - Processed data for ETHUSDT: $2460.60
2025-06-30 15:05:59,836 - INFO - Processed data for ETHUSDT: $2460.60
2025-06-30 15:05:59,838 - INFO - Processed data for BNBUSDT: $654.40
2025-06-30 15:06:01,990 - INFO - Inserted BTCUSDT data into database
2025-06-30 15:06:01,991 - INFO - Processed data for BTCUSDT: $107695.38
2025-06-30 15:06:02,300 - INFO - Inserted ETHUSDT data into database
2025-06-30 15:06:02,301 - INFO - Processed data for ETHUSDT: $2460.60
2025-06-30 15:06:02,304 - INFO - Processed data for BNBUSDT: $654.40
2025-06-30 15:06:03,823 - INFO - Processed data for BTCUSDT: $107695.37
2025-06-30 15:06:03,826 - INFO - Processed data for ETHUSDT: $2460.60
2025-06-30 15:06:05,725 - INFO - Processed data for BTCUSDT: $107695.38
2025-06-30 15:06:05,727 - INFO - Processed data for ETHUSDT: $2460.53
2025-06-30 15:06:05,838 - INFO - Processed data for BNBUSDT: $654.39
2025-06-30 15:06:07,808 - INFO - Processed data for BTCUSDT: $107695.37
2025-06-30 15:06:07,810 - INFO - Processed data for ETHUSDT: $2460.53
2025-06-30 15:06:07,815 - INFO - Processed data for BNBUSDT: $654.40
2025-06-30 15:06:09,753 - INFO - Processed data for BTCUSDT: $107695.38
2025-06-30 15:06:09,755 - INFO - Processed data for ETHUSDT: $2460.54
2025-06-30 15:06:09,814 - INFO - Processed data for BNBUSDT: $654.39
2025-06-30 15:06:11,831 - INFO - Processed data for BTCUSDT: $107691.43
2025-06-30 15:06:11,832 - INFO - Processed data for ETHUSDT: $2460.54
2025-06-30 15:06:11,832 - INFO - Processed data for BNBUSDT: $654.40
2025-06-30 15:06:13,751 - INFO - Processed data for BTCUSDT: $107691.42
2025-06-30 15:06:13,752 - INFO - Processed data for ETHUSDT: $2460.53
2025-06-30 15:06:13,828 - INFO - Processed data for BNBUSDT: $654.40
2025-06-30 15:06:15,729 - INFO - Processed data for BTCUSDT: $107691.43
2025-06-30 15:06:15,730 - INFO - Processed data for ETHUSDT: $2460.53
2025-06-30 15:06:16,050 - INFO - Inserted BNBUSDT data into database
2025-06-30 15:06:16,051 - INFO - Processed data for BNBUSDT: $654.40
2025-06-30 15:06:17,847 - INFO - Processed data for BTCUSDT: $107691.42
2025-06-30 15:06:17,849 - INFO - Processed data for ETHUSDT: $2460.53
2025-06-30 15:06:17,853 - INFO - Processed data for BNBUSDT: $654.39
2025-06-30 15:06:19,793 - INFO - Processed data for BTCUSDT: $107691.43
2025-06-30 15:06:19,794 - INFO - Processed data for ETHUSDT: $2460.53
2025-06-30 15:06:19,814 - INFO - Processed data for BNBUSDT: $654.40
2025-06-30 15:06:21,735 - INFO - Processed data for BTCUSDT: $107691.43
2025-06-30 15:06:21,739 - INFO - Processed data for ETHUSDT: $2460.54
2025-06-30 15:06:21,845 - INFO - Processed data for BNBUSDT: $654.40
2025-06-30 15:06:23,744 - INFO - Processed data for BTCUSDT: $107691.42
2025-06-30 15:06:23,744 - INFO - Processed data for ETHUSDT: $2460.53
2025-06-30 15:06:23,844 - INFO - Processed data for BNBUSDT: $654.40
2025-06-30 15:06:25,831 - INFO - Processed data for BTCUSDT: $107691.42
2025-06-30 15:06:25,835 - INFO - Processed data for ETHUSDT: $2460.54
2025-06-30 15:06:25,843 - INFO - Processed data for BNBUSDT: $654.39
2025-06-30 15:06:27,723 - INFO - Processed data for BTCUSDT: $107691.42
2025-06-30 15:06:27,725 - INFO - Processed data for ETHUSDT: $2460.54
2025-06-30 15:06:27,878 - INFO - Processed data for BNBUSDT: $654.39
2025-06-30 15:06:29,771 - INFO - Processed data for BTCUSDT: $107691.42
2025-06-30 15:06:29,773 - INFO - Processed data for ETHUSDT: $2460.74
2025-06-30 15:06:29,816 - INFO - Processed data for BNBUSDT: $654.40
2025-06-30 15:06:31,725 - INFO - Processed data for BTCUSDT: $107691.42
2025-06-30 15:06:31,727 - INFO - Processed data for ETHUSDT: $2460.75
2025-06-30 15:06:31,845 - INFO - Processed data for BNBUSDT: $654.40
2025-06-30 15:06:33,723 - INFO - Processed data for BTCUSDT: $107691.43
2025-06-30 15:06:33,725 - INFO - Processed data for ETHUSDT: $2460.75
2025-06-30 15:06:33,923 - INFO - Processed data for BNBUSDT: $654.39
2025-06-30 15:06:35,865 - INFO - Processed data for BTCUSDT: $107691.43
2025-06-30 15:06:35,867 - INFO - Processed data for ETHUSDT: $2460.75
2025-06-30 15:06:35,869 - INFO - Processed data for BNBUSDT: $654.40
2025-06-30 15:06:37,724 - INFO - Processed data for BTCUSDT: $107690.00
2025-06-30 15:06:37,725 - INFO - Processed data for ETHUSDT: $2460.75
2025-06-30 15:06:37,813 - INFO - Processed data for BNBUSDT: $654.40
2025-06-30 15:06:39,757 - INFO - Processed data for BTCUSDT: $107690.01
2025-06-30 15:06:39,758 - INFO - Processed data for ETHUSDT: $2460.75
2025-06-30 15:06:39,849 - INFO - Processed data for BNBUSDT: $654.40
2025-06-30 15:06:41,808 - INFO - Processed data for BTCUSDT: $107690.00
2025-06-30 15:06:41,809 - INFO - Processed data for ETHUSDT: $2460.75
2025-06-30 15:06:41,813 - INFO - Processed data for BNBUSDT: $654.40
2025-06-30 15:06:43,751 - INFO - Processed data for BTCUSDT: $107690.01
2025-06-30 15:06:43,753 - INFO - Processed data for ETHUSDT: $2461.13
2025-06-30 15:06:43,836 - INFO - Processed data for BNBUSDT: $654.40
2025-06-30 15:06:45,735 - INFO - Processed data for BTCUSDT: $107690.01
2025-06-30 15:06:45,737 - INFO - Processed data for ETHUSDT: $2461.18
2025-06-30 15:06:47,850 - INFO - Processed data for BTCUSDT: $107690.00
2025-06-30 15:06:47,854 - INFO - Processed data for ETHUSDT: $2461.18
2025-06-30 15:06:47,857 - INFO - Processed data for BNBUSDT: $654.40
2025-06-30 15:06:49,793 - INFO - Processed data for BTCUSDT: $107690.01
2025-06-30 15:06:49,795 - INFO - Processed data for ETHUSDT: $2461.19
2025-06-30 15:06:51,742 - INFO - Processed data for BTCUSDT: $107690.01
2025-06-30 15:06:51,746 - INFO - Processed data for ETHUSDT: $2461.19
2025-06-30 15:06:51,851 - INFO - Processed data for BNBUSDT: $654.39
2025-06-30 15:06:53,787 - INFO - Processed data for BTCUSDT: $107690.00
2025-06-30 15:06:53,788 - INFO - Processed data for ETHUSDT: $2461.18
2025-06-30 15:06:53,816 - INFO - Processed data for BNBUSDT: $654.40
2025-06-30 15:06:55,835 - INFO - Processed data for BTCUSDT: $107685.72
2025-06-30 15:06:55,837 - INFO - Processed data for ETHUSDT: $2460.90
2025-06-30 15:06:55,839 - INFO - Processed data for BNBUSDT: $654.40
2025-06-30 15:06:57,781 - INFO - Processed data for BTCUSDT: $107685.72
2025-06-30 15:06:57,782 - INFO - Processed data for ETHUSDT: $2460.90
2025-06-30 15:06:57,824 - INFO - Processed data for BNBUSDT: $654.39
2025-06-30 15:06:59,830 - INFO - Processed data for BNBUSDT: $654.40
2025-06-30 15:06:59,831 - INFO - Processed data for BTCUSDT: $107685.72
2025-06-30 15:06:59,831 - INFO - Processed data for BTCUSDT: $107685.72
2025-06-30 15:06:59,833 - INFO - Processed data for ETHUSDT: $2460.90
2025-06-30 15:06:59,834 - INFO - Processed data for ETHUSDT: $2460.90
2025-06-30 15:06:59,835 - INFO - Processed data for BNBUSDT: $654.40
2025-06-30 15:07:01,775 - INFO - Processed data for BTCUSDT: $107685.72
2025-06-30 15:07:01,777 - INFO - Processed data for ETHUSDT: $2460.90
2025-06-30 15:07:01,833 - INFO - Processed data for BNBUSDT: $654.40
2025-06-30 15:07:04,022 - INFO - Inserted BTCUSDT data into database
2025-06-30 15:07:04,023 - INFO - Processed data for BTCUSDT: $107685.72
2025-06-30 15:07:04,230 - INFO - Inserted ETHUSDT data into database
2025-06-30 15:07:04,231 - INFO - Processed data for ETHUSDT: $2460.78
2025-06-30 15:07:04,232 - INFO - Processed data for BNBUSDT: $654.40
2025-06-30 15:07:05,766 - INFO - Processed data for BTCUSDT: $107685.72
2025-06-30 15:07:05,767 - INFO - Processed data for ETHUSDT: $2460.78
2025-06-30 15:07:05,817 - INFO - Processed data for BNBUSDT: $654.39
2025-06-30 15:07:07,787 - INFO - Processed data for BTCUSDT: $107685.71
2025-06-30 15:07:07,789 - INFO - Processed data for ETHUSDT: $2460.77
2025-06-30 15:07:07,831 - INFO - Processed data for BNBUSDT: $654.40
2025-06-30 15:07:09,760 - INFO - Processed data for BTCUSDT: $107685.72
2025-06-30 15:07:09,760 - INFO - Processed data for ETHUSDT: $2460.76
2025-06-30 15:07:09,817 - INFO - Processed data for BNBUSDT: $654.40
2025-06-30 15:07:11,808 - INFO - Processed data for BTCUSDT: $107685.72
2025-06-30 15:07:11,810 - INFO - Processed data for ETHUSDT: $2460.75
2025-06-30 15:07:11,870 - INFO - Processed data for BNBUSDT: $654.40
2025-06-30 15:07:13,753 - INFO - Processed data for BTCUSDT: $107685.72
2025-06-30 15:07:13,754 - INFO - Processed data for ETHUSDT: $2460.76
2025-06-30 15:07:13,822 - INFO - Processed data for BNBUSDT: $654.40
2025-06-30 15:07:15,897 - INFO - Processed data for BTCUSDT: $107685.72
2025-06-30 15:07:15,897 - INFO - Processed data for ETHUSDT: $2460.76
2025-06-30 15:07:16,111 - INFO - Inserted BNBUSDT data into database
2025-06-30 15:07:16,112 - INFO - Processed data for BNBUSDT: $654.40
2025-06-30 15:07:17,851 - INFO - Processed data for BTCUSDT: $107685.72
2025-06-30 15:07:17,853 - INFO - Processed data for BNBUSDT: $654.39
2025-06-30 15:07:19,798 - INFO - Processed data for BTCUSDT: $107685.72
2025-06-30 15:07:19,799 - INFO - Processed data for ETHUSDT: $2461.05
2025-06-30 15:07:19,827 - INFO - Processed data for BNBUSDT: $654.45
2025-06-30 15:07:21,741 - INFO - Processed data for BTCUSDT: $107685.72
2025-06-30 15:07:21,741 - INFO - Processed data for ETHUSDT: $2461.08
2025-06-30 15:07:21,817 - INFO - Processed data for BNBUSDT: $654.46
2025-06-30 15:07:23,795 - INFO - Processed data for BTCUSDT: $107685.71
2025-06-30 15:07:23,797 - INFO - Processed data for ETHUSDT: $2461.15
2025-06-30 15:07:23,821 - INFO - Processed data for BNBUSDT: $654.45
2025-06-30 15:07:25,825 - INFO - Processed data for BTCUSDT: $107685.71
2025-06-30 15:07:25,825 - INFO - Processed data for ETHUSDT: $2461.33
2025-06-30 15:07:25,825 - INFO - Processed data for BNBUSDT: $654.46
2025-06-30 15:07:27,769 - INFO - Processed data for BTCUSDT: $107685.72
2025-06-30 15:07:27,769 - INFO - Processed data for ETHUSDT: $2461.36
2025-06-30 15:07:27,858 - INFO - Processed data for BNBUSDT: $654.45
2025-06-30 15:07:29,718 - INFO - Processed data for BTCUSDT: $107685.71
2025-06-30 15:07:29,718 - INFO - Processed data for ETHUSDT: $2461.41
2025-06-30 15:07:29,829 - INFO - Processed data for BNBUSDT: $654.45
2025-06-30 15:07:31,719 - INFO - Processed data for BTCUSDT: $107685.71
2025-06-30 15:07:31,719 - INFO - Processed data for ETHUSDT: $2461.48
2025-06-30 15:07:31,814 - INFO - Processed data for BNBUSDT: $654.46
2025-06-30 15:07:33,735 - INFO - Processed data for BTCUSDT: $107685.72
2025-06-30 15:07:33,735 - INFO - Processed data for ETHUSDT: $2461.47
2025-06-30 15:07:33,813 - INFO - Processed data for BNBUSDT: $654.46
2025-06-30 15:07:35,769 - INFO - Processed data for BTCUSDT: $107685.72
2025-06-30 15:07:35,771 - INFO - Processed data for ETHUSDT: $2461.48
2025-06-30 15:07:35,827 - INFO - Processed data for BNBUSDT: $654.46
2025-06-30 15:07:37,815 - INFO - Processed data for BTCUSDT: $107685.71
2025-06-30 15:07:37,816 - INFO - Processed data for ETHUSDT: $2461.47
2025-06-30 15:07:39,763 - INFO - Processed data for BTCUSDT: $107685.71
2025-06-30 15:07:39,765 - INFO - Processed data for ETHUSDT: $2461.46
2025-06-30 15:07:39,820 - INFO - Processed data for BNBUSDT: $654.46
2025-06-30 15:07:41,814 - INFO - Processed data for BTCUSDT: $107685.71
2025-06-30 15:07:41,816 - INFO - Processed data for ETHUSDT: $2461.47
2025-06-30 15:07:41,819 - INFO - Processed data for BNBUSDT: $654.46
2025-06-30 15:07:43,755 - INFO - Processed data for BTCUSDT: $107685.71
2025-06-30 15:07:43,755 - INFO - Processed data for ETHUSDT: $2461.46
2025-06-30 15:07:43,804 - INFO - Processed data for BNBUSDT: $654.45
2025-06-30 15:07:45,723 - INFO - Processed data for BTCUSDT: $107685.72
2025-06-30 15:07:45,723 - INFO - Processed data for ETHUSDT: $2461.47
2025-06-30 15:07:45,830 - INFO - Processed data for BNBUSDT: $654.46
2025-06-30 15:07:47,750 - INFO - Processed data for BTCUSDT: $107700.02
2025-06-30 15:07:47,750 - INFO - Processed data for ETHUSDT: $2461.72
2025-06-30 15:07:47,814 - INFO - Processed data for BNBUSDT: $654.46
2025-06-30 15:07:49,720 - INFO - Processed data for BTCUSDT: $107710.96
2025-06-30 15:07:49,721 - INFO - Processed data for ETHUSDT: $2462.16
2025-06-30 15:07:49,809 - INFO - Processed data for BNBUSDT: $654.60
2025-06-30 15:07:51,724 - INFO - Processed data for BTCUSDT: $107710.97
2025-06-30 15:07:51,724 - INFO - Processed data for ETHUSDT: $2462.15
2025-06-30 15:07:51,848 - INFO - Processed data for BNBUSDT: $654.60
2025-06-30 15:07:53,792 - INFO - Processed data for BTCUSDT: $107710.97
2025-06-30 15:07:53,792 - INFO - Processed data for ETHUSDT: $2462.15
2025-06-30 15:07:53,799 - INFO - Processed data for BNBUSDT: $654.60
2025-06-30 15:07:55,719 - INFO - Processed data for BTCUSDT: $107710.96
2025-06-30 15:07:55,719 - INFO - Processed data for ETHUSDT: $2462.16
2025-06-30 15:07:55,816 - INFO - Processed data for BNBUSDT: $654.60
2025-06-30 15:07:57,786 - INFO - Processed data for BTCUSDT: $107710.96
2025-06-30 15:07:57,788 - INFO - Processed data for ETHUSDT: $2462.15
2025-06-30 15:07:57,831 - INFO - Processed data for BNBUSDT: $654.60
2025-06-30 15:07:59,732 - INFO - Processed data for BNBUSDT: $654.59
2025-06-30 15:07:59,735 - INFO - Processed data for BTCUSDT: $107710.96
2025-06-30 15:07:59,735 - INFO - Processed data for BTCUSDT: $107710.96
2025-06-30 15:07:59,735 - INFO - Processed data for ETHUSDT: $2462.26
2025-06-30 15:07:59,735 - INFO - Processed data for ETHUSDT: $2462.26
2025-06-30 15:07:59,799 - INFO - Processed data for BNBUSDT: $654.59
2025-06-30 15:08:01,779 - INFO - Processed data for BTCUSDT: $107710.97
2025-06-30 15:08:01,779 - INFO - Processed data for ETHUSDT: $2462.48
2025-06-30 15:08:01,827 - INFO - Processed data for BNBUSDT: $654.59
2025-06-30 15:08:04,029 - INFO - Inserted BTCUSDT data into database
2025-06-30 15:08:04,030 - INFO - Processed data for BTCUSDT: $107710.96
2025-06-30 15:08:04,233 - INFO - Inserted ETHUSDT data into database
2025-06-30 15:08:04,233 - INFO - Processed data for ETHUSDT: $2462.47
2025-06-30 15:08:04,233 - INFO - Processed data for BNBUSDT: $654.60
2025-06-30 15:08:05,773 - INFO - Processed data for BTCUSDT: $107710.96
2025-06-30 15:08:05,774 - INFO - Processed data for ETHUSDT: $2462.48
2025-06-30 15:08:05,812 - INFO - Processed data for BNBUSDT: $654.59
2025-06-30 15:08:07,821 - INFO - Processed data for BTCUSDT: $107710.97
2025-06-30 15:08:07,822 - INFO - Processed data for BNBUSDT: $654.59
2025-06-30 15:08:09,766 - INFO - Processed data for BTCUSDT: $107710.97
2025-06-30 15:08:09,767 - INFO - Processed data for ETHUSDT: $2462.48
2025-06-30 15:08:09,813 - INFO - Processed data for BNBUSDT: $654.60
2025-06-30 15:08:11,815 - INFO - Processed data for BTCUSDT: $107710.97
2025-06-30 15:08:11,816 - INFO - Processed data for ETHUSDT: $2462.74
2025-06-30 15:08:11,877 - INFO - Processed data for BNBUSDT: $654.59
2025-06-30 15:08:13,761 - INFO - Processed data for BTCUSDT: $107710.97
2025-06-30 15:08:13,763 - INFO - Processed data for ETHUSDT: $2462.73
2025-06-30 15:08:13,837 - INFO - Processed data for BNBUSDT: $654.60
2025-06-30 15:08:15,798 - INFO - Processed data for BTCUSDT: $107710.96
2025-06-30 15:08:15,798 - INFO - Processed data for ETHUSDT: $2462.73
2025-06-30 15:08:17,754 - INFO - Processed data for BTCUSDT: $107710.97
2025-06-30 15:08:17,755 - INFO - Processed data for ETHUSDT: $2462.74
2025-06-30 15:08:18,061 - INFO - Inserted BNBUSDT data into database
2025-06-30 15:08:18,062 - INFO - Processed data for BNBUSDT: $654.60
2025-06-30 15:08:19,802 - INFO - Processed data for BTCUSDT: $107710.96
2025-06-30 15:08:19,802 - INFO - Processed data for ETHUSDT: $2462.74
2025-06-30 15:08:21,850 - INFO - Processed data for BTCUSDT: $107710.97
2025-06-30 15:08:21,851 - INFO - Processed data for BNBUSDT: $654.60
2025-06-30 15:08:23,795 - INFO - Processed data for BTCUSDT: $107710.96
2025-06-30 15:08:23,796 - INFO - Processed data for ETHUSDT: $2463.00
2025-06-30 15:08:23,821 - INFO - Processed data for BNBUSDT: $654.59
2025-06-30 15:08:25,741 - INFO - Processed data for BTCUSDT: $107710.96
2025-06-30 15:08:25,742 - INFO - Processed data for ETHUSDT: $2463.00
2025-06-30 15:08:25,814 - INFO - Processed data for BNBUSDT: $654.60
2025-06-30 15:08:27,731 - INFO - Processed data for BTCUSDT: $107710.97
2025-06-30 15:08:27,734 - INFO - Processed data for ETHUSDT: $2463.00
2025-06-30 15:08:27,839 - INFO - Processed data for BNBUSDT: $654.60
2025-06-30 15:08:29,719 - INFO - Processed data for BTCUSDT: $107710.97
2025-06-30 15:08:29,725 - INFO - Processed data for ETHUSDT: $2462.99
2025-06-30 15:08:29,815 - INFO - Processed data for BNBUSDT: $654.60
2025-06-30 15:08:31,740 - INFO - Processed data for BTCUSDT: $107710.96
2025-06-30 15:08:31,741 - INFO - Processed data for ETHUSDT: $2462.99
2025-06-30 15:08:31,907 - INFO - Processed data for BNBUSDT: $654.59
2025-06-30 15:08:33,831 - INFO - Processed data for BTCUSDT: $107710.97
2025-06-30 15:08:33,834 - INFO - Processed data for ETHUSDT: $2463.00
2025-06-30 15:08:33,836 - INFO - Processed data for BNBUSDT: $654.60
2025-06-30 15:08:35,766 - INFO - Processed data for BTCUSDT: $107710.96
2025-06-30 15:08:35,766 - INFO - Processed data for ETHUSDT: $2462.99
2025-06-30 15:08:35,813 - INFO - Processed data for BNBUSDT: $654.59
2025-06-30 15:08:37,816 - INFO - Processed data for BTCUSDT: $107710.97
2025-06-30 15:08:37,816 - INFO - Processed data for ETHUSDT: $2463.28
2025-06-30 15:08:37,833 - INFO - Processed data for BNBUSDT: $654.59
2025-06-30 15:08:39,771 - INFO - Processed data for BTCUSDT: $107710.96
2025-06-30 15:08:39,771 - INFO - Processed data for ETHUSDT: $2463.28
2025-06-30 15:08:39,880 - INFO - Processed data for BNBUSDT: $654.59
2025-06-30 15:08:41,818 - INFO - Processed data for BTCUSDT: $107710.96
2025-06-30 15:08:41,818 - INFO - Processed data for ETHUSDT: $2463.28
2025-06-30 15:08:41,835 - INFO - Processed data for BNBUSDT: $654.59
2025-06-30 15:08:43,729 - INFO - Processed data for BTCUSDT: $107710.97
2025-06-30 15:08:43,730 - INFO - Processed data for ETHUSDT: $2463.29
2025-06-30 15:08:43,818 - INFO - Processed data for BNBUSDT: $654.60
2025-06-30 15:08:45,754 - INFO - Processed data for BTCUSDT: $107710.97
2025-06-30 15:08:45,755 - INFO - Processed data for ETHUSDT: $2463.29
2025-06-30 15:08:45,812 - INFO - Processed data for BNBUSDT: $654.59
2025-06-30 15:08:47,733 - INFO - Processed data for BTCUSDT: $107710.97
2025-06-30 15:08:47,734 - INFO - Processed data for ETHUSDT: $2463.28
2025-06-30 15:08:47,875 - INFO - Processed data for BNBUSDT: $654.59
2025-06-30 15:08:49,794 - INFO - Processed data for BTCUSDT: $107710.97
2025-06-30 15:08:49,809 - INFO - Processed data for ETHUSDT: $2463.29
2025-06-30 15:08:49,809 - INFO - Processed data for BNBUSDT: $654.60
2025-06-30 15:08:51,728 - INFO - Processed data for BTCUSDT: $107720.01
2025-06-30 15:08:51,731 - INFO - Processed data for ETHUSDT: $2463.31
2025-06-30 15:08:53,791 - INFO - Processed data for BTCUSDT: $107720.02
2025-06-30 15:08:53,802 - INFO - Processed data for ETHUSDT: $2463.30
2025-06-30 15:08:53,815 - INFO - Processed data for BNBUSDT: $654.60
2025-06-30 15:08:55,841 - INFO - Processed data for BTCUSDT: $107720.01
2025-06-30 15:08:55,841 - INFO - Processed data for ETHUSDT: $2463.31
2025-06-30 15:08:55,859 - INFO - Processed data for BNBUSDT: $654.60
2025-06-30 15:08:57,792 - INFO - Processed data for BTCUSDT: $107720.01
2025-06-30 15:08:57,793 - INFO - Processed data for ETHUSDT: $2463.30
2025-06-30 15:08:57,841 - INFO - Processed data for BNBUSDT: $654.60
2025-06-30 15:08:59,724 - INFO - Processed data for BNBUSDT: $654.60
2025-06-30 15:08:59,742 - INFO - Processed data for BTCUSDT: $107720.02
2025-06-30 15:08:59,743 - INFO - Processed data for BTCUSDT: $107720.02
2025-06-30 15:08:59,745 - INFO - Processed data for ETHUSDT: $2463.30
2025-06-30 15:08:59,746 - INFO - Processed data for ETHUSDT: $2463.30
2025-06-30 15:08:59,817 - INFO - Processed data for BNBUSDT: $654.60
2025-06-30 15:09:01,786 - INFO - Processed data for BTCUSDT: $107720.02
2025-06-30 15:09:01,786 - INFO - Processed data for ETHUSDT: $2463.30
2025-06-30 15:09:01,831 - INFO - Processed data for BNBUSDT: $654.60
2025-06-30 15:09:03,733 - INFO - Processed data for BTCUSDT: $107720.01
2025-06-30 15:09:03,735 - INFO - Processed data for ETHUSDT: $2463.31
2025-06-30 15:09:03,836 - INFO - Processed data for BNBUSDT: $654.60
2025-06-30 15:09:05,986 - INFO - Inserted BTCUSDT data into database
2025-06-30 15:09:05,987 - INFO - Processed data for BTCUSDT: $107720.01
2025-06-30 15:09:06,292 - INFO - Inserted ETHUSDT data into database
2025-06-30 15:09:06,292 - INFO - Processed data for ETHUSDT: $2463.32
2025-06-30 15:09:07,828 - INFO - Processed data for BTCUSDT: $107720.01
2025-06-30 15:09:07,830 - INFO - Processed data for ETHUSDT: $2463.33
2025-06-30 15:09:07,831 - INFO - Processed data for BNBUSDT: $654.59
2025-06-30 15:09:09,733 - INFO - Processed data for BTCUSDT: $107720.01
2025-06-30 15:09:09,735 - INFO - Processed data for ETHUSDT: $2463.33
2025-06-30 15:09:09,830 - INFO - Processed data for BNBUSDT: $654.59
2025-06-30 15:09:11,724 - INFO - Processed data for BTCUSDT: $107720.02
2025-06-30 15:09:11,724 - INFO - Processed data for ETHUSDT: $2463.39
2025-06-30 15:09:11,824 - INFO - Processed data for BNBUSDT: $654.60
2025-06-30 15:09:13,765 - INFO - Processed data for BTCUSDT: $107726.24
2025-06-30 15:09:13,765 - INFO - Processed data for ETHUSDT: $2464.28
2025-06-30 15:09:13,815 - INFO - Processed data for BNBUSDT: $654.66
2025-06-30 15:09:15,816 - INFO - Processed data for BTCUSDT: $107726.24
2025-06-30 15:09:15,817 - INFO - Processed data for ETHUSDT: $2464.29
2025-06-30 15:09:15,832 - INFO - Processed data for BNBUSDT: $654.66
2025-06-30 15:09:17,744 - INFO - Processed data for BTCUSDT: $107726.24
2025-06-30 15:09:17,744 - INFO - Processed data for ETHUSDT: $2464.29
2025-06-30 15:09:18,064 - INFO - Inserted BNBUSDT data into database
2025-06-30 15:09:18,064 - INFO - Processed data for BNBUSDT: $654.66
2025-06-30 15:09:19,773 - INFO - Processed data for BTCUSDT: $107726.24
2025-06-30 15:09:19,774 - INFO - Processed data for ETHUSDT: $2464.06
2025-06-30 15:09:19,814 - INFO - Processed data for BNBUSDT: $654.67
2025-06-30 15:09:21,759 - INFO - Processed data for BTCUSDT: $107726.24
2025-06-30 15:09:21,759 - INFO - Processed data for ETHUSDT: $2464.05
2025-06-30 15:09:21,828 - INFO - Processed data for BNBUSDT: $654.67
2025-06-30 15:09:23,738 - INFO - Processed data for BTCUSDT: $107726.23
2025-06-30 15:09:23,739 - INFO - Processed data for ETHUSDT: $2464.06
2025-06-30 15:09:23,814 - INFO - Processed data for BNBUSDT: $654.66
2025-06-30 15:09:25,747 - INFO - Processed data for BTCUSDT: $107726.24
2025-06-30 15:09:25,748 - INFO - Processed data for ETHUSDT: $2464.06
2025-06-30 15:09:25,813 - INFO - Processed data for BNBUSDT: $654.67
2025-06-30 15:09:27,796 - INFO - Processed data for BTCUSDT: $107733.70
2025-06-30 15:09:27,798 - INFO - Processed data for ETHUSDT: $2464.21
2025-06-30 15:09:27,812 - INFO - Processed data for BNBUSDT: $654.66
2025-06-30 15:09:29,719 - INFO - Processed data for BTCUSDT: $107733.69
2025-06-30 15:09:29,720 - INFO - Processed data for ETHUSDT: $2464.22
2025-06-30 15:09:29,867 - INFO - Processed data for BNBUSDT: $654.59
2025-06-30 15:09:31,739 - INFO - Processed data for BTCUSDT: $107733.69
2025-06-30 15:09:31,739 - INFO - Processed data for ETHUSDT: $2464.12
2025-06-30 15:09:31,812 - INFO - Processed data for BNBUSDT: $654.60
2025-06-30 15:09:33,838 - INFO - Processed data for BTCUSDT: $107733.69
2025-06-30 15:09:33,840 - INFO - Processed data for ETHUSDT: $2464.12
2025-06-30 15:09:33,845 - INFO - Processed data for BNBUSDT: $654.60
2025-06-30 15:09:35,775 - INFO - Processed data for BTCUSDT: $107733.70
2025-06-30 15:09:35,775 - INFO - Processed data for ETHUSDT: $2464.12
2025-06-30 15:09:35,825 - INFO - Processed data for BNBUSDT: $654.59
2025-06-30 15:09:37,833 - INFO - Processed data for BTCUSDT: $107733.70
2025-06-30 15:09:37,835 - INFO - Processed data for ETHUSDT: $2464.03
2025-06-30 15:09:37,837 - INFO - Processed data for BNBUSDT: $654.60
2025-06-30 15:09:39,776 - INFO - Processed data for BTCUSDT: $107733.69
2025-06-30 15:09:39,777 - INFO - Processed data for ETHUSDT: $2464.03
2025-06-30 15:09:39,829 - INFO - Processed data for BNBUSDT: $654.60
2025-06-30 15:09:41,824 - INFO - Processed data for BTCUSDT: $107733.70
2025-06-30 15:09:41,826 - INFO - Processed data for ETHUSDT: $2464.03
2025-06-30 15:09:41,827 - INFO - Processed data for BNBUSDT: $654.60
2025-06-30 15:09:43,716 - INFO - Processed data for BTCUSDT: $107733.69
2025-06-30 15:09:43,716 - INFO - Processed data for ETHUSDT: $2463.93
2025-06-30 15:09:43,811 - INFO - Processed data for BNBUSDT: $654.60
2025-06-30 15:09:45,736 - INFO - Processed data for BTCUSDT: $107733.69
2025-06-30 15:09:45,738 - INFO - Processed data for ETHUSDT: $2463.94
2025-06-30 15:09:45,830 - INFO - Processed data for BNBUSDT: $654.59
2025-06-30 15:09:47,868 - INFO - Processed data for BTCUSDT: $107733.69
2025-06-30 15:09:47,869 - INFO - Processed data for ETHUSDT: $2463.94
2025-06-30 15:09:47,870 - INFO - Processed data for BNBUSDT: $654.59
2025-06-30 15:09:49,811 - INFO - Processed data for BTCUSDT: $107733.69
2025-06-30 15:09:49,812 - INFO - Processed data for ETHUSDT: $2463.93
2025-06-30 15:09:49,844 - INFO - Processed data for BNBUSDT: $654.59
2025-06-30 15:09:51,721 - INFO - Processed data for BTCUSDT: $107733.70
2025-06-30 15:09:51,721 - INFO - Processed data for ETHUSDT: $2463.70
2025-06-30 15:09:51,822 - INFO - Processed data for BNBUSDT: $654.60
2025-06-30 15:09:53,804 - INFO - Processed data for BTCUSDT: $107733.69
2025-06-30 15:09:53,805 - INFO - Processed data for ETHUSDT: $2463.70
2025-06-30 15:09:53,811 - INFO - Processed data for BNBUSDT: $654.60
2025-06-30 15:09:55,723 - INFO - Processed data for BTCUSDT: $107733.70
2025-06-30 15:09:55,827 - INFO - Processed data for BNBUSDT: $654.60
2025-06-30 15:09:57,800 - INFO - Processed data for BTCUSDT: $107733.70
2025-06-30 15:09:57,801 - INFO - Processed data for ETHUSDT: $2463.33
2025-06-30 15:09:57,814 - INFO - Processed data for BNBUSDT: $654.51
2025-06-30 15:09:59,741 - INFO - Processed data for BNBUSDT: $654.50
2025-06-30 15:09:59,741 - INFO - Processed data for BTCUSDT: $107733.70
2025-06-30 15:09:59,741 - INFO - Processed data for BTCUSDT: $107733.70
2025-06-30 15:09:59,746 - INFO - Processed data for ETHUSDT: $2463.33
2025-06-30 15:09:59,746 - INFO - Processed data for ETHUSDT: $2463.33
2025-06-30 15:09:59,825 - INFO - Processed data for BNBUSDT: $654.50
2025-06-30 15:10:01,792 - INFO - Processed data for BTCUSDT: $107733.69
2025-06-30 15:10:01,793 - INFO - Processed data for ETHUSDT: $2463.32
2025-06-30 15:10:01,892 - INFO - Processed data for BNBUSDT: $654.51
2025-06-30 15:10:03,738 - INFO - Processed data for BTCUSDT: $107733.70
2025-06-30 15:10:03,738 - INFO - Processed data for ETHUSDT: $2463.33
2025-06-30 15:10:05,947 - INFO - Inserted BTCUSDT data into database
2025-06-30 15:10:05,947 - INFO - Processed data for BTCUSDT: $107733.70
2025-06-30 15:10:05,947 - INFO - Processed data for ETHUSDT: $2463.32
2025-06-30 15:10:05,947 - INFO - Processed data for BNBUSDT: $654.51
2025-06-30 15:10:07,739 - INFO - Processed data for BTCUSDT: $107733.70
2025-06-30 15:10:07,939 - INFO - Inserted ETHUSDT data into database
2025-06-30 15:10:07,941 - INFO - Processed data for ETHUSDT: $2463.33
2025-06-30 15:10:07,943 - INFO - Processed data for BNBUSDT: $654.50
2025-06-30 15:10:09,779 - INFO - Processed data for BTCUSDT: $107733.69
2025-06-30 15:10:09,779 - INFO - Processed data for ETHUSDT: $2463.33
2025-06-30 15:10:09,825 - INFO - Processed data for BNBUSDT: $654.51
2025-06-30 15:10:11,793 - INFO - Processed data for BTCUSDT: $107733.70
2025-06-30 15:10:11,794 - INFO - Processed data for ETHUSDT: $2463.32
2025-06-30 15:10:11,811 - INFO - Processed data for BNBUSDT: $654.51
2025-06-30 15:10:13,775 - INFO - Processed data for BTCUSDT: $107733.70
2025-06-30 15:10:13,778 - INFO - Processed data for ETHUSDT: $2463.32
2025-06-30 15:10:13,811 - INFO - Processed data for BNBUSDT: $654.50
2025-06-30 15:10:15,728 - INFO - Processed data for BTCUSDT: $107733.70
2025-06-30 15:10:15,729 - INFO - Processed data for ETHUSDT: $2463.32
2025-06-30 15:10:15,824 - INFO - Processed data for BNBUSDT: $654.50
2025-06-30 15:10:17,721 - INFO - Processed data for BTCUSDT: $107733.70
2025-06-30 15:10:17,721 - INFO - Processed data for ETHUSDT: $2463.32
2025-06-30 15:10:17,813 - INFO - Processed data for BNBUSDT: $654.51
2025-06-30 15:10:19,816 - INFO - Processed data for BTCUSDT: $107733.70
2025-06-30 15:10:19,828 - INFO - Processed data for ETHUSDT: $2463.33
2025-06-30 15:10:20,072 - INFO - Inserted BNBUSDT data into database
2025-06-30 15:10:20,072 - INFO - Processed data for BNBUSDT: $654.50
2025-06-30 15:10:21,761 - INFO - Processed data for BTCUSDT: $107733.70
2025-06-30 15:10:21,762 - INFO - Processed data for ETHUSDT: $2463.32
2025-06-30 15:10:21,851 - INFO - Processed data for BNBUSDT: $654.51
2025-06-30 15:10:23,725 - INFO - Processed data for BTCUSDT: $107733.70
2025-06-30 15:10:23,726 - INFO - Processed data for ETHUSDT: $2463.33
2025-06-30 15:10:23,913 - INFO - Processed data for BNBUSDT: $654.51
2025-06-30 15:10:25,846 - INFO - Processed data for BTCUSDT: $107733.70
2025-06-30 15:10:25,846 - INFO - Processed data for ETHUSDT: $2463.28
2025-06-30 15:10:27,722 - INFO - Processed data for BTCUSDT: $107733.70
2025-06-30 15:10:27,723 - INFO - Processed data for ETHUSDT: $2463.29
2025-06-30 15:10:29,725 - INFO - Processed data for BTCUSDT: $107733.69
2025-06-30 15:10:29,726 - INFO - Processed data for ETHUSDT: $2463.29
2025-06-30 15:10:29,809 - INFO - Processed data for BNBUSDT: $654.51
2025-06-30 15:10:31,731 - INFO - Processed data for BTCUSDT: $107733.69
2025-06-30 15:10:31,734 - INFO - Processed data for ETHUSDT: $2463.29
2025-06-30 15:10:31,844 - INFO - Processed data for BNBUSDT: $654.51
2025-06-30 15:10:33,758 - INFO - Processed data for BTCUSDT: $107733.70
2025-06-30 15:10:33,759 - INFO - Processed data for ETHUSDT: $2463.28
2025-06-30 15:10:35,805 - INFO - Processed data for BTCUSDT: $107733.70
2025-06-30 15:10:35,805 - INFO - Processed data for ETHUSDT: $2463.21
2025-06-30 15:10:35,805 - INFO - Processed data for BNBUSDT: $654.51
2025-06-30 15:10:37,855 - INFO - Processed data for BTCUSDT: $107733.69
2025-06-30 15:10:37,855 - INFO - Processed data for ETHUSDT: $2463.21
2025-06-30 15:10:37,880 - INFO - Processed data for BNBUSDT: $654.51
2025-06-30 15:10:39,746 - INFO - Processed data for BTCUSDT: $107733.70
2025-06-30 15:10:39,747 - INFO - Processed data for ETHUSDT: $2463.12
2025-06-30 15:10:39,820 - INFO - Processed data for BNBUSDT: $654.51
2025-06-30 15:10:41,738 - INFO - Processed data for BTCUSDT: $107733.70
2025-06-30 15:10:41,738 - INFO - Processed data for ETHUSDT: $2463.00
2025-06-30 15:10:41,804 - INFO - Processed data for BNBUSDT: $654.50
2025-06-30 15:10:43,720 - INFO - Processed data for BTCUSDT: $107733.70
2025-06-30 15:10:43,721 - INFO - Processed data for ETHUSDT: $2462.99
2025-06-30 15:10:43,803 - INFO - Processed data for BNBUSDT: $654.50
2025-06-30 15:10:45,815 - INFO - Processed data for BTCUSDT: $107732.25
2025-06-30 15:10:45,815 - INFO - Processed data for ETHUSDT: $2463.00
2025-06-30 15:10:45,815 - INFO - Processed data for BNBUSDT: $654.51
2025-06-30 15:10:47,770 - INFO - Processed data for BTCUSDT: $107732.25
2025-06-30 15:10:47,770 - INFO - Processed data for ETHUSDT: $2463.00
2025-06-30 15:10:49,720 - INFO - Processed data for BTCUSDT: $107732.25
2025-06-30 15:10:49,720 - INFO - Processed data for ETHUSDT: $2462.99
2025-06-30 15:10:49,907 - INFO - Processed data for BNBUSDT: $654.51
2025-06-30 15:10:51,726 - INFO - Processed data for BTCUSDT: $107732.25
2025-06-30 15:10:51,726 - INFO - Processed data for ETHUSDT: $2463.00
2025-06-30 15:10:51,812 - INFO - Processed data for BNBUSDT: $654.51
2025-06-30 15:10:53,731 - INFO - Processed data for BTCUSDT: $107732.25
2025-06-30 15:10:53,732 - INFO - Processed data for ETHUSDT: $2463.00
2025-06-30 15:10:53,837 - INFO - Processed data for BNBUSDT: $654.51
2025-06-30 15:10:55,757 - INFO - Processed data for BTCUSDT: $107732.25
2025-06-30 15:10:55,758 - INFO - Processed data for ETHUSDT: $2463.00
2025-06-30 15:10:55,846 - INFO - Processed data for BNBUSDT: $654.50
2025-06-30 15:10:57,807 - INFO - Processed data for BTCUSDT: $107732.24
2025-06-30 15:10:59,737 - INFO - Processed data for BNBUSDT: $654.51
2025-06-30 15:10:59,742 - INFO - Processed data for BTCUSDT: $107732.25
2025-06-30 15:10:59,742 - INFO - Processed data for BTCUSDT: $107732.25
2025-06-30 15:10:59,743 - INFO - Processed data for ETHUSDT: $2462.99
2025-06-30 15:10:59,743 - INFO - Processed data for ETHUSDT: $2462.99
2025-06-30 15:10:59,831 - INFO - Processed data for BNBUSDT: $654.51
2025-06-30 15:11:01,793 - INFO - Processed data for BTCUSDT: $107732.25
2025-06-30 15:11:01,793 - INFO - Processed data for ETHUSDT: $2462.99
2025-06-30 15:11:01,827 - INFO - Processed data for BNBUSDT: $654.51
2025-06-30 15:11:03,745 - INFO - Processed data for BTCUSDT: $107732.25
2025-06-30 15:11:03,746 - INFO - Processed data for ETHUSDT: $2463.00
2025-06-30 15:11:03,813 - INFO - Processed data for BNBUSDT: $654.51
2025-06-30 15:11:05,995 - INFO - Inserted BTCUSDT data into database
2025-06-30 15:11:05,997 - INFO - Processed data for BTCUSDT: $107726.64
2025-06-30 15:11:05,999 - INFO - Processed data for ETHUSDT: $2462.53
2025-06-30 15:11:06,002 - INFO - Processed data for BNBUSDT: $654.51
2025-06-30 15:11:07,734 - INFO - Processed data for BTCUSDT: $107726.65
2025-06-30 15:11:07,734 - INFO - Processed data for ETHUSDT: $2462.45
2025-06-30 15:11:09,786 - INFO - Processed data for BTCUSDT: $107723.29
2025-06-30 15:11:09,988 - INFO - Inserted ETHUSDT data into database
2025-06-30 15:11:09,988 - INFO - Processed data for ETHUSDT: $2462.45
2025-06-30 15:11:09,989 - INFO - Processed data for BNBUSDT: $654.51
2025-06-30 15:11:11,837 - INFO - Processed data for BTCUSDT: $107723.28
2025-06-30 15:11:11,839 - INFO - Processed data for ETHUSDT: $2461.98
2025-06-30 15:11:11,841 - INFO - Processed data for BNBUSDT: $654.45
2025-06-30 15:11:13,726 - INFO - Processed data for BTCUSDT: $107723.28
2025-06-30 15:11:13,728 - INFO - Processed data for ETHUSDT: $2461.98
2025-06-30 15:11:13,799 - INFO - Processed data for BNBUSDT: $654.44
2025-06-30 15:11:15,725 - INFO - Processed data for BTCUSDT: $107723.28
2025-06-30 15:11:15,726 - INFO - Processed data for ETHUSDT: $2461.97
2025-06-30 15:11:15,829 - INFO - Processed data for BNBUSDT: $654.45
2025-06-30 15:11:17,773 - INFO - Processed data for BTCUSDT: $107723.28
2025-06-30 15:11:17,773 - INFO - Processed data for ETHUSDT: $2461.97
2025-06-30 15:11:19,738 - INFO - Processed data for BTCUSDT: $107723.29
2025-06-30 15:11:19,741 - INFO - Processed data for ETHUSDT: $2462.03
2025-06-30 15:11:19,813 - INFO - Processed data for BNBUSDT: $654.43
2025-06-30 15:11:21,756 - INFO - Processed data for BTCUSDT: $107723.28
2025-06-30 15:11:21,772 - INFO - Processed data for ETHUSDT: $2462.02
2025-06-30 15:11:23,727 - INFO - Processed data for BTCUSDT: $107723.29
2025-06-30 15:11:23,727 - INFO - Processed data for ETHUSDT: $2462.03
2025-06-30 15:11:24,030 - INFO - Inserted BNBUSDT data into database
2025-06-30 15:11:24,031 - INFO - Processed data for BNBUSDT: $654.44
2025-06-30 15:11:25,761 - INFO - Processed data for BTCUSDT: $107723.28
2025-06-30 15:11:25,762 - INFO - Processed data for ETHUSDT: $2462.03
2025-06-30 15:11:25,799 - INFO - Processed data for BNBUSDT: $654.43
2025-06-30 15:11:27,796 - INFO - Processed data for BTCUSDT: $107723.28
2025-06-30 15:11:27,796 - INFO - Processed data for ETHUSDT: $2462.18
2025-06-30 15:11:27,844 - INFO - Processed data for BNBUSDT: $654.44
2025-06-30 15:11:29,739 - INFO - Processed data for BTCUSDT: $107723.29
2025-06-30 15:11:29,739 - INFO - Processed data for ETHUSDT: $2462.35
2025-06-30 15:11:31,722 - INFO - Processed data for BTCUSDT: $107723.29
2025-06-30 15:11:31,723 - INFO - Processed data for ETHUSDT: $2462.45
2025-06-30 15:11:31,823 - INFO - Processed data for BNBUSDT: $654.43
2025-06-30 15:11:33,719 - INFO - Processed data for BTCUSDT: $107723.28
2025-06-30 15:11:33,730 - INFO - Processed data for ETHUSDT: $2462.46
2025-06-30 15:11:35,735 - INFO - Processed data for BTCUSDT: $107723.29
2025-06-30 15:11:35,736 - INFO - Processed data for ETHUSDT: $2462.46
2025-06-30 15:11:35,812 - INFO - Processed data for BNBUSDT: $654.43
2025-06-30 15:11:37,835 - INFO - Processed data for BTCUSDT: $107723.29
2025-06-30 15:11:37,835 - INFO - Processed data for ETHUSDT: $2462.45
2025-06-30 15:11:37,852 - INFO - Processed data for BNBUSDT: $654.44
2025-06-30 15:11:39,790 - INFO - Processed data for BTCUSDT: $107723.28
2025-06-30 15:11:39,791 - INFO - Processed data for ETHUSDT: $2462.46
2025-06-30 15:11:41,736 - INFO - Processed data for BTCUSDT: $107723.28
2025-06-30 15:11:41,736 - INFO - Processed data for ETHUSDT: $2462.45
2025-06-30 15:11:43,784 - INFO - Processed data for BTCUSDT: $107723.28
2025-06-30 15:11:43,785 - INFO - Processed data for ETHUSDT: $2462.45
2025-06-30 15:11:43,815 - INFO - Processed data for BNBUSDT: $654.43
2025-06-30 15:11:45,748 - INFO - Processed data for BTCUSDT: $107723.28
2025-06-30 15:11:45,749 - INFO - Processed data for ETHUSDT: $2462.46
2025-06-30 15:11:45,808 - INFO - Processed data for BNBUSDT: $654.44
2025-06-30 15:11:47,766 - INFO - Processed data for BTCUSDT: $107723.28
2025-06-30 15:11:47,766 - INFO - Processed data for ETHUSDT: $2462.47
2025-06-30 15:11:47,832 - INFO - Processed data for BNBUSDT: $654.44
2025-06-30 15:11:49,826 - INFO - Processed data for BTCUSDT: $107723.29
2025-06-30 15:11:49,829 - INFO - Processed data for ETHUSDT: $2462.66
2025-06-30 15:11:49,829 - INFO - Processed data for BNBUSDT: $654.44
2025-06-30 15:11:51,726 - INFO - Processed data for BTCUSDT: $107723.28
2025-06-30 15:11:51,730 - INFO - Processed data for ETHUSDT: $2462.66
2025-06-30 15:11:51,832 - INFO - Processed data for BNBUSDT: $654.43
2025-06-30 15:11:53,819 - INFO - Processed data for BTCUSDT: $107723.28
2025-06-30 15:11:53,821 - INFO - Processed data for ETHUSDT: $2462.73
2025-06-30 15:11:53,844 - INFO - Processed data for BNBUSDT: $654.44
2025-06-30 15:11:55,735 - INFO - Processed data for BTCUSDT: $107723.28
2025-06-30 15:11:55,735 - INFO - Processed data for ETHUSDT: $2462.99
2025-06-30 15:11:57,723 - INFO - Processed data for BTCUSDT: $107723.28
2025-06-30 15:11:57,726 - INFO - Processed data for ETHUSDT: $2462.99
2025-06-30 15:11:59,758 - INFO - Processed data for BNBUSDT: $654.43
2025-06-30 15:11:59,759 - INFO - Processed data for BTCUSDT: $107723.29
2025-06-30 15:11:59,759 - INFO - Processed data for BTCUSDT: $107723.29
2025-06-30 15:11:59,760 - INFO - Processed data for ETHUSDT: $2462.98
2025-06-30 15:11:59,760 - INFO - Processed data for ETHUSDT: $2462.98
2025-06-30 15:11:59,830 - INFO - Processed data for BNBUSDT: $654.43
2025-06-30 15:12:01,795 - INFO - Processed data for BTCUSDT: $107723.29
2025-06-30 15:12:01,795 - INFO - Processed data for ETHUSDT: $2462.99
2025-06-30 15:12:01,811 - INFO - Processed data for BNBUSDT: $654.44
2025-06-30 15:12:03,853 - INFO - Processed data for BTCUSDT: $107723.29
2025-06-30 15:12:03,853 - INFO - Processed data for ETHUSDT: $2462.99
2025-06-30 15:12:03,853 - INFO - Processed data for BNBUSDT: $654.44
2025-06-30 15:12:06,106 - INFO - Inserted BTCUSDT data into database
2025-06-30 15:12:06,107 - INFO - Processed data for BTCUSDT: $107723.29
2025-06-30 15:12:06,108 - INFO - Processed data for ETHUSDT: $2462.68
2025-06-30 15:12:06,109 - INFO - Processed data for BNBUSDT: $654.43
2025-06-30 15:12:07,746 - INFO - Processed data for BTCUSDT: $107723.28
2025-06-30 15:12:07,747 - INFO - Processed data for ETHUSDT: $2462.68
2025-06-30 15:12:07,813 - INFO - Processed data for BNBUSDT: $654.44
2025-06-30 15:12:09,726 - INFO - Processed data for BTCUSDT: $107723.28
2025-06-30 15:12:09,727 - INFO - Processed data for ETHUSDT: $2462.67
2025-06-30 15:12:09,810 - INFO - Processed data for BNBUSDT: $654.43
2025-06-30 15:12:11,744 - INFO - Processed data for BTCUSDT: $107723.28
2025-06-30 15:12:11,947 - INFO - Inserted ETHUSDT data into database
2025-06-30 15:12:11,947 - INFO - Processed data for ETHUSDT: $2462.68
2025-06-30 15:12:11,947 - INFO - Processed data for BNBUSDT: $654.44
2025-06-30 15:12:13,727 - INFO - Processed data for BTCUSDT: $107723.28
2025-06-30 15:12:13,820 - INFO - Processed data for BNBUSDT: $654.44
2025-06-30 15:12:15,731 - INFO - Processed data for BTCUSDT: $107723.28
2025-06-30 15:12:15,733 - INFO - Processed data for ETHUSDT: $2462.68
2025-06-30 15:12:15,826 - INFO - Processed data for BNBUSDT: $654.44
2025-06-30 15:12:17,780 - INFO - Processed data for BTCUSDT: $107723.28
2025-06-30 15:12:17,781 - INFO - Processed data for ETHUSDT: $2462.68
2025-06-30 15:12:19,727 - INFO - Processed data for BTCUSDT: $107723.28
2025-06-30 15:12:19,730 - INFO - Processed data for ETHUSDT: $2462.67
2025-06-30 15:12:19,814 - INFO - Processed data for BNBUSDT: $654.43
2025-06-30 15:12:21,773 - INFO - Processed data for BTCUSDT: $107723.28
2025-06-30 15:12:21,774 - INFO - Processed data for ETHUSDT: $2462.68
2025-06-30 15:12:21,821 - INFO - Processed data for BNBUSDT: $654.43
2025-06-30 15:12:23,823 - INFO - Processed data for BTCUSDT: $107723.29
2025-06-30 15:12:23,824 - INFO - Processed data for ETHUSDT: $2462.67
2025-06-30 15:12:23,825 - INFO - Processed data for BNBUSDT: $654.44
2025-06-30 15:12:25,768 - INFO - Processed data for BTCUSDT: $107723.29
2025-06-30 15:12:25,769 - INFO - Processed data for ETHUSDT: $2462.67
2025-06-30 15:12:26,012 - INFO - Inserted BNBUSDT data into database
2025-06-30 15:12:26,012 - INFO - Processed data for BNBUSDT: $654.43
2025-06-30 15:12:27,816 - INFO - Processed data for BTCUSDT: $107723.28
2025-06-30 15:12:27,817 - INFO - Processed data for ETHUSDT: $2462.61
2025-06-30 15:12:27,818 - INFO - Processed data for BNBUSDT: $654.44
2025-06-30 15:12:29,731 - INFO - Processed data for BTCUSDT: $107723.29
2025-06-30 15:12:29,734 - INFO - Processed data for ETHUSDT: $2462.58
2025-06-30 15:12:29,800 - INFO - Processed data for BNBUSDT: $654.38
2025-06-30 15:12:31,730 - INFO - Processed data for BTCUSDT: $107723.29
2025-06-30 15:12:31,732 - INFO - Processed data for ETHUSDT: $2462.57
2025-06-30 15:12:31,817 - INFO - Processed data for BNBUSDT: $654.38
2025-06-30 15:12:33,723 - INFO - Processed data for BTCUSDT: $107723.28
2025-06-30 15:12:33,724 - INFO - Processed data for ETHUSDT: $2462.57
2025-06-30 15:12:35,803 - INFO - Processed data for BTCUSDT: $107723.28
2025-06-30 15:12:35,804 - INFO - Processed data for ETHUSDT: $2462.58
2025-06-30 15:12:35,897 - INFO - Processed data for BNBUSDT: $654.38
2025-06-30 15:12:37,725 - INFO - Processed data for BTCUSDT: $107723.28
2025-06-30 15:12:37,729 - INFO - Processed data for ETHUSDT: $2462.58
2025-06-30 15:12:39,798 - INFO - Processed data for BTCUSDT: $107723.29
2025-06-30 15:12:39,799 - INFO - Processed data for ETHUSDT: $2462.58
2025-06-30 15:12:39,870 - INFO - Processed data for BNBUSDT: $654.38
2025-06-30 15:12:41,743 - INFO - Processed data for BTCUSDT: $107723.29
2025-06-30 15:12:41,744 - INFO - Processed data for ETHUSDT: $2462.58
2025-06-30 15:12:41,811 - INFO - Processed data for BNBUSDT: $654.38
2025-06-30 15:12:43,791 - INFO - Processed data for BTCUSDT: $107723.28
2025-06-30 15:12:43,793 - INFO - Processed data for ETHUSDT: $2462.58
2025-06-30 15:12:43,815 - INFO - Processed data for BNBUSDT: $654.37
2025-06-30 15:12:45,765 - INFO - Processed data for BTCUSDT: $107723.29
2025-06-30 15:12:45,766 - INFO - Processed data for ETHUSDT: $2462.58
2025-06-30 15:12:45,821 - INFO - Processed data for BNBUSDT: $654.37
2025-06-30 15:12:47,787 - INFO - Processed data for BTCUSDT: $107723.28
2025-06-30 15:12:47,787 - INFO - Processed data for ETHUSDT: $2462.58
2025-06-30 15:12:47,823 - INFO - Processed data for BNBUSDT: $654.38
2025-06-30 15:12:49,732 - INFO - Processed data for BTCUSDT: $107723.29
2025-06-30 15:12:49,734 - INFO - Processed data for ETHUSDT: $2462.57
2025-06-30 15:12:49,812 - INFO - Processed data for BNBUSDT: $654.37
2025-06-30 15:12:51,730 - INFO - Processed data for BTCUSDT: $107723.28
2025-06-30 15:12:51,733 - INFO - Processed data for ETHUSDT: $2462.58
2025-06-30 15:12:53,749 - INFO - Processed data for BTCUSDT: $107723.28
2025-06-30 15:12:53,751 - INFO - Processed data for ETHUSDT: $2462.58
2025-06-30 15:12:53,827 - INFO - Processed data for BNBUSDT: $654.37
2025-06-30 15:12:55,771 - INFO - Processed data for BTCUSDT: $107723.28
2025-06-30 15:12:55,775 - INFO - Processed data for ETHUSDT: $2462.37
2025-06-30 15:12:55,823 - INFO - Processed data for BNBUSDT: $654.34
2025-06-30 15:12:57,726 - INFO - Processed data for BTCUSDT: $107723.29
2025-06-30 15:12:57,729 - INFO - Processed data for ETHUSDT: $2462.38
2025-06-30 15:12:57,810 - INFO - Processed data for BNBUSDT: $654.35
2025-06-30 15:12:59,765 - INFO - Processed data for BNBUSDT: $654.35
2025-06-30 15:12:59,766 - INFO - Processed data for BTCUSDT: $107723.28
2025-06-30 15:12:59,767 - INFO - Processed data for BTCUSDT: $107723.28
2025-06-30 15:12:59,768 - INFO - Processed data for ETHUSDT: $2462.18
2025-06-30 15:12:59,769 - INFO - Processed data for ETHUSDT: $2462.18
2025-06-30 15:12:59,812 - INFO - Processed data for BNBUSDT: $654.35
2025-06-30 15:13:01,814 - INFO - Processed data for BTCUSDT: $107723.28
2025-06-30 15:13:01,815 - INFO - Processed data for ETHUSDT: $2462.17
2025-06-30 15:13:01,816 - INFO - Processed data for BNBUSDT: $654.35
2025-06-30 15:13:03,758 - INFO - Processed data for BTCUSDT: $107723.28
2025-06-30 15:13:03,759 - INFO - Processed data for ETHUSDT: $2462.18
2025-06-30 15:13:03,810 - INFO - Processed data for BNBUSDT: $654.35
2025-06-30 15:13:06,115 - INFO - Inserted BTCUSDT data into database
2025-06-30 15:13:06,115 - INFO - Processed data for BTCUSDT: $107723.29
2025-06-30 15:13:06,117 - INFO - Processed data for ETHUSDT: $2462.18
2025-06-30 15:13:06,119 - INFO - Processed data for BNBUSDT: $654.35
2025-06-30 15:13:07,906 - INFO - Processed data for BTCUSDT: $107723.28
2025-06-30 15:13:07,906 - INFO - Processed data for ETHUSDT: $2462.18
2025-06-30 15:13:07,919 - INFO - Processed data for BNBUSDT: $654.34
2025-06-30 15:13:09,718 - INFO - Processed data for BTCUSDT: $107723.28
2025-06-30 15:13:09,735 - INFO - Processed data for ETHUSDT: $2462.17
2025-06-30 15:13:09,830 - INFO - Processed data for BNBUSDT: $654.34
2025-06-30 15:13:11,740 - INFO - Processed data for BTCUSDT: $107723.28
2025-06-30 15:13:11,741 - INFO - Processed data for ETHUSDT: $2462.17
2025-06-30 15:13:11,820 - INFO - Processed data for BNBUSDT: $654.34
2025-06-30 15:13:13,794 - INFO - Processed data for BTCUSDT: $107723.28
2025-06-30 15:13:14,100 - INFO - Inserted ETHUSDT data into database
2025-06-30 15:13:14,101 - INFO - Processed data for ETHUSDT: $2462.17
2025-06-30 15:13:15,756 - INFO - Processed data for BTCUSDT: $107723.28
2025-06-30 15:13:15,757 - INFO - Processed data for ETHUSDT: $2462.17
2025-06-30 15:13:15,814 - INFO - Processed data for BNBUSDT: $654.35
2025-06-30 15:13:17,787 - INFO - Processed data for BTCUSDT: $107723.29
2025-06-30 15:13:17,789 - INFO - Processed data for ETHUSDT: $2462.17
2025-06-30 15:13:17,836 - INFO - Processed data for BNBUSDT: $654.35
2025-06-30 15:13:19,735 - INFO - Processed data for BTCUSDT: $107723.28
2025-06-30 15:13:19,736 - INFO - Processed data for ETHUSDT: $2462.18
2025-06-30 15:13:21,786 - INFO - Processed data for BTCUSDT: $107723.28
2025-06-30 15:13:21,787 - INFO - Processed data for ETHUSDT: $2462.18
2025-06-30 15:13:23,833 - INFO - Processed data for BTCUSDT: $107723.28
2025-06-30 15:13:23,834 - INFO - Processed data for ETHUSDT: $2462.18
2025-06-30 15:13:23,835 - INFO - Processed data for BNBUSDT: $654.35
2025-06-30 15:13:25,754 - INFO - Processed data for BTCUSDT: $107723.29
2025-06-30 15:13:25,755 - INFO - Processed data for ETHUSDT: $2462.18
2025-06-30 15:13:26,066 - INFO - Inserted BNBUSDT data into database
2025-06-30 15:13:26,067 - INFO - Processed data for BNBUSDT: $654.35
2025-06-30 15:13:27,740 - INFO - Processed data for BTCUSDT: $107723.28
2025-06-30 15:13:27,741 - INFO - Processed data for ETHUSDT: $2462.18
2025-06-30 15:13:27,854 - INFO - Processed data for BNBUSDT: $654.35
2025-06-30 15:13:29,741 - INFO - Processed data for BTCUSDT: $107723.28
2025-06-30 15:13:29,742 - INFO - Processed data for ETHUSDT: $2462.18
2025-06-30 15:13:29,825 - INFO - Processed data for BNBUSDT: $654.34
2025-06-30 15:13:31,719 - INFO - Processed data for BTCUSDT: $107723.28
2025-06-30 15:13:31,721 - INFO - Processed data for ETHUSDT: $2462.17
2025-06-30 15:13:31,817 - INFO - Processed data for BNBUSDT: $654.34
2025-06-30 15:13:33,726 - INFO - Processed data for BTCUSDT: $107723.28
2025-06-30 15:13:33,728 - INFO - Processed data for ETHUSDT: $2462.18
2025-06-30 15:13:35,809 - INFO - Processed data for BTCUSDT: $107723.29
2025-06-30 15:13:35,810 - INFO - Processed data for ETHUSDT: $2462.18
2025-06-30 15:13:37,759 - INFO - Processed data for BTCUSDT: $107723.29
2025-06-30 15:13:37,760 - INFO - Processed data for ETHUSDT: $2462.18
2025-06-30 15:13:37,819 - INFO - Processed data for BNBUSDT: $654.35
2025-06-30 15:13:39,801 - INFO - Processed data for BTCUSDT: $107723.29
2025-06-30 15:13:39,801 - INFO - Processed data for ETHUSDT: $2462.18
2025-06-30 15:13:39,853 - INFO - Processed data for BNBUSDT: $654.34
2025-06-30 15:13:41,749 - INFO - Processed data for BTCUSDT: $107723.28
2025-06-30 15:13:41,855 - INFO - Processed data for BNBUSDT: $654.35
2025-06-30 15:13:43,738 - INFO - Processed data for BTCUSDT: $107723.28
2025-06-30 15:13:43,739 - INFO - Processed data for ETHUSDT: $2462.17
2025-06-30 15:13:43,827 - INFO - Processed data for BNBUSDT: $654.35
2025-06-30 15:13:45,769 - INFO - Processed data for BTCUSDT: $107723.28
2025-06-30 15:13:45,769 - INFO - Processed data for ETHUSDT: $2462.17
2025-06-30 15:13:45,811 - INFO - Processed data for BNBUSDT: $654.35
2025-06-30 15:13:47,792 - INFO - Processed data for BTCUSDT: $107723.28
2025-06-30 15:13:47,792 - INFO - Processed data for ETHUSDT: $2462.17
2025-06-30 15:13:47,824 - INFO - Processed data for BNBUSDT: $654.34
2025-06-30 15:13:49,736 - INFO - Processed data for BTCUSDT: $107723.29
2025-06-30 15:13:49,736 - INFO - Processed data for ETHUSDT: $2462.17
2025-06-30 15:13:49,812 - INFO - Processed data for BNBUSDT: $654.35
2025-06-30 15:13:51,732 - INFO - Processed data for BTCUSDT: $107723.28
2025-06-30 15:13:51,733 - INFO - Processed data for ETHUSDT: $2462.18
2025-06-30 15:13:51,822 - INFO - Processed data for BNBUSDT: $654.34
2025-06-30 15:13:53,833 - INFO - Processed data for BTCUSDT: $107723.28
2025-06-30 15:13:53,836 - INFO - Processed data for ETHUSDT: $2462.18
2025-06-30 15:13:53,853 - INFO - Processed data for BNBUSDT: $654.35
2025-06-30 15:13:55,777 - INFO - Processed data for BTCUSDT: $107723.28
2025-06-30 15:13:55,778 - INFO - Processed data for ETHUSDT: $2462.18
2025-06-30 15:13:55,823 - INFO - Processed data for BNBUSDT: $654.35
2025-06-30 15:13:57,825 - INFO - Processed data for BTCUSDT: $107723.29
2025-06-30 15:13:57,826 - INFO - Processed data for ETHUSDT: $2462.18
2025-06-30 15:13:57,832 - INFO - Processed data for BNBUSDT: $654.35
2025-06-30 15:13:59,723 - INFO - Processed data for BNBUSDT: $654.35
2025-06-30 15:13:59,724 - INFO - Processed data for BTCUSDT: $107723.28
2025-06-30 15:13:59,724 - INFO - Processed data for BTCUSDT: $107723.28
2025-06-30 15:13:59,730 - INFO - Processed data for ETHUSDT: $2462.18
2025-06-30 15:13:59,731 - INFO - Processed data for ETHUSDT: $2462.18
2025-06-30 15:13:59,817 - INFO - Processed data for BNBUSDT: $654.35
2025-06-30 15:14:01,733 - INFO - Processed data for BTCUSDT: $107723.28
2025-06-30 15:14:01,735 - INFO - Processed data for ETHUSDT: $2462.18
2025-06-30 15:14:01,827 - INFO - Processed data for BNBUSDT: $654.34
2025-06-30 15:14:03,775 - INFO - Processed data for BTCUSDT: $107723.28
2025-06-30 15:14:03,776 - INFO - Processed data for ETHUSDT: $2462.18
2025-06-30 15:14:03,813 - INFO - Processed data for BNBUSDT: $654.34
2025-06-30 15:14:05,731 - INFO - Processed data for BTCUSDT: $107723.28
2025-06-30 15:14:05,732 - INFO - Processed data for ETHUSDT: $2462.18
2025-06-30 15:14:05,915 - INFO - Processed data for BNBUSDT: $654.35
2025-06-30 15:14:07,925 - INFO - Inserted BTCUSDT data into database
2025-06-30 15:14:07,925 - INFO - Processed data for BTCUSDT: $107723.28
2025-06-30 15:14:07,926 - INFO - Processed data for ETHUSDT: $2462.18
2025-06-30 15:14:07,927 - INFO - Processed data for BNBUSDT: $654.34
2025-06-30 15:14:09,801 - INFO - Processed data for BTCUSDT: $107723.28
2025-06-30 15:14:09,801 - INFO - Processed data for ETHUSDT: $2462.17
2025-06-30 15:14:09,822 - INFO - Processed data for BNBUSDT: $654.35
2025-06-30 15:14:11,752 - INFO - Processed data for BTCUSDT: $107723.28
2025-06-30 15:14:11,753 - INFO - Processed data for ETHUSDT: $2462.18
2025-06-30 15:14:13,721 - INFO - Processed data for BTCUSDT: $107723.28
2025-06-30 15:14:13,723 - INFO - Processed data for ETHUSDT: $2462.18
2025-06-30 15:14:14,035 - INFO - Processed data for BNBUSDT: $654.35
2025-06-30 15:14:15,758 - INFO - Processed data for BTCUSDT: $107723.28
2025-06-30 15:14:15,960 - INFO - Inserted ETHUSDT data into database
2025-06-30 15:14:15,960 - INFO - Processed data for ETHUSDT: $2462.18
2025-06-30 15:14:15,963 - INFO - Processed data for BNBUSDT: $654.34
2025-06-30 15:14:17,796 - INFO - Processed data for BTCUSDT: $107723.28
2025-06-30 15:14:17,797 - INFO - Processed data for ETHUSDT: $2462.18
2025-06-30 15:14:17,824 - INFO - Processed data for BNBUSDT: $654.35
2025-06-30 15:14:19,744 - INFO - Processed data for BTCUSDT: $107723.29
2025-06-30 15:14:19,746 - INFO - Processed data for ETHUSDT: $2462.18
2025-06-30 15:14:19,819 - INFO - Processed data for BNBUSDT: $654.34
2025-06-30 15:14:21,791 - INFO - Processed data for BTCUSDT: $107723.29
2025-06-30 15:14:21,793 - INFO - Processed data for ETHUSDT: $2462.31
2025-06-30 15:14:21,801 - INFO - Processed data for BNBUSDT: $654.34
2025-06-30 15:14:23,940 - INFO - Processed data for BTCUSDT: $107723.28
2025-06-30 15:14:23,943 - INFO - Processed data for ETHUSDT: $2462.53
2025-06-30 15:14:23,944 - INFO - Processed data for BNBUSDT: $654.35
2025-06-30 15:14:25,889 - INFO - Processed data for BTCUSDT: $107723.28
2025-06-30 15:14:25,893 - INFO - Processed data for ETHUSDT: $2462.53
2025-06-30 15:14:26,193 - INFO - Inserted BNBUSDT data into database
2025-06-30 15:14:26,193 - INFO - Processed data for BNBUSDT: $654.34
2025-06-30 15:14:27,729 - INFO - Processed data for BTCUSDT: $107723.29
2025-06-30 15:14:27,743 - INFO - Processed data for ETHUSDT: $2462.53
2025-06-30 15:14:29,742 - INFO - Processed data for BTCUSDT: $107723.28
2025-06-30 15:14:29,746 - INFO - Processed data for ETHUSDT: $2462.52
2025-06-30 15:14:29,821 - INFO - Processed data for BNBUSDT: $654.35
2025-06-30 15:14:31,747 - INFO - Processed data for BTCUSDT: $107723.28
2025-06-30 15:14:31,748 - INFO - Processed data for ETHUSDT: $2462.52
2025-06-30 15:14:31,813 - INFO - Processed data for BNBUSDT: $654.35
2025-06-30 15:14:33,731 - INFO - Processed data for BTCUSDT: $107723.28
2025-06-30 15:14:33,735 - INFO - Processed data for ETHUSDT: $2462.40
2025-06-30 15:14:33,819 - INFO - Processed data for BNBUSDT: $654.34
2025-06-30 15:14:35,826 - INFO - Processed data for BTCUSDT: $107723.29
2025-06-30 15:14:35,828 - INFO - Processed data for ETHUSDT: $2462.40
2025-06-30 15:14:37,762 - INFO - Processed data for BTCUSDT: $107723.28
2025-06-30 15:14:37,763 - INFO - Processed data for ETHUSDT: $2462.40
2025-06-30 15:14:37,837 - INFO - Processed data for BNBUSDT: $654.35
2025-06-30 15:14:39,811 - INFO - Processed data for BTCUSDT: $107723.29
2025-06-30 15:14:39,814 - INFO - Processed data for ETHUSDT: $2462.27
2025-06-30 15:14:39,832 - INFO - Processed data for BNBUSDT: $654.35
2025-06-30 15:14:41,756 - INFO - Processed data for BTCUSDT: $107723.28
2025-06-30 15:14:41,757 - INFO - Processed data for ETHUSDT: $2462.28
2025-06-30 15:14:43,796 - INFO - Processed data for BTCUSDT: $107723.28
2025-06-30 15:14:43,796 - INFO - Processed data for ETHUSDT: $2462.27
2025-06-30 15:14:43,813 - INFO - Processed data for BNBUSDT: $654.35
2025-06-30 15:14:45,751 - INFO - Processed data for BTCUSDT: $107723.28
2025-06-30 15:14:45,755 - INFO - Processed data for ETHUSDT: $2462.28
2025-06-30 15:14:45,810 - INFO - Processed data for BNBUSDT: $654.35
2025-06-30 15:14:47,796 - INFO - Processed data for BTCUSDT: $107723.28
2025-06-30 15:14:47,796 - INFO - Processed data for ETHUSDT: $2462.28
2025-06-30 15:14:47,814 - INFO - Processed data for BNBUSDT: $654.35
2025-06-30 15:14:49,743 - INFO - Processed data for BTCUSDT: $107723.28
2025-06-30 15:14:49,743 - INFO - Processed data for ETHUSDT: $2462.27
2025-06-30 15:14:49,827 - INFO - Processed data for BNBUSDT: $654.35
2025-06-30 15:14:51,792 - INFO - Processed data for BTCUSDT: $107723.28
2025-06-30 15:14:51,794 - INFO - Processed data for ETHUSDT: $2462.28
2025-06-30 15:14:53,726 - INFO - Processed data for BTCUSDT: $107723.29
2025-06-30 15:14:53,728 - INFO - Processed data for ETHUSDT: $2462.27
2025-06-30 15:14:53,796 - INFO - Processed data for BNBUSDT: $654.35
2025-06-30 15:14:55,785 - INFO - Processed data for BTCUSDT: $107723.29
2025-06-30 15:14:55,786 - INFO - Processed data for ETHUSDT: $2462.28
2025-06-30 15:14:55,804 - INFO - Processed data for BNBUSDT: $654.26
2025-06-30 15:14:57,835 - INFO - Processed data for BTCUSDT: $107723.29
2025-06-30 15:14:57,838 - INFO - Processed data for ETHUSDT: $2462.28
2025-06-30 15:14:57,839 - INFO - Processed data for BNBUSDT: $654.25
2025-06-30 15:14:59,778 - INFO - Processed data for BNBUSDT: $654.26
2025-06-30 15:14:59,779 - INFO - Processed data for BTCUSDT: $107723.28
2025-06-30 15:14:59,779 - INFO - Processed data for BTCUSDT: $107723.28
2025-06-30 15:14:59,780 - INFO - Processed data for ETHUSDT: $2462.27
2025-06-30 15:14:59,781 - INFO - Processed data for ETHUSDT: $2462.27
2025-06-30 15:14:59,797 - INFO - Processed data for BNBUSDT: $654.26
2025-06-30 15:15:01,731 - INFO - Processed data for BTCUSDT: $107723.28
2025-06-30 15:15:01,732 - INFO - Processed data for ETHUSDT: $2461.97
2025-06-30 15:15:03,057 - INFO - Processed data for BNBUSDT: $654.18
2025-06-30 15:15:03,724 - INFO - Processed data for BTCUSDT: $107723.28
2025-06-30 15:15:03,725 - INFO - Processed data for ETHUSDT: $2461.97
2025-06-30 15:15:03,796 - INFO - Processed data for BNBUSDT: $654.19
2025-06-30 15:15:05,719 - INFO - Processed data for BTCUSDT: $107723.28
2025-06-30 15:15:05,720 - INFO - Processed data for ETHUSDT: $2461.96
2025-06-30 15:15:05,820 - INFO - Processed data for BNBUSDT: $654.18
2025-06-30 15:15:07,967 - INFO - Inserted BTCUSDT data into database
2025-06-30 15:15:07,969 - INFO - Processed data for BTCUSDT: $107723.29
2025-06-30 15:15:07,972 - INFO - Processed data for ETHUSDT: $2461.96
2025-06-30 15:15:07,974 - INFO - Processed data for BNBUSDT: $654.19
2025-06-30 15:15:09,815 - INFO - Processed data for BTCUSDT: $107723.29
2025-06-30 15:15:09,818 - INFO - Processed data for ETHUSDT: $2461.96
2025-06-30 15:15:09,820 - INFO - Processed data for BNBUSDT: $654.19
2025-06-30 15:15:11,759 - INFO - Processed data for BTCUSDT: $107723.28
2025-06-30 15:15:11,760 - INFO - Processed data for ETHUSDT: $2461.97
2025-06-30 15:15:11,812 - INFO - Processed data for BNBUSDT: $654.19
2025-06-30 15:15:13,796 - INFO - Processed data for BTCUSDT: $107723.28
2025-06-30 15:15:13,813 - INFO - Processed data for ETHUSDT: $2462.20
2025-06-30 15:15:13,830 - INFO - Processed data for BNBUSDT: $654.18
2025-06-30 15:15:15,752 - INFO - Processed data for BTCUSDT: $107723.29
2025-06-30 15:15:15,753 - INFO - Processed data for ETHUSDT: $2462.20
2025-06-30 15:15:15,820 - INFO - Processed data for BNBUSDT: $654.18
2025-06-30 15:15:17,797 - INFO - Processed data for BTCUSDT: $107723.28
2025-06-30 15:15:18,079 - INFO - Inserted ETHUSDT data into database
2025-06-30 15:15:18,081 - INFO - Processed data for ETHUSDT: $2462.19
2025-06-30 15:15:18,084 - INFO - Processed data for BNBUSDT: $654.19
2025-06-30 15:15:19,734 - INFO - Processed data for BTCUSDT: $107723.28
2025-06-30 15:15:19,736 - INFO - Processed data for ETHUSDT: $2462.20
2025-06-30 15:15:19,828 - INFO - Processed data for BNBUSDT: $654.19
2025-06-30 15:15:21,796 - INFO - Processed data for BTCUSDT: $107723.28
2025-06-30 15:15:21,796 - INFO - Processed data for ETHUSDT: $2462.19
2025-06-30 15:15:21,895 - INFO - Processed data for BNBUSDT: $654.18
2025-06-30 15:15:23,755 - INFO - Processed data for BTCUSDT: $107723.28
2025-06-30 15:15:23,756 - INFO - Processed data for ETHUSDT: $2462.20
2025-06-30 15:15:23,811 - INFO - Processed data for BNBUSDT: $654.19
2025-06-30 15:15:25,717 - INFO - Processed data for BTCUSDT: $107723.28
2025-06-30 15:15:25,718 - INFO - Processed data for ETHUSDT: $2462.20
2025-06-30 15:15:25,817 - INFO - Processed data for BNBUSDT: $654.18
2025-06-30 15:15:27,735 - INFO - Processed data for BTCUSDT: $107723.28
2025-06-30 15:15:27,735 - INFO - Processed data for ETHUSDT: $2462.19
2025-06-30 15:15:28,142 - INFO - Inserted BNBUSDT data into database
2025-06-30 15:15:28,142 - INFO - Processed data for BNBUSDT: $654.19
2025-06-30 15:15:29,718 - INFO - Processed data for BTCUSDT: $107723.29
2025-06-30 15:15:29,721 - INFO - Processed data for ETHUSDT: $2462.20
2025-06-30 15:15:29,818 - INFO - Processed data for BNBUSDT: $654.18
2025-06-30 15:15:31,725 - INFO - Processed data for BTCUSDT: $107723.29
2025-06-30 15:15:31,730 - INFO - Processed data for ETHUSDT: $2462.20
2025-06-30 15:15:33,718 - INFO - Processed data for BTCUSDT: $107723.29
2025-06-30 15:15:33,718 - INFO - Processed data for ETHUSDT: $2462.20
2025-06-30 15:15:33,805 - INFO - Processed data for BNBUSDT: $654.19
2025-06-30 15:15:35,740 - INFO - Processed data for ETHUSDT: $2462.19
2025-06-30 15:15:35,862 - INFO - Processed data for BNBUSDT: $654.18
2025-06-30 15:15:37,863 - INFO - Processed data for BTCUSDT: $107723.29
2025-06-30 15:15:37,863 - INFO - Processed data for ETHUSDT: $2462.20
2025-06-30 15:15:39,757 - INFO - Processed data for BTCUSDT: $107723.28
2025-06-30 15:15:39,758 - INFO - Processed data for ETHUSDT: $2462.57
2025-06-30 15:15:39,809 - INFO - Processed data for BNBUSDT: $654.24
2025-06-30 15:15:41,727 - INFO - Processed data for BTCUSDT: $107723.28
2025-06-30 15:15:41,730 - INFO - Processed data for ETHUSDT: $2462.58
2025-06-30 15:15:41,892 - INFO - Processed data for BNBUSDT: $654.23
2025-06-30 15:15:43,767 - INFO - Processed data for BTCUSDT: $107723.29
2025-06-30 15:15:43,768 - INFO - Processed data for ETHUSDT: $2462.82
2025-06-30 15:15:43,826 - INFO - Processed data for BNBUSDT: $654.23
2025-06-30 15:15:45,775 - INFO - Processed data for BTCUSDT: $107723.29
2025-06-30 15:15:45,775 - INFO - Processed data for ETHUSDT: $2462.83
2025-06-30 15:15:45,849 - INFO - Processed data for BNBUSDT: $654.24
2025-06-30 15:15:47,737 - INFO - Processed data for BTCUSDT: $107723.28
2025-06-30 15:15:47,738 - INFO - Processed data for ETHUSDT: $2462.82
2025-06-30 15:15:47,856 - INFO - Processed data for BNBUSDT: $654.25
2025-06-30 15:15:49,724 - INFO - Processed data for BTCUSDT: $107723.28
2025-06-30 15:15:49,724 - INFO - Processed data for ETHUSDT: $2462.83
2025-06-30 15:15:51,721 - INFO - Processed data for BTCUSDT: $107762.88
2025-06-30 15:15:51,722 - INFO - Processed data for ETHUSDT: $2463.96
2025-06-30 15:15:51,825 - INFO - Processed data for BNBUSDT: $654.35
2025-06-30 15:15:53,742 - INFO - Processed data for BTCUSDT: $107762.88
2025-06-30 15:15:53,743 - INFO - Processed data for ETHUSDT: $2463.97
2025-06-30 15:15:53,818 - INFO - Processed data for BNBUSDT: $654.35
2025-06-30 15:15:55,730 - INFO - Processed data for ETHUSDT: $2463.95
2025-06-30 15:15:55,816 - INFO - Processed data for BNBUSDT: $654.35
2025-06-30 15:15:57,724 - INFO - Processed data for BTCUSDT: $107762.89
2025-06-30 15:15:57,728 - INFO - Processed data for ETHUSDT: $2463.95
2025-06-30 15:15:57,818 - INFO - Processed data for BNBUSDT: $654.35
2025-06-30 15:15:59,727 - INFO - Processed data for BNBUSDT: $654.35
2025-06-30 15:15:59,727 - INFO - Processed data for BTCUSDT: $107762.89
2025-06-30 15:15:59,728 - INFO - Processed data for BTCUSDT: $107762.89
2025-06-30 15:15:59,729 - INFO - Processed data for ETHUSDT: $2463.96
2025-06-30 15:15:59,730 - INFO - Processed data for ETHUSDT: $2463.96
2025-06-30 15:15:59,856 - INFO - Processed data for BNBUSDT: $654.35
2025-06-30 15:16:01,717 - INFO - Processed data for BTCUSDT: $107762.89
2025-06-30 15:16:01,717 - INFO - Processed data for ETHUSDT: $2464.06
2025-06-30 15:16:01,810 - INFO - Processed data for BNBUSDT: $654.34
2025-06-30 15:16:03,812 - INFO - Processed data for BTCUSDT: $107762.88
2025-06-30 15:16:03,813 - INFO - Processed data for ETHUSDT: $2464.18
2025-06-30 15:16:03,815 - INFO - Processed data for BNBUSDT: $654.35
2025-06-30 15:16:05,827 - INFO - Processed data for BTCUSDT: $107762.89
2025-06-30 15:16:05,828 - INFO - Processed data for ETHUSDT: $2464.18
2025-06-30 15:16:05,829 - INFO - Processed data for BNBUSDT: $654.35
2025-06-30 15:16:07,724 - INFO - Processed data for BTCUSDT: $107762.88
2025-06-30 15:16:07,725 - INFO - Processed data for ETHUSDT: $2464.19
2025-06-30 15:16:07,874 - INFO - Processed data for BNBUSDT: $654.34
2025-06-30 15:16:09,937 - INFO - Inserted BTCUSDT data into database
2025-06-30 15:16:09,938 - INFO - Processed data for BTCUSDT: $107762.88
2025-06-30 15:16:09,939 - INFO - Processed data for ETHUSDT: $2464.18
2025-06-30 15:16:09,940 - INFO - Processed data for BNBUSDT: $654.34
2025-06-30 15:16:11,717 - INFO - Processed data for BTCUSDT: $107762.89
2025-06-30 15:16:11,718 - INFO - Processed data for ETHUSDT: $2464.18
2025-06-30 15:16:11,814 - INFO - Processed data for BNBUSDT: $654.35
2025-06-30 15:16:13,742 - INFO - Processed data for BTCUSDT: $107762.88
2025-06-30 15:16:13,743 - INFO - Processed data for ETHUSDT: $2464.18
2025-06-30 15:16:13,848 - INFO - Processed data for BNBUSDT: $654.35
2025-06-30 15:16:15,721 - INFO - Processed data for BTCUSDT: $107762.88
2025-06-30 15:16:15,722 - INFO - Processed data for ETHUSDT: $2464.19
2025-06-30 15:16:15,807 - INFO - Processed data for BNBUSDT: $654.34
2025-06-30 15:16:17,807 - INFO - Processed data for BTCUSDT: $107762.88
2025-06-30 15:16:18,009 - INFO - Inserted ETHUSDT data into database
2025-06-30 15:16:18,009 - INFO - Processed data for ETHUSDT: $2464.12
2025-06-30 15:16:18,010 - INFO - Processed data for BNBUSDT: $654.34
2025-06-30 15:16:19,755 - INFO - Processed data for BTCUSDT: $107762.88
2025-06-30 15:16:19,758 - INFO - Processed data for ETHUSDT: $2464.12
2025-06-30 15:16:19,818 - INFO - Processed data for BNBUSDT: $654.35
2025-06-30 15:16:21,800 - INFO - Processed data for BTCUSDT: $107762.89
2025-06-30 15:16:21,801 - INFO - Processed data for ETHUSDT: $2464.12
2025-06-30 15:16:21,809 - INFO - Processed data for BNBUSDT: $654.35
2025-06-30 15:16:23,829 - INFO - Processed data for BTCUSDT: $107762.89
2025-06-30 15:16:23,830 - INFO - Processed data for ETHUSDT: $2464.12
2025-06-30 15:16:23,881 - INFO - Processed data for BNBUSDT: $654.35
2025-06-30 15:16:25,772 - INFO - Processed data for BTCUSDT: $107762.89
2025-06-30 15:16:25,774 - INFO - Processed data for ETHUSDT: $2464.11
2025-06-30 15:16:25,808 - INFO - Processed data for BNBUSDT: $654.34
2025-06-30 15:16:27,719 - INFO - Processed data for BTCUSDT: $107762.89
2025-06-30 15:16:27,721 - INFO - Processed data for ETHUSDT: $2464.12
2025-06-30 15:16:27,840 - INFO - Processed data for BNBUSDT: $654.34
2025-06-30 15:16:29,718 - INFO - Processed data for BTCUSDT: $107762.89
2025-06-30 15:16:29,720 - INFO - Processed data for ETHUSDT: $2464.12
2025-06-30 15:16:30,095 - INFO - Inserted BNBUSDT data into database
2025-06-30 15:16:30,096 - INFO - Processed data for BNBUSDT: $654.34
2025-06-30 15:16:31,724 - INFO - Processed data for BTCUSDT: $107762.89
2025-06-30 15:16:31,726 - INFO - Processed data for ETHUSDT: $2464.12
2025-06-30 15:16:31,811 - INFO - Processed data for BNBUSDT: $654.35
2025-06-30 15:16:33,720 - INFO - Processed data for BTCUSDT: $107762.89
2025-06-30 15:16:33,722 - INFO - Processed data for ETHUSDT: $2464.12
2025-06-30 15:16:33,837 - INFO - Processed data for BNBUSDT: $654.34
2025-06-30 15:16:35,729 - INFO - Processed data for BTCUSDT: $107762.88
2025-06-30 15:16:35,731 - INFO - Processed data for ETHUSDT: $2464.11
2025-06-30 15:16:35,818 - INFO - Processed data for BNBUSDT: $654.34
2025-06-30 15:16:37,778 - INFO - Processed data for BTCUSDT: $107762.89
2025-06-30 15:16:37,780 - INFO - Processed data for ETHUSDT: $2464.12
2025-06-30 15:16:37,810 - INFO - Processed data for BNBUSDT: $654.35
2025-06-30 15:16:39,829 - INFO - Processed data for BTCUSDT: $107762.88
2025-06-30 15:16:39,831 - INFO - Processed data for ETHUSDT: $2464.12
2025-06-30 15:16:39,855 - INFO - Processed data for BNBUSDT: $654.35
2025-06-30 15:16:41,737 - INFO - Processed data for BTCUSDT: $107762.88
2025-06-30 15:16:41,738 - INFO - Processed data for ETHUSDT: $2464.12
2025-06-30 15:16:41,821 - INFO - Processed data for BNBUSDT: $654.34
2025-06-30 15:16:43,737 - INFO - Processed data for BTCUSDT: $107762.88
2025-06-30 15:16:43,740 - INFO - Processed data for ETHUSDT: $2464.11
2025-06-30 15:16:43,821 - INFO - Processed data for BNBUSDT: $654.35
2025-06-30 15:16:45,718 - INFO - Processed data for BTCUSDT: $107762.89
2025-06-30 15:16:45,719 - INFO - Processed data for ETHUSDT: $2464.11
2025-06-30 15:16:45,818 - INFO - Processed data for BNBUSDT: $654.35
2025-06-30 15:16:47,809 - INFO - Processed data for BTCUSDT: $107762.88
2025-06-30 15:16:47,813 - INFO - Processed data for ETHUSDT: $2464.12
2025-06-30 15:16:47,838 - INFO - Processed data for BNBUSDT: $654.35
2025-06-30 15:16:49,775 - INFO - Processed data for BTCUSDT: $107762.89
2025-06-30 15:16:49,777 - INFO - Processed data for ETHUSDT: $2464.11
2025-06-30 15:16:51,805 - INFO - Processed data for BTCUSDT: $107762.89
2025-06-30 15:16:51,806 - INFO - Processed data for ETHUSDT: $2464.11
2025-06-30 15:16:51,844 - INFO - Processed data for BNBUSDT: $654.35
2025-06-30 15:16:53,750 - INFO - Processed data for BTCUSDT: $107762.89
2025-06-30 15:16:53,752 - INFO - Processed data for ETHUSDT: $2464.11
2025-06-30 15:16:53,810 - INFO - Processed data for BNBUSDT: $654.34
2025-06-30 15:16:55,833 - INFO - Processed data for BTCUSDT: $107762.89
2025-06-30 15:16:55,834 - INFO - Processed data for ETHUSDT: $2464.12
2025-06-30 15:16:55,835 - INFO - Processed data for BNBUSDT: $654.35
2025-06-30 15:16:57,745 - INFO - Processed data for BTCUSDT: $107762.89
2025-06-30 15:16:57,746 - INFO - Processed data for ETHUSDT: $2463.72
2025-06-30 15:16:57,806 - INFO - Processed data for BNBUSDT: $654.35
2025-06-30 15:16:59,789 - INFO - Processed data for BNBUSDT: $654.34
2025-06-30 15:16:59,790 - INFO - Processed data for BTCUSDT: $107753.00
2025-06-30 15:16:59,791 - INFO - Processed data for BTCUSDT: $107753.00
2025-06-30 15:16:59,791 - INFO - Processed data for ETHUSDT: $2463.71
2025-06-30 15:16:59,792 - INFO - Processed data for ETHUSDT: $2463.71
2025-06-30 15:16:59,826 - INFO - Processed data for BNBUSDT: $654.34
2025-06-30 15:17:01,739 - INFO - Processed data for BTCUSDT: $107752.71
2025-06-30 15:17:01,740 - INFO - Processed data for ETHUSDT: $2463.72
2025-06-30 15:17:01,806 - INFO - Processed data for BNBUSDT: $654.35
2025-06-30 15:17:03,801 - INFO - Processed data for BTCUSDT: $107748.15
2025-06-30 15:17:03,803 - INFO - Processed data for ETHUSDT: $2463.59
2025-06-30 15:17:05,730 - INFO - Processed data for BTCUSDT: $107748.15
2025-06-30 15:17:05,732 - INFO - Processed data for ETHUSDT: $2463.05
2025-06-30 15:17:05,826 - INFO - Processed data for BNBUSDT: $654.35
2025-06-30 15:17:07,779 - INFO - Processed data for BTCUSDT: $107748.15
2025-06-30 15:17:07,779 - INFO - Processed data for ETHUSDT: $2463.06
2025-06-30 15:17:07,838 - INFO - Processed data for BNBUSDT: $654.35
2025-06-30 15:17:11,260 - INFO - Inserted BTCUSDT data into database
2025-06-30 15:17:11,260 - INFO - Processed data for BTCUSDT: $107748.14
2025-06-30 15:17:11,262 - INFO - Processed data for ETHUSDT: $2463.06
2025-06-30 15:17:11,263 - INFO - Processed data for BNBUSDT: $654.35
2025-06-30 15:17:11,775 - INFO - Processed data for BTCUSDT: $107734.88
2025-06-30 15:17:11,776 - INFO - Processed data for ETHUSDT: $2462.58
2025-06-30 15:17:11,814 - INFO - Processed data for BNBUSDT: $654.33
2025-06-30 15:17:13,821 - INFO - Processed data for BTCUSDT: $107734.88
2025-06-30 15:17:13,822 - INFO - Processed data for ETHUSDT: $2462.44
2025-06-30 15:17:13,844 - INFO - Processed data for BNBUSDT: $654.32
2025-06-30 15:17:15,766 - INFO - Processed data for BTCUSDT: $107728.69
2025-06-30 15:17:15,766 - INFO - Processed data for ETHUSDT: $2462.44
2025-06-30 15:17:17,737 - INFO - Processed data for BTCUSDT: $107728.69
2025-06-30 15:17:17,740 - INFO - Processed data for ETHUSDT: $2462.44
2025-06-30 15:17:17,862 - INFO - Processed data for BNBUSDT: $654.32
2025-06-30 15:17:19,722 - INFO - Processed data for BTCUSDT: $107728.69
2025-06-30 15:17:19,820 - INFO - Processed data for BNBUSDT: $654.33
2025-06-30 15:17:21,715 - INFO - Processed data for BTCUSDT: $107728.70
2025-06-30 15:17:21,914 - INFO - Inserted ETHUSDT data into database
2025-06-30 15:17:21,914 - INFO - Processed data for ETHUSDT: $2462.44
2025-06-30 15:17:21,915 - INFO - Processed data for BNBUSDT: $654.32
2025-06-30 15:17:23,724 - INFO - Processed data for BTCUSDT: $107728.69
2025-06-30 15:17:23,725 - INFO - Processed data for ETHUSDT: $2462.44
2025-06-30 15:17:25,723 - INFO - Processed data for BTCUSDT: $107728.69
2025-06-30 15:17:25,827 - INFO - Processed data for BNBUSDT: $654.33
2025-06-30 15:17:27,756 - INFO - Processed data for BTCUSDT: $107728.70
2025-06-30 15:17:27,757 - INFO - Processed data for ETHUSDT: $2462.44
2025-06-30 15:17:27,811 - INFO - Processed data for BNBUSDT: $654.33
2025-06-30 15:17:29,729 - INFO - Processed data for BTCUSDT: $107730.52
2025-06-30 15:17:29,732 - INFO - Processed data for ETHUSDT: $2463.17
2025-06-30 15:17:29,814 - INFO - Processed data for BNBUSDT: $654.32
2025-06-30 15:17:31,724 - INFO - Processed data for BTCUSDT: $107730.52
2025-06-30 15:17:31,725 - INFO - Processed data for ETHUSDT: $2463.51
2025-06-30 15:17:33,732 - INFO - Processed data for ETHUSDT: $2463.51
2025-06-30 15:17:34,013 - INFO - Inserted BNBUSDT data into database
2025-06-30 15:17:34,013 - INFO - Processed data for BNBUSDT: $654.33
2025-06-30 15:17:36,292 - INFO - Processed data for BTCUSDT: $107730.52
2025-06-30 15:17:36,292 - INFO - Processed data for ETHUSDT: $2463.51
2025-06-30 15:17:36,293 - INFO - Processed data for BNBUSDT: $654.32
2025-06-30 15:17:37,757 - INFO - Processed data for BTCUSDT: $107730.52
2025-06-30 15:17:37,758 - INFO - Processed data for ETHUSDT: $2463.51
2025-06-30 15:17:38,156 - INFO - Processed data for BNBUSDT: $654.32
2025-06-30 15:17:39,721 - INFO - Processed data for BTCUSDT: $107730.52
2025-06-30 15:17:39,724 - INFO - Processed data for ETHUSDT: $2463.50
2025-06-30 15:17:39,817 - INFO - Processed data for BNBUSDT: $654.33
2025-06-30 15:17:41,722 - INFO - Processed data for BTCUSDT: $107730.52
2025-06-30 15:17:41,723 - INFO - Processed data for ETHUSDT: $2463.50
2025-06-30 15:17:41,837 - INFO - Processed data for BNBUSDT: $654.32
2025-06-30 15:17:43,716 - INFO - Processed data for BTCUSDT: $107730.53
2025-06-30 15:17:43,750 - INFO - Processed data for ETHUSDT: $2463.49
2025-06-30 15:17:46,301 - INFO - Processed data for BTCUSDT: $107730.53
2025-06-30 15:17:46,302 - INFO - Processed data for ETHUSDT: $2463.50
2025-06-30 15:17:46,302 - INFO - Processed data for BNBUSDT: $654.32
2025-06-30 15:17:47,819 - INFO - Processed data for BTCUSDT: $107730.52
2025-06-30 15:17:47,820 - INFO - Processed data for ETHUSDT: $2463.35
2025-06-30 15:17:47,849 - INFO - Processed data for BNBUSDT: $654.33
2025-06-30 15:17:49,790 - INFO - Processed data for BTCUSDT: $107730.53
2025-06-30 15:17:49,791 - INFO - Processed data for ETHUSDT: $2463.35
2025-06-30 15:17:49,808 - INFO - Processed data for BNBUSDT: $654.33
2025-06-30 15:17:52,321 - INFO - Processed data for BTCUSDT: $107730.52
2025-06-30 15:17:52,322 - INFO - Processed data for ETHUSDT: $2463.35
2025-06-30 15:17:52,322 - INFO - Processed data for BNBUSDT: $654.32
2025-06-30 15:17:53,722 - INFO - Processed data for BTCUSDT: $107730.52
2025-06-30 15:17:53,723 - INFO - Processed data for ETHUSDT: $2463.34
2025-06-30 15:17:54,165 - INFO - Processed data for BNBUSDT: $654.33
2025-06-30 15:17:55,732 - INFO - Processed data for BTCUSDT: $107730.52
2025-06-30 15:17:55,736 - INFO - Processed data for ETHUSDT: $2463.34
2025-06-30 15:17:56,132 - INFO - Processed data for BNBUSDT: $654.33
2025-06-30 15:17:57,728 - INFO - Processed data for BTCUSDT: $107732.93
2025-06-30 15:17:57,728 - INFO - Processed data for ETHUSDT: $2463.35
2025-06-30 15:17:57,835 - INFO - Processed data for BNBUSDT: $654.32
2025-06-30 15:17:59,798 - INFO - Processed data for BNBUSDT: $654.33
2025-06-30 15:17:59,800 - INFO - Processed data for BTCUSDT: $107759.99
2025-06-30 15:17:59,800 - INFO - Processed data for BTCUSDT: $107759.99
2025-06-30 15:17:59,801 - INFO - Processed data for ETHUSDT: $2464.08
2025-06-30 15:17:59,801 - INFO - Processed data for ETHUSDT: $2464.08
2025-06-30 15:17:59,807 - INFO - Processed data for BNBUSDT: $654.33
2025-06-30 15:18:01,748 - INFO - Processed data for BTCUSDT: $107763.47
2025-06-30 15:18:01,748 - INFO - Processed data for ETHUSDT: $2464.09
2025-06-30 15:18:01,837 - INFO - Processed data for BNBUSDT: $654.33
2025-06-30 15:18:03,794 - INFO - Processed data for BTCUSDT: $107763.47
2025-06-30 15:18:03,795 - INFO - Processed data for ETHUSDT: $2464.09
2025-06-30 15:18:05,744 - INFO - Processed data for BTCUSDT: $107763.46
2025-06-30 15:18:05,744 - INFO - Processed data for ETHUSDT: $2463.98
2025-06-30 15:18:05,819 - INFO - Processed data for BNBUSDT: $654.33
2025-06-30 15:18:07,757 - INFO - Processed data for BTCUSDT: $107763.47
2025-06-30 15:18:07,774 - INFO - Processed data for ETHUSDT: $2463.98
2025-06-30 15:18:07,854 - INFO - Processed data for BNBUSDT: $654.32
2025-06-30 15:18:09,840 - INFO - Processed data for BTCUSDT: $107763.46
2025-06-30 15:18:09,841 - INFO - Processed data for ETHUSDT: $2463.82
2025-06-30 15:18:09,842 - INFO - Processed data for BNBUSDT: $654.33
2025-06-30 15:18:11,922 - INFO - Inserted BTCUSDT data into database
2025-06-30 15:18:11,922 - INFO - Processed data for BTCUSDT: $107763.47
2025-06-30 15:18:11,923 - INFO - Processed data for ETHUSDT: $2463.82
2025-06-30 15:18:11,924 - INFO - Processed data for BNBUSDT: $654.32
2025-06-30 15:18:13,728 - INFO - Processed data for BTCUSDT: $107765.29
2025-06-30 15:18:13,730 - INFO - Processed data for ETHUSDT: $2463.82
2025-06-30 15:18:13,816 - INFO - Processed data for BNBUSDT: $654.32
2025-06-30 15:18:15,773 - INFO - Processed data for BTCUSDT: $107773.65
2025-06-30 15:18:15,774 - INFO - Processed data for ETHUSDT: $2464.06
2025-06-30 15:18:17,821 - INFO - Processed data for BTCUSDT: $107773.65
2025-06-30 15:18:17,823 - INFO - Processed data for ETHUSDT: $2464.06
2025-06-30 15:18:17,824 - INFO - Processed data for BNBUSDT: $654.32
2025-06-30 15:18:19,768 - INFO - Processed data for BTCUSDT: $107773.65
2025-06-30 15:18:19,771 - INFO - Processed data for ETHUSDT: $2464.07
2025-06-30 15:18:19,832 - INFO - Processed data for BNBUSDT: $654.33
2025-06-30 15:18:21,748 - INFO - Processed data for BTCUSDT: $107773.64
2025-06-30 15:18:21,960 - INFO - Inserted ETHUSDT data into database
2025-06-30 15:18:21,961 - INFO - Processed data for ETHUSDT: $2464.06
2025-06-30 15:18:21,962 - INFO - Processed data for BNBUSDT: $654.33
2025-06-30 15:18:24,291 - INFO - Processed data for BTCUSDT: $107773.65
2025-06-30 15:18:24,293 - INFO - Processed data for ETHUSDT: $2463.97
2025-06-30 15:18:24,293 - INFO - Processed data for BNBUSDT: $654.32
2025-06-30 15:18:25,755 - INFO - Processed data for BTCUSDT: $107773.64
2025-06-30 15:18:25,756 - INFO - Processed data for ETHUSDT: $2464.06
2025-06-30 15:18:27,738 - INFO - Processed data for BTCUSDT: $107783.24
2025-06-30 15:18:27,743 - INFO - Processed data for ETHUSDT: $2464.42
2025-06-30 15:18:27,809 - INFO - Processed data for BNBUSDT: $654.32
2025-06-30 15:18:29,738 - INFO - Processed data for BTCUSDT: $107783.24
2025-06-30 15:18:29,740 - INFO - Processed data for ETHUSDT: $2464.80
2025-06-30 15:18:29,816 - INFO - Processed data for BNBUSDT: $654.43
2025-06-30 15:18:31,747 - INFO - Processed data for BTCUSDT: $107783.24
2025-06-30 15:18:31,748 - INFO - Processed data for ETHUSDT: $2464.57
2025-06-30 15:18:31,818 - INFO - Processed data for BNBUSDT: $654.43
2025-06-30 15:18:33,798 - INFO - Processed data for BTCUSDT: $107783.24
2025-06-30 15:18:33,798 - INFO - Processed data for ETHUSDT: $2464.58
2025-06-30 15:18:33,812 - INFO - Processed data for BNBUSDT: $654.43
2025-06-30 15:18:35,746 - INFO - Processed data for BTCUSDT: $107783.24
2025-06-30 15:18:35,747 - INFO - Processed data for ETHUSDT: $2464.57
2025-06-30 15:18:36,007 - INFO - Inserted BNBUSDT data into database
2025-06-30 15:18:36,008 - INFO - Processed data for BNBUSDT: $654.44
2025-06-30 15:18:37,743 - INFO - Processed data for BTCUSDT: $107783.24
2025-06-30 15:18:37,743 - INFO - Processed data for ETHUSDT: $2464.36
2025-06-30 15:18:39,493 - INFO - Processed data for BNBUSDT: $654.43
2025-06-30 15:18:39,940 - INFO - Processed data for BTCUSDT: $107783.23
2025-06-30 15:18:39,942 - INFO - Processed data for ETHUSDT: $2464.36
2025-06-30 15:18:39,943 - INFO - Processed data for BNBUSDT: $654.44
2025-06-30 15:18:41,727 - INFO - Processed data for BTCUSDT: $107783.23
2025-06-30 15:18:41,728 - INFO - Processed data for ETHUSDT: $2464.38
2025-06-30 15:18:42,135 - INFO - Processed data for BNBUSDT: $654.43
2025-06-30 15:18:43,765 - INFO - Processed data for BTCUSDT: $107783.24
2025-06-30 15:18:43,766 - INFO - Processed data for ETHUSDT: $2464.38
2025-06-30 15:18:45,716 - INFO - Processed data for BTCUSDT: $107783.24
2025-06-30 15:18:45,717 - INFO - Processed data for ETHUSDT: $2464.47
2025-06-30 15:18:45,808 - INFO - Processed data for BNBUSDT: $654.44
2025-06-30 15:18:47,824 - INFO - Processed data for BTCUSDT: $107783.24
2025-06-30 15:18:47,825 - INFO - Processed data for ETHUSDT: $2464.47
2025-06-30 15:18:47,825 - INFO - Processed data for BNBUSDT: $654.44
2025-06-30 15:18:49,770 - INFO - Processed data for BTCUSDT: $107783.23
2025-06-30 15:18:49,772 - INFO - Processed data for ETHUSDT: $2464.46
2025-06-30 15:18:49,868 - INFO - Processed data for BNBUSDT: $654.44
2025-06-30 15:18:51,768 - INFO - Processed data for BTCUSDT: $107783.24
2025-06-30 15:18:51,768 - INFO - Processed data for ETHUSDT: $2464.47
2025-06-30 15:18:51,829 - INFO - Processed data for BNBUSDT: $654.44
2025-06-30 15:18:53,745 - INFO - Processed data for BTCUSDT: $107783.24
2025-06-30 15:18:55,619 - INFO - Processed data for ETHUSDT: $2464.47
2025-06-30 15:18:56,118 - INFO - Processed data for BTCUSDT: $107783.24
2025-06-30 15:18:56,120 - INFO - Processed data for BNBUSDT: $654.44
2025-06-30 15:18:57,717 - INFO - Processed data for BTCUSDT: $107783.23
2025-06-30 15:18:57,719 - INFO - Processed data for ETHUSDT: $2464.46
2025-06-30 15:18:57,821 - INFO - Processed data for BNBUSDT: $654.44
2025-06-30 15:18:59,805 - INFO - Processed data for BNBUSDT: $654.44
2025-06-30 15:18:59,806 - INFO - Processed data for BTCUSDT: $107783.23
2025-06-30 15:18:59,808 - INFO - Processed data for BTCUSDT: $107783.23
2025-06-30 15:19:00,203 - INFO - Processed data for ETHUSDT: $2464.47
2025-06-30 15:19:00,204 - INFO - Processed data for ETHUSDT: $2464.47
2025-06-30 15:19:00,205 - INFO - Processed data for BNBUSDT: $654.44
2025-06-30 15:19:01,853 - INFO - Processed data for BTCUSDT: $107783.24
2025-06-30 15:19:01,854 - INFO - Processed data for ETHUSDT: $2464.47
2025-06-30 15:19:01,855 - INFO - Processed data for BNBUSDT: $654.43
2025-06-30 15:19:03,798 - INFO - Processed data for BTCUSDT: $107783.23
2025-06-30 15:19:03,800 - INFO - Processed data for ETHUSDT: $2464.47
2025-06-30 15:19:03,808 - INFO - Processed data for BNBUSDT: $654.44
2025-06-30 15:19:05,747 - INFO - Processed data for BTCUSDT: $107783.24
2025-06-30 15:19:05,748 - INFO - Processed data for ETHUSDT: $2464.47
2025-06-30 15:19:05,830 - INFO - Processed data for BNBUSDT: $654.44
2025-06-30 15:19:07,733 - INFO - Processed data for BTCUSDT: $107783.23
2025-06-30 15:19:08,244 - INFO - Processed data for ETHUSDT: $2464.46
2025-06-30 15:19:08,245 - INFO - Processed data for BNBUSDT: $654.44
2025-06-30 15:19:09,749 - INFO - Processed data for BTCUSDT: $107783.24
2025-06-30 15:19:09,750 - INFO - Processed data for ETHUSDT: $2464.47
2025-06-30 15:19:10,281 - INFO - Processed data for BNBUSDT: $654.43
2025-06-30 15:19:12,092 - INFO - Inserted BTCUSDT data into database
2025-06-30 15:19:12,092 - INFO - Processed data for BTCUSDT: $107783.23
2025-06-30 15:19:12,093 - INFO - Processed data for ETHUSDT: $2464.46
2025-06-30 15:19:12,094 - INFO - Processed data for BNBUSDT: $654.44
2025-06-30 15:19:13,731 - INFO - Processed data for BTCUSDT: $107796.56
2025-06-30 15:19:13,732 - INFO - Processed data for ETHUSDT: $2464.80
2025-06-30 15:19:13,820 - INFO - Processed data for BNBUSDT: $654.43
2025-06-30 15:19:15,778 - INFO - Processed data for BTCUSDT: $107796.55
2025-06-30 15:19:15,780 - INFO - Processed data for ETHUSDT: $2464.80
2025-06-30 15:19:15,819 - INFO - Processed data for BNBUSDT: $654.44
2025-06-30 15:19:17,828 - INFO - Processed data for BTCUSDT: $107796.56
2025-06-30 15:19:17,829 - INFO - Processed data for ETHUSDT: $2464.81
2025-06-30 15:19:17,864 - INFO - Processed data for BNBUSDT: $654.43
2025-06-30 15:19:19,772 - INFO - Processed data for BTCUSDT: $107796.56
2025-06-30 15:19:19,773 - INFO - Processed data for ETHUSDT: $2464.81
2025-06-30 15:19:19,821 - INFO - Processed data for BNBUSDT: $654.43
2025-06-30 15:19:21,735 - INFO - Processed data for BTCUSDT: $107807.69
2025-06-30 15:19:23,074 - INFO - Inserted ETHUSDT data into database
2025-06-30 15:19:23,075 - INFO - Processed data for ETHUSDT: $2464.81
2025-06-30 15:19:23,713 - INFO - Processed data for BTCUSDT: $107807.69
2025-06-30 15:19:23,834 - INFO - Processed data for BNBUSDT: $654.44
2025-06-30 15:19:25,746 - INFO - Processed data for BTCUSDT: $107807.69
2025-06-30 15:19:25,747 - INFO - Processed data for ETHUSDT: $2465.00
2025-06-30 15:19:27,786 - INFO - Processed data for BTCUSDT: $107807.69
2025-06-30 15:19:27,787 - INFO - Processed data for ETHUSDT: $2465.14
2025-06-30 15:19:29,734 - INFO - Processed data for BTCUSDT: $107809.80
2025-06-30 15:19:29,735 - INFO - Processed data for ETHUSDT: $2465.15
2025-06-30 15:19:29,816 - INFO - Processed data for BNBUSDT: $654.44
2025-06-30 15:19:31,726 - INFO - Processed data for BTCUSDT: $107824.30
2025-06-30 15:19:31,728 - INFO - Processed data for ETHUSDT: $2464.96
2025-06-30 15:19:31,818 - INFO - Processed data for BNBUSDT: $654.43
2025-06-30 15:19:33,908 - INFO - Processed data for BTCUSDT: $107824.31
2025-06-30 15:19:33,909 - INFO - Processed data for ETHUSDT: $2464.84
2025-06-30 15:19:33,909 - INFO - Processed data for BNBUSDT: $654.44
2025-06-30 15:19:35,748 - INFO - Processed data for BTCUSDT: $107824.30
2025-06-30 15:19:35,749 - INFO - Processed data for ETHUSDT: $2464.82
2025-06-30 15:19:36,053 - INFO - Inserted BNBUSDT data into database
2025-06-30 15:19:36,054 - INFO - Processed data for BNBUSDT: $654.43
2025-06-30 15:19:37,795 - INFO - Processed data for BTCUSDT: $107824.30
2025-06-30 15:19:37,796 - INFO - Processed data for ETHUSDT: $2464.82
2025-06-30 15:19:37,805 - INFO - Processed data for BNBUSDT: $654.44
2025-06-30 15:19:39,741 - INFO - Processed data for BTCUSDT: $107824.30
2025-06-30 15:19:39,742 - INFO - Processed data for ETHUSDT: $2464.57
2025-06-30 15:19:39,816 - INFO - Processed data for BNBUSDT: $654.44
2025-06-30 15:19:41,789 - INFO - Processed data for BTCUSDT: $107824.30
2025-06-30 15:19:41,790 - INFO - Processed data for ETHUSDT: $2464.50
2025-06-30 15:19:41,806 - INFO - Processed data for BNBUSDT: $654.44
2025-06-30 15:19:43,734 - INFO - Processed data for BTCUSDT: $107810.18
2025-06-30 15:19:43,734 - INFO - Processed data for ETHUSDT: $2464.08
2025-06-30 15:19:45,728 - INFO - Processed data for BTCUSDT: $107810.18
2025-06-30 15:19:45,731 - INFO - Processed data for ETHUSDT: $2464.08
2025-06-30 15:19:47,730 - INFO - Processed data for BTCUSDT: $107810.17
2025-06-30 15:19:47,733 - INFO - Processed data for ETHUSDT: $2464.08
2025-06-30 15:19:47,808 - INFO - Processed data for BNBUSDT: $654.44
2025-06-30 15:19:49,776 - INFO - Processed data for BTCUSDT: $107810.17
2025-06-30 15:19:49,776 - INFO - Processed data for ETHUSDT: $2463.81
2025-06-30 15:19:49,829 - INFO - Processed data for BNBUSDT: $654.43
2025-06-30 15:19:51,731 - INFO - Processed data for BTCUSDT: $107810.18
2025-06-30 15:19:51,732 - INFO - Processed data for ETHUSDT: $2463.82
2025-06-30 15:19:51,913 - INFO - Processed data for BNBUSDT: $654.44
2025-06-30 15:19:53,769 - INFO - Processed data for BTCUSDT: $107810.17
2025-06-30 15:19:53,770 - INFO - Processed data for ETHUSDT: $2463.80
2025-06-30 15:19:53,805 - INFO - Processed data for BNBUSDT: $654.43
2025-06-30 15:19:55,818 - INFO - Processed data for BTCUSDT: $107810.18
2025-06-30 15:19:55,820 - INFO - Processed data for ETHUSDT: $2463.80
2025-06-30 15:19:55,821 - INFO - Processed data for BNBUSDT: $654.44
2025-06-30 15:19:57,764 - INFO - Processed data for BTCUSDT: $107810.17
2025-06-30 15:19:57,766 - INFO - Processed data for ETHUSDT: $2463.81
2025-06-30 15:19:59,814 - INFO - Processed data for BNBUSDT: $654.44
2025-06-30 15:19:59,817 - INFO - Processed data for BTCUSDT: $107810.17
2025-06-30 15:19:59,819 - INFO - Processed data for BTCUSDT: $107810.17
2025-06-30 15:19:59,822 - INFO - Processed data for ETHUSDT: $2463.81
2025-06-30 15:19:59,824 - INFO - Processed data for ETHUSDT: $2463.81
2025-06-30 15:19:59,826 - INFO - Processed data for BNBUSDT: $654.43
2025-06-30 15:20:01,720 - INFO - Processed data for BTCUSDT: $107810.18
2025-06-30 15:20:01,723 - INFO - Processed data for ETHUSDT: $2463.80
2025-06-30 15:20:01,804 - INFO - Processed data for BNBUSDT: $654.43
2025-06-30 15:20:03,720 - INFO - Processed data for BTCUSDT: $107810.18
2025-06-30 15:20:03,722 - INFO - Processed data for ETHUSDT: $2463.80
2025-06-30 15:20:03,909 - INFO - Processed data for BNBUSDT: $654.44
2025-06-30 15:20:05,748 - INFO - Processed data for BTCUSDT: $107810.18
2025-06-30 15:20:05,749 - INFO - Processed data for ETHUSDT: $2463.80
2025-06-30 15:20:05,837 - INFO - Processed data for BNBUSDT: $654.44
2025-06-30 15:20:07,737 - INFO - Processed data for BTCUSDT: $107810.17
2025-06-30 15:20:07,739 - INFO - Processed data for ETHUSDT: $2463.81
2025-06-30 15:20:07,852 - INFO - Processed data for BNBUSDT: $654.44
2025-06-30 15:20:09,720 - INFO - Processed data for BTCUSDT: $107810.17
2025-06-30 15:20:09,725 - INFO - Processed data for ETHUSDT: $2463.81
2025-06-30 15:20:09,848 - INFO - Processed data for BNBUSDT: $654.44
2025-06-30 15:20:12,099 - INFO - Inserted BTCUSDT data into database
2025-06-30 15:20:12,101 - INFO - Processed data for BTCUSDT: $107810.18
2025-06-30 15:20:12,104 - INFO - Processed data for ETHUSDT: $2463.80
2025-06-30 15:20:12,106 - INFO - Processed data for BNBUSDT: $654.44
2025-06-30 15:20:13,738 - INFO - Processed data for BTCUSDT: $107810.18
2025-06-30 15:20:13,739 - INFO - Processed data for ETHUSDT: $2463.80
2025-06-30 15:20:13,836 - INFO - Processed data for BNBUSDT: $654.44
2025-06-30 15:20:15,785 - INFO - Processed data for BTCUSDT: $107810.17
2025-06-30 15:20:15,786 - INFO - Processed data for ETHUSDT: $2463.80
2025-06-30 15:20:15,814 - INFO - Processed data for BNBUSDT: $654.43
2025-06-30 15:20:17,835 - INFO - Processed data for BTCUSDT: $107810.18
2025-06-30 15:20:17,838 - INFO - Processed data for ETHUSDT: $2463.80
2025-06-30 15:20:19,780 - INFO - Processed data for BTCUSDT: $107810.18
2025-06-30 15:20:19,781 - INFO - Processed data for ETHUSDT: $2463.81
2025-06-30 15:20:19,815 - INFO - Processed data for BNBUSDT: $654.44
2025-06-30 15:20:21,829 - INFO - Processed data for BTCUSDT: $107810.18
2025-06-30 15:20:21,832 - INFO - Processed data for ETHUSDT: $2464.32
2025-06-30 15:20:21,834 - INFO - Processed data for BNBUSDT: $654.44
2025-06-30 15:20:23,773 - INFO - Processed data for BTCUSDT: $107810.17
2025-06-30 15:20:23,975 - INFO - Inserted ETHUSDT data into database
2025-06-30 15:20:23,976 - INFO - Processed data for ETHUSDT: $2464.12
2025-06-30 15:20:23,979 - INFO - Processed data for BNBUSDT: $654.44
2025-06-30 15:20:25,822 - INFO - Processed data for BTCUSDT: $107810.17
2025-06-30 15:20:25,825 - INFO - Processed data for BNBUSDT: $654.43
2025-06-30 15:20:27,767 - INFO - Processed data for BTCUSDT: $107810.17
2025-06-30 15:20:27,768 - INFO - Processed data for ETHUSDT: $2464.11
2025-06-30 15:20:27,859 - INFO - Processed data for BNBUSDT: $654.44
2025-06-30 15:20:29,702 - INFO - Processed data for BTCUSDT: $107810.18
2025-06-30 15:20:29,721 - INFO - Processed data for ETHUSDT: $2464.11
2025-06-30 15:20:31,716 - INFO - Processed data for BTCUSDT: $107810.18
2025-06-30 15:20:31,816 - INFO - Processed data for BNBUSDT: $654.43
2025-06-30 15:20:33,786 - INFO - Processed data for BTCUSDT: $107810.17
2025-06-30 15:20:33,787 - INFO - Processed data for ETHUSDT: $2464.12
2025-06-30 15:20:33,816 - INFO - Processed data for BNBUSDT: $654.44
2025-06-30 15:20:35,753 - INFO - Processed data for BTCUSDT: $107810.17
2025-06-30 15:20:35,753 - INFO - Processed data for ETHUSDT: $2464.11
2025-06-30 15:20:35,807 - INFO - Processed data for BNBUSDT: $654.44
2025-06-30 15:20:37,802 - INFO - Processed data for BTCUSDT: $107810.17
2025-06-30 15:20:37,802 - INFO - Processed data for ETHUSDT: $2464.57
2025-06-30 15:20:38,108 - INFO - Inserted BNBUSDT data into database
2025-06-30 15:20:38,109 - INFO - Processed data for BNBUSDT: $654.44
2025-06-30 15:20:39,969 - INFO - Processed data for BTCUSDT: $107810.17
2025-06-30 15:20:39,969 - INFO - Processed data for ETHUSDT: $2464.57
2025-06-30 15:20:39,969 - INFO - Processed data for BNBUSDT: $654.44
2025-06-30 15:20:41,796 - INFO - Processed data for BTCUSDT: $107810.18
2025-06-30 15:20:41,798 - INFO - Processed data for ETHUSDT: $2464.57
2025-06-30 15:20:41,811 - INFO - Processed data for BNBUSDT: $654.44
2025-06-30 15:20:43,723 - INFO - Processed data for BTCUSDT: $107810.18
2025-06-30 15:20:43,724 - INFO - Processed data for ETHUSDT: $2464.56
2025-06-30 15:20:43,883 - INFO - Processed data for BNBUSDT: $654.44
2025-06-30 15:20:45,722 - INFO - Processed data for BTCUSDT: $107810.18
2025-06-30 15:20:45,723 - INFO - Processed data for ETHUSDT: $2464.56
2025-06-30 15:20:45,843 - INFO - Processed data for BNBUSDT: $654.44
2025-06-30 15:20:47,837 - INFO - Processed data for BTCUSDT: $107810.18
2025-06-30 15:20:47,837 - INFO - Processed data for BNBUSDT: $654.44
2025-06-30 15:20:49,715 - INFO - Processed data for BTCUSDT: $107811.74
2025-06-30 15:20:49,717 - INFO - Processed data for ETHUSDT: $2464.56
2025-06-30 15:20:49,808 - INFO - Processed data for BNBUSDT: $654.44
2025-06-30 15:20:51,749 - INFO - Processed data for BTCUSDT: $107820.19
2025-06-30 15:20:51,750 - INFO - Processed data for ETHUSDT: $2464.65
2025-06-30 15:20:51,840 - INFO - Processed data for BNBUSDT: $654.44
2025-06-30 15:20:53,736 - INFO - Processed data for BTCUSDT: $107820.71
2025-06-30 15:20:53,736 - INFO - Processed data for ETHUSDT: $2464.65
2025-06-30 15:20:53,796 - INFO - Processed data for BNBUSDT: $654.44
2025-06-30 15:20:55,722 - INFO - Processed data for BTCUSDT: $107820.71
2025-06-30 15:20:55,723 - INFO - Processed data for ETHUSDT: $2464.65
2025-06-30 15:20:55,806 - INFO - Processed data for BNBUSDT: $654.44
2025-06-30 15:20:57,770 - INFO - Processed data for BTCUSDT: $107820.72
2025-06-30 15:20:57,772 - INFO - Processed data for ETHUSDT: $2464.65
2025-06-30 15:20:59,818 - INFO - Processed data for BNBUSDT: $654.43
2025-06-30 15:20:59,819 - INFO - Processed data for BTCUSDT: $107820.72
2025-06-30 15:20:59,820 - INFO - Processed data for BTCUSDT: $107820.72
2025-06-30 15:20:59,820 - INFO - Processed data for ETHUSDT: $2464.65
2025-06-30 15:20:59,821 - INFO - Processed data for ETHUSDT: $2464.65
2025-06-30 15:20:59,826 - INFO - Processed data for BNBUSDT: $654.43
2025-06-30 15:21:01,765 - INFO - Processed data for BTCUSDT: $107820.71
2025-06-30 15:21:01,768 - INFO - Processed data for ETHUSDT: $2464.65
2025-06-30 15:21:01,808 - INFO - Processed data for BNBUSDT: $654.43
2025-06-30 15:21:03,806 - INFO - Processed data for BTCUSDT: $107820.71
2025-06-30 15:21:03,806 - INFO - Processed data for ETHUSDT: $2464.65
2025-06-30 15:21:03,806 - INFO - Processed data for BNBUSDT: $654.44
2025-06-30 15:21:05,756 - INFO - Processed data for BTCUSDT: $107820.71
2025-06-30 15:21:05,805 - INFO - Processed data for BNBUSDT: $654.44
2025-06-30 15:21:07,806 - INFO - Processed data for BTCUSDT: $107820.72
2025-06-30 15:21:07,806 - INFO - Processed data for ETHUSDT: $2464.65
2025-06-30 15:21:07,806 - INFO - Processed data for BNBUSDT: $654.44
2025-06-30 15:21:09,750 - INFO - Processed data for BTCUSDT: $107820.72
2025-06-30 15:21:09,752 - INFO - Processed data for ETHUSDT: $2464.65
2025-06-30 15:21:09,806 - INFO - Processed data for BNBUSDT: $654.43
2025-06-30 15:21:12,105 - INFO - Inserted BTCUSDT data into database
2025-06-30 15:21:12,105 - INFO - Processed data for BTCUSDT: $107820.72
2025-06-30 15:21:12,105 - INFO - Processed data for ETHUSDT: $2464.65
2025-06-30 15:21:12,105 - INFO - Processed data for BNBUSDT: $654.43
2025-06-30 15:21:13,844 - INFO - Processed data for BTCUSDT: $107820.72
2025-06-30 15:21:13,844 - INFO - Processed data for ETHUSDT: $2464.64
2025-06-30 15:21:13,844 - INFO - Processed data for BNBUSDT: $654.43
2025-06-30 15:21:15,779 - INFO - Processed data for BTCUSDT: $107820.72
2025-06-30 15:21:15,779 - INFO - Processed data for ETHUSDT: $2464.64
2025-06-30 15:21:15,799 - INFO - Processed data for BNBUSDT: $654.44
2025-06-30 15:21:17,737 - INFO - Processed data for BTCUSDT: $107820.71
2025-06-30 15:21:17,738 - INFO - Processed data for ETHUSDT: $2464.70
2025-06-30 15:21:17,826 - INFO - Processed data for BNBUSDT: $654.44
2025-06-30 15:21:19,738 - INFO - Processed data for BTCUSDT: $107822.69
2025-06-30 15:21:19,738 - INFO - Processed data for ETHUSDT: $2464.69
2025-06-30 15:21:21,732 - INFO - Processed data for BTCUSDT: $107822.69
2025-06-30 15:21:21,738 - INFO - Processed data for ETHUSDT: $2464.70
2025-06-30 15:21:21,805 - INFO - Processed data for BNBUSDT: $654.44
2025-06-30 15:21:23,781 - INFO - Processed data for BTCUSDT: $107822.69
2025-06-30 15:21:24,079 - INFO - Inserted ETHUSDT data into database
2025-06-30 15:21:24,079 - INFO - Processed data for ETHUSDT: $2464.70
2025-06-30 15:21:24,079 - INFO - Processed data for BNBUSDT: $654.43
2025-06-30 15:21:25,720 - INFO - Processed data for BTCUSDT: $107822.70
2025-06-30 15:21:25,720 - INFO - Processed data for ETHUSDT: $2464.69
2025-06-30 15:21:27,762 - INFO - Processed data for BTCUSDT: $107822.70
2025-06-30 15:21:27,810 - INFO - Processed data for BNBUSDT: $654.44
2025-06-30 15:21:29,722 - INFO - Processed data for BTCUSDT: $107822.69
2025-06-30 15:21:29,723 - INFO - Processed data for ETHUSDT: $2464.70
2025-06-30 15:21:29,808 - INFO - Processed data for BNBUSDT: $654.44
2025-06-30 15:21:31,719 - INFO - Processed data for BTCUSDT: $107822.70
2025-06-30 15:21:31,719 - INFO - Processed data for ETHUSDT: $2464.69
2025-06-30 15:21:31,795 - INFO - Processed data for BNBUSDT: $654.43
2025-06-30 15:21:33,721 - INFO - Processed data for BTCUSDT: $107822.69
2025-06-30 15:21:33,721 - INFO - Processed data for ETHUSDT: $2464.17
2025-06-30 15:21:33,812 - INFO - Processed data for BNBUSDT: $654.44
2025-06-30 15:21:35,761 - INFO - Processed data for BTCUSDT: $107822.69
2025-06-30 15:21:35,762 - INFO - Processed data for ETHUSDT: $2464.18
2025-06-30 15:21:35,812 - INFO - Processed data for BNBUSDT: $654.44
2025-06-30 15:21:37,808 - INFO - Processed data for BTCUSDT: $107813.19
2025-06-30 15:21:37,809 - INFO - Processed data for ETHUSDT: $2463.65
2025-06-30 15:21:38,115 - INFO - Inserted BNBUSDT data into database
2025-06-30 15:21:38,115 - INFO - Processed data for BNBUSDT: $654.44
2025-06-30 15:21:39,731 - INFO - Processed data for BTCUSDT: $107813.19
2025-06-30 15:21:39,731 - INFO - Processed data for ETHUSDT: $2463.63
2025-06-30 15:21:39,816 - INFO - Processed data for BNBUSDT: $654.44
2025-06-30 15:21:41,802 - INFO - Processed data for BTCUSDT: $107813.18
2025-06-30 15:21:41,802 - INFO - Processed data for ETHUSDT: $2463.63
2025-06-30 15:21:43,748 - INFO - Processed data for BTCUSDT: $107813.18
2025-06-30 15:21:43,750 - INFO - Processed data for ETHUSDT: $2463.64
2025-06-30 15:21:43,813 - INFO - Processed data for BNBUSDT: $654.43
2025-06-30 15:21:45,754 - INFO - Processed data for BTCUSDT: $107805.03
2025-06-30 15:21:45,755 - INFO - Processed data for ETHUSDT: $2463.15
2025-06-30 15:21:45,806 - INFO - Processed data for BNBUSDT: $654.43
2025-06-30 15:21:47,741 - INFO - Processed data for BTCUSDT: $107805.02
2025-06-30 15:21:47,742 - INFO - Processed data for ETHUSDT: $2463.15
2025-06-30 15:21:49,777 - INFO - Processed data for BTCUSDT: $107805.03
2025-06-30 15:21:49,777 - INFO - Processed data for ETHUSDT: $2463.15
2025-06-30 15:21:49,810 - INFO - Processed data for BNBUSDT: $654.44
2025-06-30 15:21:51,724 - INFO - Processed data for BTCUSDT: $107805.03
2025-06-30 15:21:51,724 - INFO - Processed data for ETHUSDT: $2463.14
2025-06-30 15:21:55,000 - INFO - Processed data for BTCUSDT: $107805.03
2025-06-30 15:21:55,001 - INFO - Processed data for ETHUSDT: $2463.15
2025-06-30 15:21:55,719 - INFO - Processed data for BTCUSDT: $107805.03
2025-06-30 15:21:55,729 - INFO - Processed data for ETHUSDT: $2463.15
2025-06-30 15:21:55,809 - INFO - Processed data for BNBUSDT: $654.44
2025-06-30 15:21:57,781 - INFO - Processed data for BTCUSDT: $107805.02
2025-06-30 15:21:57,782 - INFO - Processed data for ETHUSDT: $2463.15
2025-06-30 15:21:59,814 - INFO - Processed data for BNBUSDT: $654.44
2025-06-30 15:21:59,814 - INFO - Processed data for BTCUSDT: $107805.02
2025-06-30 15:21:59,830 - INFO - Processed data for BTCUSDT: $107805.02
2025-06-30 15:21:59,830 - INFO - Processed data for ETHUSDT: $2463.15
2025-06-30 15:21:59,830 - INFO - Processed data for ETHUSDT: $2463.15
2025-06-30 15:21:59,830 - INFO - Processed data for BNBUSDT: $654.44
2025-06-30 15:22:01,770 - INFO - Processed data for BTCUSDT: $107805.02
2025-06-30 15:22:01,770 - INFO - Processed data for ETHUSDT: $2463.15
2025-06-30 15:22:01,813 - INFO - Processed data for BNBUSDT: $654.44
2025-06-30 15:22:03,813 - INFO - Processed data for BTCUSDT: $107805.02
2025-06-30 15:22:03,813 - INFO - Processed data for ETHUSDT: $2463.15
2025-06-30 15:22:03,825 - INFO - Processed data for BNBUSDT: $654.43
2025-06-30 15:22:05,860 - INFO - Processed data for BTCUSDT: $107805.02
2025-06-30 15:22:05,860 - INFO - Processed data for ETHUSDT: $2463.14
2025-06-30 15:22:05,860 - INFO - Processed data for BNBUSDT: $654.44
2025-06-30 15:22:07,811 - INFO - Processed data for BTCUSDT: $107805.03
2025-06-30 15:22:07,813 - INFO - Processed data for ETHUSDT: $2463.15
2025-06-30 15:22:07,815 - INFO - Processed data for BNBUSDT: $654.44
2025-06-30 15:22:09,759 - INFO - Processed data for BTCUSDT: $107805.03
2025-06-30 15:22:09,760 - INFO - Processed data for ETHUSDT: $2463.07
2025-06-30 15:22:09,816 - INFO - Processed data for BNBUSDT: $654.44
2025-06-30 15:22:12,110 - INFO - Inserted BTCUSDT data into database
2025-06-30 15:22:12,111 - INFO - Processed data for BTCUSDT: $107805.02
2025-06-30 15:22:12,114 - INFO - Processed data for ETHUSDT: $2463.07
2025-06-30 15:22:12,116 - INFO - Processed data for BNBUSDT: $654.44
2025-06-30 15:22:13,853 - INFO - Processed data for BTCUSDT: $107805.02
2025-06-30 15:22:13,854 - INFO - Processed data for ETHUSDT: $2463.07
2025-06-30 15:22:13,855 - INFO - Processed data for BNBUSDT: $654.44
2025-06-30 15:22:15,719 - INFO - Processed data for BTCUSDT: $107805.03
2025-06-30 15:22:15,719 - INFO - Processed data for ETHUSDT: $2463.06
2025-06-30 15:22:15,805 - INFO - Processed data for BNBUSDT: $654.43
2025-06-30 15:22:17,719 - INFO - Processed data for BTCUSDT: $107805.02
2025-06-30 15:22:17,721 - INFO - Processed data for ETHUSDT: $2463.07
2025-06-30 15:22:17,951 - INFO - Processed data for BNBUSDT: $654.44
2025-06-30 15:22:19,719 - INFO - Processed data for BTCUSDT: $107805.02
2025-06-30 15:22:19,723 - INFO - Processed data for ETHUSDT: $2463.06
2025-06-30 15:22:19,806 - INFO - Processed data for BNBUSDT: $654.44
2025-06-30 15:22:21,744 - INFO - Processed data for BTCUSDT: $107805.02
2025-06-30 15:22:21,746 - INFO - Processed data for ETHUSDT: $2463.07
2025-06-30 15:22:21,827 - INFO - Processed data for BNBUSDT: $654.43
2025-06-30 15:22:23,782 - INFO - Processed data for BTCUSDT: $107805.02
2025-06-30 15:22:24,079 - INFO - Inserted ETHUSDT data into database
2025-06-30 15:22:24,079 - INFO - Processed data for ETHUSDT: $2463.06
2025-06-30 15:22:24,095 - INFO - Processed data for BNBUSDT: $654.43
2025-06-30 15:22:25,720 - INFO - Processed data for BTCUSDT: $107805.02
2025-06-30 15:22:25,720 - INFO - Processed data for ETHUSDT: $2463.20
2025-06-30 15:22:25,798 - INFO - Processed data for BNBUSDT: $654.44
2025-06-30 15:22:27,781 - INFO - Processed data for BTCUSDT: $107805.02
2025-06-30 15:22:27,782 - INFO - Processed data for ETHUSDT: $2463.19
2025-06-30 15:22:27,814 - INFO - Processed data for BNBUSDT: $654.43
2025-06-30 15:22:29,724 - INFO - Processed data for BTCUSDT: $107805.03
2025-06-30 15:22:29,724 - INFO - Processed data for ETHUSDT: $2463.20
2025-06-30 15:22:29,810 - INFO - Processed data for BNBUSDT: $654.44
2025-06-30 15:22:31,736 - INFO - Processed data for BTCUSDT: $107805.03
2025-06-30 15:22:31,736 - INFO - Processed data for ETHUSDT: $2463.20
2025-06-30 15:22:33,713 - INFO - Processed data for BTCUSDT: $107805.02
2025-06-30 15:22:33,713 - INFO - Processed data for ETHUSDT: $2462.76
2025-06-30 15:22:33,807 - INFO - Processed data for BNBUSDT: $654.44
2025-06-30 15:22:35,768 - INFO - Processed data for BTCUSDT: $107805.00
2025-06-30 15:22:35,769 - INFO - Processed data for ETHUSDT: $2462.66
2025-06-30 15:22:35,808 - INFO - Processed data for BNBUSDT: $654.43
2025-06-30 15:22:37,724 - INFO - Processed data for BTCUSDT: $107804.99
2025-06-30 15:22:37,724 - INFO - Processed data for ETHUSDT: $2462.66
2025-06-30 15:22:38,123 - INFO - Inserted BNBUSDT data into database
2025-06-30 15:22:38,123 - INFO - Processed data for BNBUSDT: $654.44
2025-06-30 15:22:39,858 - INFO - Processed data for BTCUSDT: $107804.99
2025-06-30 15:22:39,858 - INFO - Processed data for ETHUSDT: $2462.67
2025-06-30 15:22:39,858 - INFO - Processed data for BNBUSDT: $654.43
2025-06-30 15:22:41,807 - INFO - Processed data for BTCUSDT: $107805.00
2025-06-30 15:22:41,807 - INFO - Processed data for ETHUSDT: $2462.67
2025-06-30 15:22:41,858 - INFO - Processed data for BNBUSDT: $654.43
2025-06-30 15:22:43,755 - INFO - Processed data for BTCUSDT: $107805.00
2025-06-30 15:22:43,756 - INFO - Processed data for ETHUSDT: $2462.69
2025-06-30 15:22:45,799 - INFO - Processed data for BTCUSDT: $107804.99
2025-06-30 15:22:45,799 - INFO - Processed data for ETHUSDT: $2462.69
2025-06-30 15:22:45,799 - INFO - Processed data for BNBUSDT: $654.43
2025-06-30 15:22:47,736 - INFO - Processed data for BTCUSDT: $107805.00
2025-06-30 15:22:47,736 - INFO - Processed data for ETHUSDT: $2462.69
2025-06-30 15:22:47,813 - INFO - Processed data for BNBUSDT: $654.44
2025-06-30 15:22:49,707 - INFO - Processed data for BTCUSDT: $107804.99
2025-06-30 15:22:49,707 - INFO - Processed data for ETHUSDT: $2462.69
2025-06-30 15:22:49,893 - INFO - Processed data for BNBUSDT: $654.44
2025-06-30 15:22:51,845 - INFO - Processed data for BTCUSDT: $107804.99
2025-06-30 15:22:51,845 - INFO - Processed data for ETHUSDT: $2462.70
2025-06-30 15:22:51,847 - INFO - Processed data for BNBUSDT: $654.44
2025-06-30 15:22:53,793 - INFO - Processed data for BTCUSDT: $107804.99
2025-06-30 15:22:53,793 - INFO - Processed data for ETHUSDT: $2462.69
2025-06-30 15:22:53,830 - INFO - Processed data for BNBUSDT: $654.43
2025-06-30 15:22:55,736 - INFO - Processed data for BTCUSDT: $107804.99
2025-06-30 15:22:55,736 - INFO - Processed data for ETHUSDT: $2462.70
2025-06-30 15:22:55,940 - INFO - Processed data for BNBUSDT: $654.44
2025-06-30 15:22:57,887 - INFO - Processed data for BTCUSDT: $107805.00
2025-06-30 15:22:57,889 - INFO - Processed data for ETHUSDT: $2462.69
2025-06-30 15:22:57,892 - INFO - Processed data for BNBUSDT: $654.44
2025-06-30 15:22:59,720 - INFO - Processed data for BNBUSDT: $654.44
2025-06-30 15:22:59,720 - INFO - Processed data for BTCUSDT: $107804.99
2025-06-30 15:22:59,720 - INFO - Processed data for BTCUSDT: $107804.99
2025-06-30 15:22:59,720 - INFO - Processed data for ETHUSDT: $2462.70
2025-06-30 15:22:59,720 - INFO - Processed data for ETHUSDT: $2462.70
2025-06-30 15:22:59,797 - INFO - Processed data for BNBUSDT: $654.44
2025-06-30 15:23:01,714 - INFO - Processed data for BTCUSDT: $107804.99
2025-06-30 15:23:01,714 - INFO - Processed data for ETHUSDT: $2462.71
2025-06-30 15:23:01,796 - INFO - Processed data for BNBUSDT: $654.42
2025-06-30 15:23:03,825 - INFO - Processed data for BTCUSDT: $107804.99
2025-06-30 15:23:03,825 - INFO - Processed data for ETHUSDT: $2462.70
2025-06-30 15:23:05,771 - INFO - Processed data for BTCUSDT: $107805.00
2025-06-30 15:23:05,772 - INFO - Processed data for ETHUSDT: $2462.70
2025-06-30 15:23:05,806 - INFO - Processed data for BNBUSDT: $654.41
2025-06-30 15:23:07,820 - INFO - Processed data for BTCUSDT: $107785.40
2025-06-30 15:23:07,822 - INFO - Processed data for ETHUSDT: $2461.79
2025-06-30 15:23:07,824 - INFO - Processed data for BNBUSDT: $654.25
2025-06-30 15:23:09,764 - INFO - Processed data for BTCUSDT: $107785.39
2025-06-30 15:23:09,765 - INFO - Processed data for ETHUSDT: $2461.79
2025-06-30 15:23:09,806 - INFO - Processed data for BNBUSDT: $654.25
2025-06-30 15:23:11,809 - INFO - Processed data for BTCUSDT: $107763.46
2025-06-30 15:23:11,809 - INFO - Processed data for ETHUSDT: $2461.22
2025-06-30 15:23:11,816 - INFO - Processed data for BNBUSDT: $654.19
2025-06-30 15:23:13,957 - INFO - Inserted BTCUSDT data into database
2025-06-30 15:23:13,958 - INFO - Processed data for BTCUSDT: $107763.47
2025-06-30 15:23:13,961 - INFO - Processed data for ETHUSDT: $2461.22
2025-06-30 15:23:13,963 - INFO - Processed data for BNBUSDT: $654.15
2025-06-30 15:23:15,807 - INFO - Processed data for BTCUSDT: $107763.47
2025-06-30 15:23:15,807 - INFO - Processed data for ETHUSDT: $2461.23
2025-06-30 15:23:15,812 - INFO - Processed data for BNBUSDT: $654.16
2025-06-30 15:23:17,747 - INFO - Processed data for BTCUSDT: $107763.46
2025-06-30 15:23:17,747 - INFO - Processed data for ETHUSDT: $2461.20
2025-06-30 15:23:17,795 - INFO - Processed data for BNBUSDT: $654.16
2025-06-30 15:23:19,792 - INFO - Processed data for BTCUSDT: $107763.47
2025-06-30 15:23:19,792 - INFO - Processed data for ETHUSDT: $2461.20
2025-06-30 15:23:19,846 - INFO - Processed data for BNBUSDT: $654.15
2025-06-30 15:23:21,744 - INFO - Processed data for BTCUSDT: $107763.46
2025-06-30 15:23:21,745 - INFO - Processed data for ETHUSDT: $2461.19
2025-06-30 15:23:21,809 - INFO - Processed data for BNBUSDT: $654.16
2025-06-30 15:23:23,781 - INFO - Processed data for BTCUSDT: $107763.46
2025-06-30 15:23:23,781 - INFO - Processed data for ETHUSDT: $2461.19
2025-06-30 15:23:23,798 - INFO - Processed data for BNBUSDT: $654.16
2025-06-30 15:23:25,740 - INFO - Processed data for BTCUSDT: $107763.47
2025-06-30 15:23:26,046 - INFO - Inserted ETHUSDT data into database
2025-06-30 15:23:26,046 - INFO - Processed data for ETHUSDT: $2461.57
2025-06-30 15:23:27,956 - INFO - Processed data for BTCUSDT: $107763.47
2025-06-30 15:23:27,956 - INFO - Processed data for ETHUSDT: $2461.58
2025-06-30 15:23:27,956 - INFO - Processed data for BNBUSDT: $654.15
2025-06-30 15:23:29,706 - INFO - Processed data for BTCUSDT: $107763.46
2025-06-30 15:23:29,706 - INFO - Processed data for ETHUSDT: $2461.58
2025-06-30 15:23:29,799 - INFO - Processed data for BNBUSDT: $654.15
2025-06-30 15:23:31,719 - INFO - Processed data for BTCUSDT: $107735.31
2025-06-30 15:23:31,719 - INFO - Processed data for ETHUSDT: $2461.19
2025-06-30 15:23:31,827 - INFO - Processed data for BNBUSDT: $654.10
2025-06-30 15:23:33,826 - INFO - Processed data for BTCUSDT: $107735.31
2025-06-30 15:23:33,826 - INFO - Processed data for ETHUSDT: $2461.19
2025-06-30 15:23:33,826 - INFO - Processed data for BNBUSDT: $654.11
2025-06-30 15:23:35,773 - INFO - Processed data for BTCUSDT: $107735.31
2025-06-30 15:23:35,775 - INFO - Processed data for ETHUSDT: $2461.08
2025-06-30 15:23:35,809 - INFO - Processed data for BNBUSDT: $654.08
2025-06-30 15:23:37,815 - INFO - Processed data for BTCUSDT: $107717.28
2025-06-30 15:23:37,815 - INFO - Processed data for ETHUSDT: $2460.73
2025-06-30 15:23:37,815 - INFO - Processed data for BNBUSDT: $654.08
2025-06-30 15:23:39,769 - INFO - Processed data for BTCUSDT: $107714.56
2025-06-30 15:23:39,769 - INFO - Processed data for ETHUSDT: $2460.54
2025-06-30 15:23:41,815 - INFO - Processed data for BTCUSDT: $107677.61
2025-06-30 15:23:41,815 - INFO - Processed data for ETHUSDT: $2459.82
2025-06-30 15:23:42,109 - INFO - Inserted BNBUSDT data into database
2025-06-30 15:23:42,109 - INFO - Processed data for BNBUSDT: $654.06
2025-06-30 15:23:43,762 - INFO - Processed data for BTCUSDT: $107677.62
2025-06-30 15:23:43,764 - INFO - Processed data for ETHUSDT: $2459.82
2025-06-30 15:23:43,815 - INFO - Processed data for BNBUSDT: $653.99
2025-06-30 15:23:45,712 - INFO - Processed data for BTCUSDT: $107677.61
2025-06-30 15:23:45,713 - INFO - Processed data for ETHUSDT: $2460.10
2025-06-30 15:23:45,814 - INFO - Processed data for BNBUSDT: $653.99
2025-06-30 15:23:47,754 - INFO - Processed data for BTCUSDT: $107677.62
2025-06-30 15:23:47,756 - INFO - Processed data for ETHUSDT: $2460.35
2025-06-30 15:23:47,830 - INFO - Processed data for BNBUSDT: $654.00
2025-06-30 15:23:49,791 - INFO - Processed data for BTCUSDT: $107677.61
2025-06-30 15:23:49,807 - INFO - Processed data for ETHUSDT: $2460.36
2025-06-30 15:23:49,807 - INFO - Processed data for BNBUSDT: $654.00
2025-06-30 15:23:51,726 - INFO - Processed data for BTCUSDT: $107677.62
2025-06-30 15:23:51,726 - INFO - Processed data for ETHUSDT: $2460.37
2025-06-30 15:23:51,811 - INFO - Processed data for BNBUSDT: $653.99
2025-06-30 15:23:53,783 - INFO - Processed data for BTCUSDT: $107677.61
2025-06-30 15:23:53,783 - INFO - Processed data for ETHUSDT: $2460.36
2025-06-30 15:23:55,735 - INFO - Processed data for BTCUSDT: $107677.62
2025-06-30 15:23:55,735 - INFO - Processed data for ETHUSDT: $2460.36
2025-06-30 15:23:55,795 - INFO - Processed data for BNBUSDT: $654.00
2025-06-30 15:23:57,789 - INFO - Processed data for BTCUSDT: $107677.62
2025-06-30 15:23:57,790 - INFO - Processed data for ETHUSDT: $2460.37
2025-06-30 15:23:57,805 - INFO - Processed data for BNBUSDT: $654.00
2025-06-30 15:23:59,735 - INFO - Processed data for BNBUSDT: $654.00
2025-06-30 15:23:59,735 - INFO - Processed data for BTCUSDT: $107677.62
2025-06-30 15:23:59,735 - INFO - Processed data for BTCUSDT: $107677.62
2025-06-30 15:23:59,742 - INFO - Processed data for ETHUSDT: $2460.37
2025-06-30 15:23:59,742 - INFO - Processed data for ETHUSDT: $2460.37
2025-06-30 15:23:59,828 - INFO - Processed data for BNBUSDT: $654.00
2025-06-30 15:24:01,784 - INFO - Processed data for BTCUSDT: $107677.62
2025-06-30 15:24:01,786 - INFO - Processed data for ETHUSDT: $2460.37
2025-06-30 15:24:01,847 - INFO - Processed data for BNBUSDT: $653.99
2025-06-30 15:24:03,713 - INFO - Processed data for BTCUSDT: $107677.62
2025-06-30 15:24:03,716 - INFO - Processed data for ETHUSDT: $2460.59
2025-06-30 15:24:03,806 - INFO - Processed data for BNBUSDT: $654.00
2025-06-30 15:24:05,708 - INFO - Processed data for BTCUSDT: $107677.61
2025-06-30 15:24:05,708 - INFO - Processed data for ETHUSDT: $2460.58
2025-06-30 15:24:05,871 - INFO - Processed data for BNBUSDT: $653.99
2025-06-30 15:24:07,826 - INFO - Processed data for BTCUSDT: $107677.62
2025-06-30 15:24:07,827 - INFO - Processed data for ETHUSDT: $2460.58
2025-06-30 15:24:07,828 - INFO - Processed data for BNBUSDT: $654.00
2025-06-30 15:24:09,770 - INFO - Processed data for BTCUSDT: $107691.06
2025-06-30 15:24:09,771 - INFO - Processed data for ETHUSDT: $2460.68
2025-06-30 15:24:09,806 - INFO - Processed data for BNBUSDT: $654.00
2025-06-30 15:24:11,807 - INFO - Processed data for BTCUSDT: $107705.45
2025-06-30 15:24:11,807 - INFO - Processed data for ETHUSDT: $2461.07
2025-06-30 15:24:11,822 - INFO - Processed data for BNBUSDT: $654.00
2025-06-30 15:24:14,071 - INFO - Inserted BTCUSDT data into database
2025-06-30 15:24:14,073 - INFO - Processed data for BTCUSDT: $107705.44
2025-06-30 15:24:14,075 - INFO - Processed data for ETHUSDT: $2461.07
2025-06-30 15:24:14,078 - INFO - Processed data for BNBUSDT: $653.99
2025-06-30 15:24:15,916 - INFO - Processed data for BTCUSDT: $107705.44
2025-06-30 15:24:15,919 - INFO - Processed data for ETHUSDT: $2461.07
2025-06-30 15:24:15,921 - INFO - Processed data for BNBUSDT: $654.00
2025-06-30 15:24:17,758 - INFO - Processed data for BTCUSDT: $107705.44
2025-06-30 15:24:17,759 - INFO - Processed data for ETHUSDT: $2461.06
2025-06-30 15:24:17,798 - INFO - Processed data for BNBUSDT: $653.99
2025-06-30 15:24:19,807 - INFO - Processed data for BTCUSDT: $107705.45
2025-06-30 15:24:19,807 - INFO - Processed data for ETHUSDT: $2461.07
2025-06-30 15:24:19,856 - INFO - Processed data for BNBUSDT: $654.00
2025-06-30 15:24:21,751 - INFO - Processed data for BTCUSDT: $107705.45
2025-06-30 15:24:21,752 - INFO - Processed data for ETHUSDT: $2461.07
2025-06-30 15:24:21,793 - INFO - Processed data for BNBUSDT: $653.99
2025-06-30 15:24:23,800 - INFO - Processed data for BTCUSDT: $107705.45
2025-06-30 15:24:23,801 - INFO - Processed data for ETHUSDT: $2461.06
2025-06-30 15:24:23,803 - INFO - Processed data for BNBUSDT: $654.00
2025-06-30 15:24:25,746 - INFO - Processed data for BTCUSDT: $107705.44
2025-06-30 15:24:25,938 - INFO - Inserted ETHUSDT data into database
2025-06-30 15:24:25,938 - INFO - Processed data for ETHUSDT: $2461.06
2025-06-30 15:24:25,938 - INFO - Processed data for BNBUSDT: $653.99
2025-06-30 15:24:27,781 - INFO - Processed data for BTCUSDT: $107705.45
2025-06-30 15:24:27,797 - INFO - Processed data for ETHUSDT: $2461.07
2025-06-30 15:24:27,797 - INFO - Processed data for BNBUSDT: $653.99
2025-06-30 15:24:29,706 - INFO - Processed data for BTCUSDT: $107705.45
2025-06-30 15:24:29,715 - INFO - Processed data for ETHUSDT: $2461.07
2025-06-30 15:24:29,801 - INFO - Processed data for BNBUSDT: $654.00
2025-06-30 15:24:31,726 - INFO - Processed data for BTCUSDT: $107709.51
2025-06-30 15:24:31,726 - INFO - Processed data for ETHUSDT: $2461.07
2025-06-30 15:24:31,808 - INFO - Processed data for BNBUSDT: $653.99
2025-06-30 15:24:33,835 - INFO - Processed data for BTCUSDT: $107719.99
2025-06-30 15:24:33,835 - INFO - Processed data for ETHUSDT: $2461.67
2025-06-30 15:24:33,835 - INFO - Processed data for BNBUSDT: $654.00
2025-06-30 15:24:35,782 - INFO - Processed data for BTCUSDT: $107720.00
2025-06-30 15:24:35,783 - INFO - Processed data for ETHUSDT: $2461.66
2025-06-30 15:24:35,827 - INFO - Processed data for BNBUSDT: $654.00
2025-06-30 15:24:37,828 - INFO - Processed data for BTCUSDT: $107720.00
2025-06-30 15:24:37,828 - INFO - Processed data for ETHUSDT: $2461.67
2025-06-30 15:24:39,729 - INFO - Processed data for BTCUSDT: $107720.00
2025-06-30 15:24:39,730 - INFO - Processed data for ETHUSDT: $2461.67
2025-06-30 15:24:39,817 - INFO - Processed data for BNBUSDT: $654.00
2025-06-30 15:24:41,822 - INFO - Processed data for BTCUSDT: $107720.00
2025-06-30 15:24:41,823 - INFO - Processed data for ETHUSDT: $2461.66
2025-06-30 15:24:42,129 - INFO - Inserted BNBUSDT data into database
2025-06-30 15:24:42,129 - INFO - Processed data for BNBUSDT: $654.00
2025-06-30 15:24:43,715 - INFO - Processed data for BTCUSDT: $107720.00
2025-06-30 15:24:43,715 - INFO - Processed data for ETHUSDT: $2461.67
2025-06-30 15:24:43,790 - INFO - Processed data for BNBUSDT: $654.00
2025-06-30 15:24:45,707 - INFO - Processed data for BTCUSDT: $107719.99
2025-06-30 15:24:45,707 - INFO - Processed data for ETHUSDT: $2461.67
2025-06-30 15:24:45,807 - INFO - Processed data for BNBUSDT: $654.00
2025-06-30 15:24:47,725 - INFO - Processed data for BTCUSDT: $107719.99
2025-06-30 15:24:47,728 - INFO - Processed data for ETHUSDT: $2461.67
2025-06-30 15:24:47,807 - INFO - Processed data for BNBUSDT: $654.00
2025-06-30 15:24:49,708 - INFO - Processed data for BTCUSDT: $107720.00
2025-06-30 15:24:49,708 - INFO - Processed data for ETHUSDT: $2461.67
2025-06-30 15:24:49,824 - INFO - Processed data for BNBUSDT: $654.00
2025-06-30 15:24:51,706 - INFO - Processed data for BTCUSDT: $107720.00
2025-06-30 15:24:51,706 - INFO - Processed data for ETHUSDT: $2461.67
2025-06-30 15:24:51,962 - INFO - Processed data for BNBUSDT: $654.00
2025-06-30 15:24:53,806 - INFO - Processed data for BTCUSDT: $107734.65
2025-06-30 15:24:53,806 - INFO - Processed data for ETHUSDT: $2462.17
2025-06-30 15:24:53,806 - INFO - Processed data for BNBUSDT: $654.04
2025-06-30 15:24:55,841 - INFO - Processed data for BTCUSDT: $107740.00
2025-06-30 15:24:55,841 - INFO - Processed data for ETHUSDT: $2462.18
2025-06-30 15:24:55,858 - INFO - Processed data for BNBUSDT: $654.04
2025-06-30 15:24:57,790 - INFO - Processed data for BTCUSDT: $107750.56
2025-06-30 15:24:57,790 - INFO - Processed data for ETHUSDT: $2462.44
2025-06-30 15:24:57,811 - INFO - Processed data for BNBUSDT: $654.14
2025-06-30 15:24:59,743 - INFO - Processed data for BNBUSDT: $654.14
2025-06-30 15:24:59,744 - INFO - Processed data for BTCUSDT: $107750.55
2025-06-30 15:24:59,745 - INFO - Processed data for BTCUSDT: $107750.55
2025-06-30 15:24:59,745 - INFO - Processed data for ETHUSDT: $2462.44
2025-06-30 15:24:59,746 - INFO - Processed data for ETHUSDT: $2462.44
2025-06-30 15:24:59,816 - INFO - Processed data for BNBUSDT: $654.14
2025-06-30 15:25:01,792 - INFO - Processed data for BTCUSDT: $107750.56
2025-06-30 15:25:01,794 - INFO - Processed data for ETHUSDT: $2462.44
2025-06-30 15:25:01,805 - INFO - Processed data for BNBUSDT: $654.14
2025-06-30 15:25:03,734 - INFO - Processed data for BTCUSDT: $107750.56
2025-06-30 15:25:03,734 - INFO - Processed data for ETHUSDT: $2462.42
2025-06-30 15:25:05,763 - INFO - Processed data for BTCUSDT: $107750.56
2025-06-30 15:25:05,764 - INFO - Processed data for ETHUSDT: $2462.43
2025-06-30 15:25:05,813 - INFO - Processed data for BNBUSDT: $654.14
2025-06-30 15:25:07,729 - INFO - Processed data for BTCUSDT: $107750.55
2025-06-30 15:25:07,730 - INFO - Processed data for ETHUSDT: $2462.42
2025-06-30 15:25:07,929 - INFO - Processed data for BNBUSDT: $654.15
2025-06-30 15:25:09,778 - INFO - Processed data for BTCUSDT: $107750.56
2025-06-30 15:25:09,779 - INFO - Processed data for ETHUSDT: $2462.43
2025-06-30 15:25:09,824 - INFO - Processed data for BNBUSDT: $654.15
2025-06-30 15:25:11,826 - INFO - Processed data for BTCUSDT: $107750.56
2025-06-30 15:25:11,828 - INFO - Processed data for ETHUSDT: $2462.43
2025-06-30 15:25:13,756 - INFO - Processed data for BTCUSDT: $107750.55
2025-06-30 15:25:13,773 - INFO - Processed data for ETHUSDT: $2462.20
2025-06-30 15:25:15,924 - INFO - Inserted BTCUSDT data into database
2025-06-30 15:25:15,924 - INFO - Processed data for BTCUSDT: $107750.55
2025-06-30 15:25:15,924 - INFO - Processed data for ETHUSDT: $2462.21
2025-06-30 15:25:15,924 - INFO - Processed data for BNBUSDT: $654.14
2025-06-30 15:25:17,765 - INFO - Processed data for BTCUSDT: $107750.55
2025-06-30 15:25:17,766 - INFO - Processed data for ETHUSDT: $2462.21
2025-06-30 15:25:17,806 - INFO - Processed data for BNBUSDT: $654.14
2025-06-30 15:25:19,722 - INFO - Processed data for BTCUSDT: $107750.55
2025-06-30 15:25:19,727 - INFO - Processed data for ETHUSDT: $2462.21
2025-06-30 15:25:19,807 - INFO - Processed data for BNBUSDT: $654.15
2025-06-30 15:25:21,726 - INFO - Processed data for BTCUSDT: $107750.55
2025-06-30 15:25:21,739 - INFO - Processed data for ETHUSDT: $2462.21
2025-06-30 15:25:21,808 - INFO - Processed data for BNBUSDT: $654.14
2025-06-30 15:25:24,396 - INFO - Processed data for BTCUSDT: $107750.55
2025-06-30 15:25:24,398 - INFO - Processed data for BNBUSDT: $654.14
2025-06-30 15:25:25,752 - INFO - Processed data for BTCUSDT: $107750.56
2025-06-30 15:25:25,954 - INFO - Inserted ETHUSDT data into database
2025-06-30 15:25:25,954 - INFO - Processed data for ETHUSDT: $2462.40
2025-06-30 15:25:25,954 - INFO - Processed data for BNBUSDT: $654.15
2025-06-30 15:25:27,790 - INFO - Processed data for BTCUSDT: $107750.56
2025-06-30 15:25:27,790 - INFO - Processed data for ETHUSDT: $2462.41
2025-06-30 15:25:27,807 - INFO - Processed data for BNBUSDT: $654.16
2025-06-30 15:25:29,746 - INFO - Processed data for BTCUSDT: $107750.55
2025-06-30 15:25:29,747 - INFO - Processed data for ETHUSDT: $2462.41
2025-06-30 15:25:29,790 - INFO - Processed data for BNBUSDT: $654.15
2025-06-30 15:25:31,728 - INFO - Processed data for BTCUSDT: $107750.56
2025-06-30 15:25:31,732 - INFO - Processed data for ETHUSDT: $2462.41
2025-06-30 15:25:31,821 - INFO - Processed data for BNBUSDT: $654.15
2025-06-30 15:25:33,740 - INFO - Processed data for BTCUSDT: $107750.55
2025-06-30 15:25:33,740 - INFO - Processed data for ETHUSDT: $2462.40
2025-06-30 15:25:33,812 - INFO - Processed data for BNBUSDT: $654.15
2025-06-30 15:25:35,713 - INFO - Processed data for BTCUSDT: $107750.55
2025-06-30 15:25:35,720 - INFO - Processed data for ETHUSDT: $2462.20
2025-06-30 15:25:35,809 - INFO - Processed data for BNBUSDT: $654.15
2025-06-30 15:25:37,719 - INFO - Processed data for BTCUSDT: $107750.56
2025-06-30 15:25:37,724 - INFO - Processed data for ETHUSDT: $2462.21
2025-06-30 15:25:37,810 - INFO - Processed data for BNBUSDT: $654.15
2025-06-30 15:25:39,724 - INFO - Processed data for BTCUSDT: $107750.55
2025-06-30 15:25:39,726 - INFO - Processed data for ETHUSDT: $2461.96
2025-06-30 15:25:41,728 - INFO - Processed data for BTCUSDT: $107750.55
2025-06-30 15:25:41,730 - INFO - Processed data for ETHUSDT: $2461.96
2025-06-30 15:25:41,806 - INFO - Processed data for BNBUSDT: $654.16
2025-06-30 15:25:43,717 - INFO - Processed data for BTCUSDT: $107750.55
2025-06-30 15:25:43,717 - INFO - Processed data for ETHUSDT: $2461.95
2025-06-30 15:25:45,773 - INFO - Processed data for BTCUSDT: $107750.56
2025-06-30 15:25:45,773 - INFO - Processed data for ETHUSDT: $2461.95
2025-06-30 15:25:46,010 - INFO - Inserted BNBUSDT data into database
2025-06-30 15:25:46,011 - INFO - Processed data for BNBUSDT: $654.16
2025-06-30 15:25:47,773 - INFO - Processed data for BTCUSDT: $107750.56
2025-06-30 15:25:47,774 - INFO - Processed data for ETHUSDT: $2461.96
2025-06-30 15:25:47,821 - INFO - Processed data for BNBUSDT: $654.16
2025-06-30 15:25:49,805 - INFO - Processed data for BTCUSDT: $107750.55
2025-06-30 15:25:49,805 - INFO - Processed data for ETHUSDT: $2461.95
2025-06-30 15:25:49,822 - INFO - Processed data for BNBUSDT: $654.16
2025-06-30 15:25:51,727 - INFO - Processed data for BTCUSDT: $107750.56
2025-06-30 15:25:51,728 - INFO - Processed data for ETHUSDT: $2462.20
2025-06-30 15:25:51,805 - INFO - Processed data for BNBUSDT: $654.16
2025-06-30 15:25:53,805 - INFO - Processed data for BTCUSDT: $107750.55
2025-06-30 15:25:53,805 - INFO - Processed data for ETHUSDT: $2462.19
2025-06-30 15:25:55,756 - INFO - Processed data for BTCUSDT: $107750.55
2025-06-30 15:25:55,757 - INFO - Processed data for ETHUSDT: $2462.20
2025-06-30 15:25:57,806 - INFO - Processed data for BTCUSDT: $107750.55
2025-06-30 15:25:57,809 - INFO - Processed data for ETHUSDT: $2462.20
2025-06-30 15:25:59,746 - INFO - Processed data for BNBUSDT: $654.15
2025-06-30 15:25:59,746 - INFO - Processed data for BTCUSDT: $107750.55
2025-06-30 15:25:59,746 - INFO - Processed data for BTCUSDT: $107750.55
2025-06-30 15:25:59,746 - INFO - Processed data for ETHUSDT: $2462.19
2025-06-30 15:25:59,746 - INFO - Processed data for ETHUSDT: $2462.19
2025-06-30 15:25:59,797 - INFO - Processed data for BNBUSDT: $654.15
2025-06-30 15:26:01,797 - INFO - Processed data for BTCUSDT: $107750.55
2025-06-30 15:26:01,798 - INFO - Processed data for ETHUSDT: $2462.20
2025-06-30 15:26:01,807 - INFO - Processed data for BNBUSDT: $654.16
2025-06-30 15:26:03,738 - INFO - Processed data for BTCUSDT: $107750.55
2025-06-30 15:26:03,738 - INFO - Processed data for ETHUSDT: $2462.33
2025-06-30 15:26:03,803 - INFO - Processed data for BNBUSDT: $654.16
2025-06-30 15:26:05,707 - INFO - Processed data for BTCUSDT: $107750.55
2025-06-30 15:26:05,722 - INFO - Processed data for ETHUSDT: $2462.34
2025-06-30 15:26:05,891 - INFO - Processed data for BNBUSDT: $654.15
2025-06-30 15:26:07,738 - INFO - Processed data for BTCUSDT: $107750.55
2025-06-30 15:26:07,741 - INFO - Processed data for ETHUSDT: $2462.34
2025-06-30 15:26:07,942 - INFO - Processed data for BNBUSDT: $654.16
2025-06-30 15:26:09,773 - INFO - Processed data for BTCUSDT: $107750.56
2025-06-30 15:26:09,773 - INFO - Processed data for ETHUSDT: $2462.35
2025-06-30 15:26:09,806 - INFO - Processed data for BNBUSDT: $654.16
2025-06-30 15:26:11,833 - INFO - Processed data for BTCUSDT: $107750.55
2025-06-30 15:26:11,836 - INFO - Processed data for ETHUSDT: $2462.35
2025-06-30 15:26:11,839 - INFO - Processed data for BNBUSDT: $654.16
2025-06-30 15:26:13,772 - INFO - Processed data for BTCUSDT: $107750.55
2025-06-30 15:26:13,772 - INFO - Processed data for ETHUSDT: $2462.45
2025-06-30 15:26:13,804 - INFO - Processed data for BNBUSDT: $654.15
2025-06-30 15:26:15,725 - INFO - Processed data for BTCUSDT: $107750.55
2025-06-30 15:26:15,728 - INFO - Processed data for ETHUSDT: $2462.67
2025-06-30 15:26:15,805 - INFO - Processed data for BNBUSDT: $654.16
2025-06-30 15:26:18,066 - INFO - Inserted BTCUSDT data into database
2025-06-30 15:26:18,066 - INFO - Processed data for BTCUSDT: $107750.56
2025-06-30 15:26:18,082 - INFO - Processed data for ETHUSDT: $2462.66
2025-06-30 15:26:18,082 - INFO - Processed data for BNBUSDT: $654.16
2025-06-30 15:26:19,818 - INFO - Processed data for BTCUSDT: $107750.55
2025-06-30 15:26:19,818 - INFO - Processed data for ETHUSDT: $2462.66
2025-06-30 15:26:19,835 - INFO - Processed data for BNBUSDT: $654.15
2025-06-30 15:26:21,756 - INFO - Processed data for BTCUSDT: $107750.55
2025-06-30 15:26:21,756 - INFO - Processed data for ETHUSDT: $2462.66
2025-06-30 15:26:21,813 - INFO - Processed data for BNBUSDT: $654.15
2025-06-30 15:26:23,706 - INFO - Processed data for BTCUSDT: $107750.56
2025-06-30 15:26:23,706 - INFO - Processed data for ETHUSDT: $2462.46
2025-06-30 15:26:23,789 - INFO - Processed data for BNBUSDT: $654.15
2025-06-30 15:26:25,713 - INFO - Processed data for BTCUSDT: $107750.56
2025-06-30 15:26:25,714 - INFO - Processed data for ETHUSDT: $2462.45
2025-06-30 15:26:25,791 - INFO - Processed data for BNBUSDT: $654.16
2025-06-30 15:26:27,723 - INFO - Processed data for BTCUSDT: $107750.55
2025-06-30 15:26:27,924 - INFO - Inserted ETHUSDT data into database
2025-06-30 15:26:27,924 - INFO - Processed data for ETHUSDT: $2462.46
2025-06-30 15:26:29,727 - INFO - Processed data for BTCUSDT: $107750.56
2025-06-30 15:26:29,728 - INFO - Processed data for ETHUSDT: $2462.46
2025-06-30 15:26:29,808 - INFO - Processed data for BNBUSDT: $654.15
2025-06-30 15:26:31,711 - INFO - Processed data for BTCUSDT: $107750.56
2025-06-30 15:26:31,712 - INFO - Processed data for ETHUSDT: $2463.06
2025-06-30 15:26:31,804 - INFO - Processed data for BNBUSDT: $654.19
2025-06-30 15:26:33,745 - INFO - Processed data for BTCUSDT: $107750.56
2025-06-30 15:26:33,745 - INFO - Processed data for ETHUSDT: $2463.09
2025-06-30 15:26:33,806 - INFO - Processed data for BNBUSDT: $654.19
2025-06-30 15:26:35,796 - INFO - Processed data for BTCUSDT: $107750.55
2025-06-30 15:26:35,797 - INFO - Processed data for ETHUSDT: $2463.10
2025-06-30 15:26:35,823 - INFO - Processed data for BNBUSDT: $654.19
2025-06-30 15:26:37,727 - INFO - Processed data for BTCUSDT: $107750.56
2025-06-30 15:26:37,728 - INFO - Processed data for ETHUSDT: $2463.09
2025-06-30 15:26:39,793 - INFO - Processed data for BTCUSDT: $107750.56
2025-06-30 15:26:39,793 - INFO - Processed data for ETHUSDT: $2463.09
2025-06-30 15:26:39,835 - INFO - Processed data for BNBUSDT: $654.20
2025-06-30 15:26:41,732 - INFO - Processed data for BTCUSDT: $107750.56
2025-06-30 15:26:41,733 - INFO - Processed data for ETHUSDT: $2463.09
2025-06-30 15:26:41,807 - INFO - Processed data for BNBUSDT: $654.20
2025-06-30 15:26:43,727 - INFO - Processed data for BTCUSDT: $107750.56
2025-06-30 15:26:43,728 - INFO - Processed data for ETHUSDT: $2462.85
2025-06-30 15:26:43,805 - INFO - Processed data for BNBUSDT: $654.19
2025-06-30 15:26:45,729 - INFO - Processed data for BTCUSDT: $107750.55
2025-06-30 15:26:45,730 - INFO - Processed data for ETHUSDT: $2462.84
2025-06-30 15:26:45,804 - INFO - Processed data for BNBUSDT: $654.20
2025-06-30 15:26:47,755 - INFO - Processed data for BTCUSDT: $107750.55
2025-06-30 15:26:48,324 - INFO - Processed data for ETHUSDT: $2462.85
2025-06-30 15:26:48,601 - INFO - Inserted BNBUSDT data into database
2025-06-30 15:26:48,601 - INFO - Processed data for BNBUSDT: $654.20
2025-06-30 15:26:49,713 - INFO - Processed data for BTCUSDT: $107750.56
2025-06-30 15:26:49,714 - INFO - Processed data for ETHUSDT: $2462.85
2025-06-30 15:26:49,815 - INFO - Processed data for BNBUSDT: $654.19
2025-06-30 15:26:51,723 - INFO - Processed data for BTCUSDT: $107750.56
2025-06-30 15:26:51,725 - INFO - Processed data for ETHUSDT: $2462.85
2025-06-30 15:26:51,804 - INFO - Processed data for BNBUSDT: $654.20
2025-06-30 15:26:53,810 - INFO - Processed data for BTCUSDT: $107750.55
2025-06-30 15:26:53,810 - INFO - Processed data for ETHUSDT: $2462.85
2025-06-30 15:26:55,712 - INFO - Processed data for BTCUSDT: $107750.55
2025-06-30 15:26:55,713 - INFO - Processed data for ETHUSDT: $2462.84
2025-06-30 15:26:55,797 - INFO - Processed data for BNBUSDT: $654.19
2025-06-30 15:26:57,705 - INFO - Processed data for BTCUSDT: $107750.56
2025-06-30 15:26:57,705 - INFO - Processed data for ETHUSDT: $2462.85
2025-06-30 15:26:57,797 - INFO - Processed data for BNBUSDT: $654.19
2025-06-30 15:26:59,756 - INFO - Processed data for BNBUSDT: $654.20
2025-06-30 15:26:59,756 - INFO - Processed data for BTCUSDT: $107750.55
2025-06-30 15:26:59,757 - INFO - Processed data for BTCUSDT: $107750.55
2025-06-30 15:26:59,757 - INFO - Processed data for ETHUSDT: $2462.84
2025-06-30 15:26:59,758 - INFO - Processed data for ETHUSDT: $2462.84
2025-06-30 15:26:59,829 - INFO - Processed data for BNBUSDT: $654.20
2025-06-30 15:27:01,703 - INFO - Processed data for BTCUSDT: $107750.55
2025-06-30 15:27:01,719 - INFO - Processed data for ETHUSDT: $2462.85
2025-06-30 15:27:01,810 - INFO - Processed data for BNBUSDT: $654.20
2025-06-30 15:27:03,850 - INFO - Processed data for BTCUSDT: $107750.56
2025-06-30 15:27:03,850 - INFO - Processed data for ETHUSDT: $2462.85
2025-06-30 15:27:03,850 - INFO - Processed data for BNBUSDT: $654.19
2025-06-30 15:27:05,796 - INFO - Processed data for BTCUSDT: $107750.56
2025-06-30 15:27:05,796 - INFO - Processed data for ETHUSDT: $2462.84
2025-06-30 15:27:05,803 - INFO - Processed data for BNBUSDT: $654.20
2025-06-30 15:27:07,843 - INFO - Processed data for BTCUSDT: $107750.55
2025-06-30 15:27:07,843 - INFO - Processed data for ETHUSDT: $2462.85
2025-06-30 15:27:09,791 - INFO - Processed data for BTCUSDT: $107750.55
2025-06-30 15:27:09,791 - INFO - Processed data for ETHUSDT: $2462.85
2025-06-30 15:27:11,727 - INFO - Processed data for BTCUSDT: $107750.55
2025-06-30 15:27:11,727 - INFO - Processed data for ETHUSDT: $2462.84
2025-06-30 15:27:11,792 - INFO - Processed data for BNBUSDT: $654.19
2025-06-30 15:27:13,884 - INFO - Processed data for BTCUSDT: $107750.56
2025-06-30 15:27:13,884 - INFO - Processed data for ETHUSDT: $2462.85
2025-06-30 15:27:13,884 - INFO - Processed data for BNBUSDT: $654.19
2025-06-30 15:27:15,731 - INFO - Processed data for BTCUSDT: $107750.56
2025-06-30 15:27:15,732 - INFO - Processed data for ETHUSDT: $2462.84
2025-06-30 15:27:15,858 - INFO - Processed data for BNBUSDT: $654.19
2025-06-30 15:27:17,766 - INFO - Processed data for BTCUSDT: $107750.55
2025-06-30 15:27:17,766 - INFO - Processed data for ETHUSDT: $2462.59
2025-06-30 15:27:19,923 - INFO - Inserted BTCUSDT data into database
2025-06-30 15:27:19,923 - INFO - Processed data for BTCUSDT: $107744.55
2025-06-30 15:27:19,923 - INFO - Processed data for ETHUSDT: $2462.57
2025-06-30 15:27:19,923 - INFO - Processed data for BNBUSDT: $654.20
2025-06-30 15:27:21,769 - INFO - Processed data for BTCUSDT: $107744.55
2025-06-30 15:27:21,769 - INFO - Processed data for ETHUSDT: $2462.57
2025-06-30 15:27:21,801 - INFO - Processed data for BNBUSDT: $654.19
2025-06-30 15:27:23,811 - INFO - Processed data for BTCUSDT: $107735.17
2025-06-30 15:27:23,811 - INFO - Processed data for ETHUSDT: $2462.46
2025-06-30 15:27:23,811 - INFO - Processed data for BNBUSDT: $654.20
2025-06-30 15:27:25,717 - INFO - Processed data for BTCUSDT: $107735.16
2025-06-30 15:27:25,718 - INFO - Processed data for ETHUSDT: $2462.30
2025-06-30 15:27:25,805 - INFO - Processed data for BNBUSDT: $654.19
2025-06-30 15:27:27,816 - INFO - Processed data for BTCUSDT: $107735.16
2025-06-30 15:27:28,116 - INFO - Inserted ETHUSDT data into database
2025-06-30 15:27:28,116 - INFO - Processed data for ETHUSDT: $2462.31
2025-06-30 15:27:28,116 - INFO - Processed data for BNBUSDT: $654.20
2025-06-30 15:27:29,737 - INFO - Processed data for BTCUSDT: $107735.16
2025-06-30 15:27:29,738 - INFO - Processed data for ETHUSDT: $2462.31
2025-06-30 15:27:29,835 - INFO - Processed data for BNBUSDT: $654.19
2025-06-30 15:27:31,766 - INFO - Processed data for BTCUSDT: $107735.16
2025-06-30 15:27:31,766 - INFO - Processed data for ETHUSDT: $2462.30
2025-06-30 15:27:31,798 - INFO - Processed data for BNBUSDT: $654.19
2025-06-30 15:27:33,753 - INFO - Processed data for BTCUSDT: $107735.16
2025-06-30 15:27:33,754 - INFO - Processed data for ETHUSDT: $2462.31
2025-06-30 15:27:35,797 - INFO - Processed data for BTCUSDT: $107735.16
2025-06-30 15:27:35,797 - INFO - Processed data for ETHUSDT: $2462.43
2025-06-30 15:27:35,797 - INFO - Processed data for BNBUSDT: $654.19
2025-06-30 15:27:37,748 - INFO - Processed data for BTCUSDT: $107735.16
2025-06-30 15:27:37,749 - INFO - Processed data for ETHUSDT: $2462.47
2025-06-30 15:27:37,799 - INFO - Processed data for BNBUSDT: $654.19
2025-06-30 15:27:39,795 - INFO - Processed data for BTCUSDT: $107735.16
2025-06-30 15:27:39,797 - INFO - Processed data for ETHUSDT: $2462.46
2025-06-30 15:27:39,817 - INFO - Processed data for BNBUSDT: $654.20
2025-06-30 15:27:41,740 - INFO - Processed data for BTCUSDT: $107735.16
2025-06-30 15:27:41,741 - INFO - Processed data for ETHUSDT: $2462.79
2025-06-30 15:27:41,944 - INFO - Processed data for BNBUSDT: $654.20
2025-06-30 15:27:43,784 - INFO - Processed data for BTCUSDT: $107735.17
2025-06-30 15:27:43,784 - INFO - Processed data for ETHUSDT: $2462.79
2025-06-30 15:27:43,828 - INFO - Processed data for BNBUSDT: $654.19
2025-06-30 15:27:45,748 - INFO - Processed data for BTCUSDT: $107735.17
2025-06-30 15:27:45,749 - INFO - Processed data for ETHUSDT: $2462.80
2025-06-30 15:27:45,803 - INFO - Processed data for BNBUSDT: $654.19
2025-06-30 15:27:47,769 - INFO - Processed data for BTCUSDT: $107735.16
2025-06-30 15:27:47,769 - INFO - Processed data for ETHUSDT: $2462.79
2025-06-30 15:27:47,809 - INFO - Processed data for BNBUSDT: $654.19
2025-06-30 15:27:49,721 - INFO - Processed data for BTCUSDT: $107735.16
2025-06-30 15:27:49,728 - INFO - Processed data for ETHUSDT: $2462.79
2025-06-30 15:27:50,008 - INFO - Inserted BNBUSDT data into database
2025-06-30 15:27:50,009 - INFO - Processed data for BNBUSDT: $654.19
2025-06-30 15:27:51,738 - INFO - Processed data for BTCUSDT: $107735.17
2025-06-30 15:27:51,739 - INFO - Processed data for ETHUSDT: $2462.79
2025-06-30 15:27:51,798 - INFO - Processed data for BNBUSDT: $654.20
2025-06-30 15:27:53,722 - INFO - Processed data for BTCUSDT: $107735.16
2025-06-30 15:27:53,726 - INFO - Processed data for ETHUSDT: $2462.80
2025-06-30 15:27:53,798 - INFO - Processed data for BNBUSDT: $654.20
2025-06-30 15:27:55,759 - INFO - Processed data for BTCUSDT: $107735.17
2025-06-30 15:27:55,759 - INFO - Processed data for ETHUSDT: $2462.80
2025-06-30 15:27:55,808 - INFO - Processed data for BNBUSDT: $654.19
2025-06-30 15:27:57,812 - INFO - Processed data for BTCUSDT: $107735.16
2025-06-30 15:27:57,812 - INFO - Processed data for ETHUSDT: $2462.79
2025-06-30 15:27:57,812 - INFO - Processed data for BNBUSDT: $654.19
2025-06-30 15:27:59,762 - INFO - Processed data for BNBUSDT: $654.20
2025-06-30 15:27:59,763 - INFO - Processed data for BTCUSDT: $107735.16
2025-06-30 15:27:59,764 - INFO - Processed data for BTCUSDT: $107735.16
2025-06-30 15:27:59,764 - INFO - Processed data for ETHUSDT: $2462.79
2025-06-30 15:27:59,765 - INFO - Processed data for ETHUSDT: $2462.79
2025-06-30 15:27:59,821 - INFO - Processed data for BNBUSDT: $654.20
2025-06-30 15:28:01,810 - INFO - Processed data for BTCUSDT: $107735.16
2025-06-30 15:28:01,812 - INFO - Processed data for ETHUSDT: $2462.79
2025-06-30 15:28:03,756 - INFO - Processed data for BTCUSDT: $107735.17
2025-06-30 15:28:03,756 - INFO - Processed data for ETHUSDT: $2462.79
2025-06-30 15:28:03,798 - INFO - Processed data for BNBUSDT: $654.20
2025-06-30 15:28:05,699 - INFO - Processed data for BTCUSDT: $107735.17
2025-06-30 15:28:05,715 - INFO - Processed data for ETHUSDT: $2462.79
2025-06-30 15:28:07,750 - INFO - Processed data for BTCUSDT: $107720.33
2025-06-30 15:28:07,750 - INFO - Processed data for ETHUSDT: $2462.18
2025-06-30 15:28:07,801 - INFO - Processed data for BNBUSDT: $654.14
2025-06-30 15:28:09,797 - INFO - Processed data for BTCUSDT: $107720.32
2025-06-30 15:28:09,799 - INFO - Processed data for ETHUSDT: $2462.17
2025-06-30 15:28:09,810 - INFO - Processed data for BNBUSDT: $654.13
2025-06-30 15:28:11,744 - INFO - Processed data for BTCUSDT: $107720.33
2025-06-30 15:28:11,745 - INFO - Processed data for ETHUSDT: $2462.18
2025-06-30 15:28:11,817 - INFO - Processed data for BNBUSDT: $654.09
2025-06-30 15:28:13,700 - INFO - Processed data for BTCUSDT: $107720.33
2025-06-30 15:28:13,717 - INFO - Processed data for ETHUSDT: $2462.17
2025-06-30 15:28:13,804 - INFO - Processed data for BNBUSDT: $654.08
2025-06-30 15:28:15,737 - INFO - Processed data for BTCUSDT: $107720.32
2025-06-30 15:28:15,737 - INFO - Processed data for ETHUSDT: $2462.17
2025-06-30 15:28:17,781 - INFO - Processed data for BTCUSDT: $107720.33
2025-06-30 15:28:17,781 - INFO - Processed data for ETHUSDT: $2462.18
2025-06-30 15:28:20,031 - INFO - Inserted BTCUSDT data into database
2025-06-30 15:28:20,031 - INFO - Processed data for BTCUSDT: $107702.42
2025-06-30 15:28:20,031 - INFO - Processed data for ETHUSDT: $2462.11
2025-06-30 15:28:20,031 - INFO - Processed data for BNBUSDT: $654.09
2025-06-30 15:28:21,778 - INFO - Processed data for BTCUSDT: $107702.43
2025-06-30 15:28:21,779 - INFO - Processed data for ETHUSDT: $2462.10
2025-06-30 15:28:21,803 - INFO - Processed data for BNBUSDT: $654.07
2025-06-30 15:28:23,726 - INFO - Processed data for BTCUSDT: $107702.42
2025-06-30 15:28:23,726 - INFO - Processed data for ETHUSDT: $2462.03
2025-06-30 15:28:23,803 - INFO - Processed data for BNBUSDT: $654.00
2025-06-30 15:28:25,773 - INFO - Processed data for BTCUSDT: $107702.43
2025-06-30 15:28:25,774 - INFO - Processed data for ETHUSDT: $2462.01
2025-06-30 15:28:27,816 - INFO - Processed data for BTCUSDT: $107702.42
2025-06-30 15:28:28,126 - INFO - Inserted ETHUSDT data into database
2025-06-30 15:28:28,126 - INFO - Processed data for ETHUSDT: $2462.39
2025-06-30 15:28:29,708 - INFO - Processed data for BTCUSDT: $107702.42
2025-06-30 15:28:29,708 - INFO - Processed data for ETHUSDT: $2462.38
2025-06-30 15:28:29,816 - INFO - Processed data for BNBUSDT: $654.00
2025-06-30 15:28:31,739 - INFO - Processed data for BTCUSDT: $107702.43
2025-06-30 15:28:31,744 - INFO - Processed data for ETHUSDT: $2462.38
2025-06-30 15:28:31,807 - INFO - Processed data for BNBUSDT: $654.01
2025-06-30 15:28:33,760 - INFO - Processed data for BTCUSDT: $107725.52
2025-06-30 15:28:33,761 - INFO - Processed data for ETHUSDT: $2462.79
2025-06-30 15:28:33,805 - INFO - Processed data for BNBUSDT: $654.00
2025-06-30 15:28:35,805 - INFO - Processed data for BTCUSDT: $107730.52
2025-06-30 15:28:35,805 - INFO - Processed data for ETHUSDT: $2462.80
2025-06-30 15:28:35,812 - INFO - Processed data for BNBUSDT: $654.00
2025-06-30 15:28:37,753 - INFO - Processed data for BTCUSDT: $107730.53
2025-06-30 15:28:37,754 - INFO - Processed data for ETHUSDT: $2462.79
2025-06-30 15:28:39,796 - INFO - Processed data for BTCUSDT: $107730.53
2025-06-30 15:28:39,796 - INFO - Processed data for ETHUSDT: $2462.79
2025-06-30 15:28:39,831 - INFO - Processed data for BNBUSDT: $654.01
2025-06-30 15:28:41,747 - INFO - Processed data for BTCUSDT: $107730.52
2025-06-30 15:28:41,747 - INFO - Processed data for ETHUSDT: $2462.80
2025-06-30 15:28:41,814 - INFO - Processed data for BNBUSDT: $654.00
2025-06-30 15:28:43,704 - INFO - Processed data for BTCUSDT: $107730.52
2025-06-30 15:28:43,704 - INFO - Processed data for ETHUSDT: $2462.79
2025-06-30 15:28:43,808 - INFO - Processed data for BNBUSDT: $654.01
2025-06-30 15:28:45,781 - INFO - Processed data for BTCUSDT: $107730.52
2025-06-30 15:28:45,781 - INFO - Processed data for ETHUSDT: $2462.79
2025-06-30 15:28:47,779 - INFO - Processed data for BTCUSDT: $107730.53
2025-06-30 15:28:47,779 - INFO - Processed data for ETHUSDT: $2462.79
2025-06-30 15:28:47,812 - INFO - Processed data for BNBUSDT: $654.01
2025-06-30 15:28:49,732 - INFO - Processed data for BTCUSDT: $107730.53
2025-06-30 15:28:49,733 - INFO - Processed data for ETHUSDT: $2462.79
2025-06-30 15:28:49,802 - INFO - Processed data for BNBUSDT: $654.00
2025-06-30 15:28:51,705 - INFO - Processed data for BTCUSDT: $107730.53
2025-06-30 15:28:51,705 - INFO - Processed data for ETHUSDT: $2462.79
2025-06-30 15:28:52,082 - INFO - Inserted BNBUSDT data into database
2025-06-30 15:28:52,082 - INFO - Processed data for BNBUSDT: $654.00
2025-06-30 15:28:53,829 - INFO - Processed data for BTCUSDT: $107730.52
2025-06-30 15:28:53,829 - INFO - Processed data for ETHUSDT: $2462.79
2025-06-30 15:28:53,829 - INFO - Processed data for BNBUSDT: $654.00
2025-06-30 15:28:55,765 - INFO - Processed data for BTCUSDT: $107730.53
2025-06-30 15:28:55,765 - INFO - Processed data for ETHUSDT: $2462.79
2025-06-30 15:28:55,812 - INFO - Processed data for BNBUSDT: $654.00
2025-06-30 15:28:57,720 - INFO - Processed data for BTCUSDT: $107730.53
2025-06-30 15:28:57,721 - INFO - Processed data for ETHUSDT: $2462.80
2025-06-30 15:28:57,796 - INFO - Processed data for BNBUSDT: $654.00
2025-06-30 15:28:59,702 - INFO - Processed data for BNBUSDT: $653.97
2025-06-30 15:28:59,709 - INFO - Processed data for BTCUSDT: $107730.52
2025-06-30 15:28:59,710 - INFO - Processed data for BTCUSDT: $107730.52
2025-06-30 15:28:59,731 - INFO - Processed data for ETHUSDT: $2462.79
2025-06-30 15:28:59,731 - INFO - Processed data for ETHUSDT: $2462.79
2025-06-30 15:28:59,821 - INFO - Processed data for BNBUSDT: $653.97
2025-06-30 15:29:01,818 - INFO - Processed data for BTCUSDT: $107730.52
2025-06-30 15:29:01,820 - INFO - Processed data for ETHUSDT: $2462.79
2025-06-30 15:29:01,823 - INFO - Processed data for BNBUSDT: $653.98
2025-06-30 15:29:03,709 - INFO - Processed data for BTCUSDT: $107730.52
2025-06-30 15:29:03,720 - INFO - Processed data for ETHUSDT: $2462.79
2025-06-30 15:29:03,862 - INFO - Processed data for BNBUSDT: $653.98
2025-06-30 15:29:05,809 - INFO - Processed data for BTCUSDT: $107730.53
2025-06-30 15:29:05,815 - INFO - Processed data for ETHUSDT: $2462.79
2025-06-30 15:29:05,819 - INFO - Processed data for BNBUSDT: $653.98
2025-06-30 15:29:07,757 - INFO - Processed data for BTCUSDT: $107730.53
2025-06-30 15:29:07,760 - INFO - Processed data for ETHUSDT: $2462.55
2025-06-30 15:29:07,801 - INFO - Processed data for BNBUSDT: $653.97
2025-06-30 15:29:09,750 - INFO - Processed data for BTCUSDT: $107730.52
2025-06-30 15:29:09,751 - INFO - Processed data for ETHUSDT: $2462.35
2025-06-30 15:29:09,806 - INFO - Processed data for BNBUSDT: $653.96
2025-06-30 15:29:11,747 - INFO - Processed data for BTCUSDT: $107730.52
2025-06-30 15:29:11,747 - INFO - Processed data for ETHUSDT: $2462.24
2025-06-30 15:29:11,803 - INFO - Processed data for BNBUSDT: $653.94
2025-06-30 15:29:13,721 - INFO - Processed data for BTCUSDT: $107730.52
2025-06-30 15:29:13,722 - INFO - Processed data for ETHUSDT: $2462.02
2025-06-30 15:29:13,811 - INFO - Processed data for BNBUSDT: $653.93
2025-06-30 15:29:15,782 - INFO - Processed data for BTCUSDT: $107730.53
2025-06-30 15:29:15,826 - INFO - Processed data for ETHUSDT: $2462.02
2025-06-30 15:29:15,828 - INFO - Processed data for BNBUSDT: $653.93
2025-06-30 15:29:17,794 - INFO - Processed data for BTCUSDT: $107730.53
2025-06-30 15:29:17,796 - INFO - Processed data for ETHUSDT: $2462.45
2025-06-30 15:29:17,806 - INFO - Processed data for BNBUSDT: $653.93
2025-06-30 15:29:20,044 - INFO - Inserted BTCUSDT data into database
2025-06-30 15:29:20,044 - INFO - Processed data for BTCUSDT: $107730.52
2025-06-30 15:29:20,046 - INFO - Processed data for ETHUSDT: $2462.45
2025-06-30 15:29:21,719 - INFO - Processed data for BTCUSDT: $107730.53
2025-06-30 15:29:21,725 - INFO - Processed data for ETHUSDT: $2462.45
2025-06-30 15:29:21,826 - INFO - Processed data for BNBUSDT: $653.94
2025-06-30 15:29:23,836 - INFO - Processed data for BTCUSDT: $107730.53
2025-06-30 15:29:23,839 - INFO - Processed data for ETHUSDT: $2462.80
2025-06-30 15:29:23,842 - INFO - Processed data for BNBUSDT: $653.93
2025-06-30 15:29:25,710 - INFO - Processed data for BTCUSDT: $107730.52
2025-06-30 15:29:25,803 - INFO - Processed data for BNBUSDT: $653.94
2025-06-30 15:29:27,731 - INFO - Processed data for BTCUSDT: $107730.52
2025-06-30 15:29:27,732 - INFO - Processed data for ETHUSDT: $2462.80
2025-06-30 15:29:29,789 - INFO - Processed data for BTCUSDT: $107730.52
2025-06-30 15:29:31,595 - INFO - Inserted ETHUSDT data into database
2025-06-30 15:29:31,596 - INFO - Processed data for ETHUSDT: $2462.80
2025-06-30 15:29:31,713 - INFO - Processed data for BTCUSDT: $107730.53
2025-06-30 15:29:31,714 - INFO - Processed data for ETHUSDT: $2462.81
2025-06-30 15:29:31,821 - INFO - Processed data for BNBUSDT: $653.94
2025-06-30 15:29:33,731 - INFO - Processed data for BTCUSDT: $107730.53
2025-06-30 15:29:33,738 - INFO - Processed data for ETHUSDT: $2462.80
2025-06-30 15:29:33,803 - INFO - Processed data for BNBUSDT: $653.94
2025-06-30 15:29:35,710 - INFO - Processed data for BTCUSDT: $107730.53
2025-06-30 15:29:35,711 - INFO - Processed data for ETHUSDT: $2462.80
2025-06-30 15:29:35,803 - INFO - Processed data for BNBUSDT: $653.93
2025-06-30 15:29:37,759 - INFO - Processed data for BTCUSDT: $107730.53
2025-06-30 15:29:37,760 - INFO - Processed data for ETHUSDT: $2462.81
2025-06-30 15:29:37,803 - INFO - Processed data for BNBUSDT: $653.94
2025-06-30 15:29:39,809 - INFO - Processed data for BTCUSDT: $107730.52
2025-06-30 15:29:39,811 - INFO - Processed data for ETHUSDT: $2462.81
2025-06-30 15:29:39,816 - INFO - Processed data for BNBUSDT: $653.94
2025-06-30 15:29:41,709 - INFO - Processed data for BTCUSDT: $107730.52
2025-06-30 15:29:41,958 - INFO - Processed data for BNBUSDT: $653.93
2025-06-30 15:29:43,736 - INFO - Processed data for BTCUSDT: $107730.53
2025-06-30 15:29:43,736 - INFO - Processed data for ETHUSDT: $2462.96
2025-06-30 15:29:43,818 - INFO - Processed data for BNBUSDT: $653.93
2025-06-30 15:29:45,715 - INFO - Processed data for BTCUSDT: $107730.52
2025-06-30 15:29:45,720 - INFO - Processed data for ETHUSDT: $2463.16
2025-06-30 15:29:45,808 - INFO - Processed data for BNBUSDT: $653.94
2025-06-30 15:29:47,795 - INFO - Processed data for BTCUSDT: $107730.53
2025-06-30 15:29:47,796 - INFO - Processed data for ETHUSDT: $2463.20
2025-06-30 15:29:47,814 - INFO - Processed data for BNBUSDT: $653.94
2025-06-30 15:29:49,716 - INFO - Processed data for BTCUSDT: $107730.52
2025-06-30 15:29:49,717 - INFO - Processed data for ETHUSDT: $2463.20
2025-06-30 15:29:49,834 - INFO - Processed data for BNBUSDT: $653.94
2025-06-30 15:29:51,713 - INFO - Processed data for BTCUSDT: $107730.52
2025-06-30 15:29:51,715 - INFO - Processed data for ETHUSDT: $2463.20
2025-06-30 15:29:53,838 - INFO - Processed data for BTCUSDT: $107730.53
2025-06-30 15:29:53,838 - INFO - Processed data for ETHUSDT: $2463.19
2025-06-30 15:29:54,144 - INFO - Inserted BNBUSDT data into database
2025-06-30 15:29:54,144 - INFO - Processed data for BNBUSDT: $653.93
2025-06-30 15:29:55,783 - INFO - Processed data for BTCUSDT: $107730.53
2025-06-30 15:29:55,784 - INFO - Processed data for ETHUSDT: $2463.20
2025-06-30 15:29:55,857 - INFO - Processed data for BNBUSDT: $653.94
2025-06-30 15:29:57,729 - INFO - Processed data for BTCUSDT: $107730.52
2025-06-30 15:29:57,730 - INFO - Processed data for ETHUSDT: $2463.19
2025-06-30 15:29:57,803 - INFO - Processed data for BNBUSDT: $653.94
2025-06-30 15:29:59,708 - INFO - Processed data for BNBUSDT: $653.93
2025-06-30 15:29:59,739 - INFO - Processed data for BTCUSDT: $107730.52
2025-06-30 15:29:59,740 - INFO - Processed data for BTCUSDT: $107730.52
2025-06-30 15:29:59,741 - INFO - Processed data for ETHUSDT: $2463.20
2025-06-30 15:29:59,741 - INFO - Processed data for ETHUSDT: $2463.20
2025-06-30 15:29:59,870 - INFO - Processed data for BNBUSDT: $653.93
2025-06-30 15:30:01,778 - INFO - Processed data for BTCUSDT: $107730.52
2025-06-30 15:30:01,780 - INFO - Processed data for ETHUSDT: $2463.19
2025-06-30 15:30:03,772 - INFO - Processed data for BTCUSDT: $107730.52
2025-06-30 15:30:03,773 - INFO - Processed data for ETHUSDT: $2463.08
2025-06-30 15:30:03,807 - INFO - Processed data for BNBUSDT: $653.93
2025-06-30 15:30:05,767 - INFO - Processed data for BTCUSDT: $107730.53
2025-06-30 15:30:05,768 - INFO - Processed data for ETHUSDT: $2463.08
2025-06-30 15:30:05,807 - INFO - Processed data for BNBUSDT: $653.94
2025-06-30 15:30:07,763 - INFO - Processed data for BTCUSDT: $107730.52
2025-06-30 15:30:07,764 - INFO - Processed data for ETHUSDT: $2463.08
2025-06-30 15:30:07,803 - INFO - Processed data for BNBUSDT: $653.94
2025-06-30 15:30:09,813 - INFO - Processed data for BTCUSDT: $107730.53
2025-06-30 15:30:09,814 - INFO - Processed data for ETHUSDT: $2463.08
2025-06-30 15:30:11,862 - INFO - Processed data for BTCUSDT: $107730.52
2025-06-30 15:30:11,864 - INFO - Processed data for ETHUSDT: $2463.07
2025-06-30 15:30:11,865 - INFO - Processed data for BNBUSDT: $653.94
2025-06-30 15:30:13,728 - INFO - Processed data for BTCUSDT: $107730.53
2025-06-30 15:30:13,730 - INFO - Processed data for ETHUSDT: $2463.08
2025-06-30 15:30:13,822 - INFO - Processed data for BNBUSDT: $653.94
2025-06-30 15:30:15,743 - INFO - Processed data for BTCUSDT: $107730.52
2025-06-30 15:30:15,743 - INFO - Processed data for ETHUSDT: $2463.10
2025-06-30 15:30:15,816 - INFO - Processed data for BNBUSDT: $653.93
2025-06-30 15:30:17,734 - INFO - Processed data for BTCUSDT: $107730.52
2025-06-30 15:30:18,234 - INFO - Processed data for ETHUSDT: $2463.32
2025-06-30 15:30:18,240 - INFO - Processed data for BNBUSDT: $653.97
2025-06-30 15:30:19,710 - INFO - Processed data for BTCUSDT: $107730.53
2025-06-30 15:30:19,711 - INFO - Processed data for ETHUSDT: $2463.32
2025-06-30 15:30:20,114 - INFO - Processed data for BNBUSDT: $653.97
2025-06-30 15:30:21,943 - INFO - Inserted BTCUSDT data into database
2025-06-30 15:30:21,943 - INFO - Processed data for BTCUSDT: $107730.53
2025-06-30 15:30:21,944 - INFO - Processed data for ETHUSDT: $2463.32
2025-06-30 15:30:21,944 - INFO - Processed data for BNBUSDT: $653.96
2025-06-30 15:30:23,708 - INFO - Processed data for BTCUSDT: $107730.52
2025-06-30 15:30:23,710 - INFO - Processed data for ETHUSDT: $2463.33
2025-06-30 15:30:23,816 - INFO - Processed data for BNBUSDT: $653.97
2025-06-30 15:30:25,722 - INFO - Processed data for BTCUSDT: $107730.52
2025-06-30 15:30:25,724 - INFO - Processed data for ETHUSDT: $2463.21
2025-06-30 15:30:25,804 - INFO - Processed data for BNBUSDT: $653.97
2025-06-30 15:30:27,833 - INFO - Processed data for BTCUSDT: $107730.53
2025-06-30 15:30:27,835 - INFO - Processed data for ETHUSDT: $2463.20
2025-06-30 15:30:27,836 - INFO - Processed data for BNBUSDT: $653.97
2025-06-30 15:30:29,719 - INFO - Processed data for BTCUSDT: $107730.52
2025-06-30 15:30:29,720 - INFO - Processed data for ETHUSDT: $2463.20
2025-06-30 15:30:29,816 - INFO - Processed data for BNBUSDT: $653.97
2025-06-30 15:30:31,723 - INFO - Processed data for BTCUSDT: $107730.53
2025-06-30 15:30:31,926 - INFO - Inserted ETHUSDT data into database
2025-06-30 15:30:31,927 - INFO - Processed data for ETHUSDT: $2463.21
2025-06-30 15:30:31,931 - INFO - Processed data for BNBUSDT: $653.97
2025-06-30 15:30:33,714 - INFO - Processed data for BTCUSDT: $107730.52
2025-06-30 15:30:33,717 - INFO - Processed data for ETHUSDT: $2463.41
2025-06-30 15:30:33,802 - INFO - Processed data for BNBUSDT: $653.97
2025-06-30 15:30:35,723 - INFO - Processed data for BTCUSDT: $107730.53
2025-06-30 15:30:35,724 - INFO - Processed data for ETHUSDT: $2463.41
2025-06-30 15:30:35,806 - INFO - Processed data for BNBUSDT: $653.97
2025-06-30 15:30:37,766 - INFO - Processed data for BTCUSDT: $107730.52
2025-06-30 15:30:37,767 - INFO - Processed data for ETHUSDT: $2463.41
2025-06-30 15:30:37,804 - INFO - Processed data for BNBUSDT: $653.97
2025-06-30 15:30:39,814 - INFO - Processed data for BTCUSDT: $107730.53
2025-06-30 15:30:39,815 - INFO - Processed data for ETHUSDT: $2463.56
2025-06-30 15:30:39,819 - INFO - Processed data for BNBUSDT: $653.96
2025-06-30 15:30:41,716 - INFO - Processed data for BTCUSDT: $107730.53
2025-06-30 15:30:41,717 - INFO - Processed data for ETHUSDT: $2463.69
2025-06-30 15:30:41,884 - INFO - Processed data for BNBUSDT: $654.07
2025-06-30 15:30:43,709 - INFO - Processed data for BTCUSDT: $107730.53
2025-06-30 15:30:43,710 - INFO - Processed data for ETHUSDT: $2463.95
2025-06-30 15:30:43,909 - INFO - Processed data for BNBUSDT: $654.06
2025-06-30 15:30:45,753 - INFO - Processed data for BTCUSDT: $107730.53
2025-06-30 15:30:45,754 - INFO - Processed data for ETHUSDT: $2463.99
2025-06-30 15:30:45,800 - INFO - Processed data for BNBUSDT: $654.09
2025-06-30 15:30:47,719 - INFO - Processed data for BTCUSDT: $107730.53
2025-06-30 15:30:47,726 - INFO - Processed data for ETHUSDT: $2463.99
2025-06-30 15:30:49,747 - INFO - Processed data for BTCUSDT: $107730.53
2025-06-30 15:30:49,747 - INFO - Processed data for ETHUSDT: $2463.98
2025-06-30 15:30:49,801 - INFO - Processed data for BNBUSDT: $654.09
2025-06-30 15:30:51,721 - INFO - Processed data for BTCUSDT: $107730.53
2025-06-30 15:30:51,723 - INFO - Processed data for ETHUSDT: $2463.99
2025-06-30 15:30:51,805 - INFO - Processed data for BNBUSDT: $654.09
2025-06-30 15:30:53,734 - INFO - Processed data for BTCUSDT: $107730.52
2025-06-30 15:30:53,736 - INFO - Processed data for ETHUSDT: $2463.99
2025-06-30 15:30:53,807 - INFO - Processed data for BNBUSDT: $654.09
2025-06-30 15:30:55,788 - INFO - Processed data for BTCUSDT: $107730.53
2025-06-30 15:30:55,789 - INFO - Processed data for ETHUSDT: $2463.99
2025-06-30 15:30:56,006 - INFO - Inserted BNBUSDT data into database
2025-06-30 15:30:56,007 - INFO - Processed data for BNBUSDT: $654.09
2025-06-30 15:30:57,716 - INFO - Processed data for BTCUSDT: $107730.52
2025-06-30 15:30:57,717 - INFO - Processed data for ETHUSDT: $2464.05
2025-06-30 15:30:57,802 - INFO - Processed data for BNBUSDT: $654.09
2025-06-30 15:30:59,781 - INFO - Processed data for BNBUSDT: $654.10
2025-06-30 15:30:59,783 - INFO - Processed data for BTCUSDT: $107730.53
2025-06-30 15:30:59,783 - INFO - Processed data for BTCUSDT: $107730.53
2025-06-30 15:30:59,785 - INFO - Processed data for ETHUSDT: $2464.06
2025-06-30 15:30:59,785 - INFO - Processed data for ETHUSDT: $2464.06
2025-06-30 15:30:59,805 - INFO - Processed data for BNBUSDT: $654.10
2025-06-30 15:31:01,709 - INFO - Processed data for BTCUSDT: $107756.50
2025-06-30 15:31:01,712 - INFO - Processed data for ETHUSDT: $2464.71
2025-06-30 15:31:01,802 - INFO - Processed data for BNBUSDT: $654.10
2025-06-30 15:31:03,724 - INFO - Processed data for BTCUSDT: $107756.55
2025-06-30 15:31:03,727 - INFO - Processed data for ETHUSDT: $2464.71
2025-06-30 15:31:03,814 - INFO - Processed data for BNBUSDT: $654.09
2025-06-30 15:31:05,710 - INFO - Processed data for BTCUSDT: $107746.61
2025-06-30 15:31:05,712 - INFO - Processed data for ETHUSDT: $2464.37
2025-06-30 15:31:05,800 - INFO - Processed data for BNBUSDT: $654.10
2025-06-30 15:31:07,772 - INFO - Processed data for BTCUSDT: $107746.62
2025-06-30 15:31:07,773 - INFO - Processed data for ETHUSDT: $2464.36
2025-06-30 15:31:07,813 - INFO - Processed data for BNBUSDT: $654.10
2025-06-30 15:31:09,712 - INFO - Processed data for BTCUSDT: $107746.61
2025-06-30 15:31:09,713 - INFO - Processed data for ETHUSDT: $2464.35
2025-06-30 15:31:11,761 - INFO - Processed data for BTCUSDT: $107746.62
2025-06-30 15:31:11,761 - INFO - Processed data for ETHUSDT: $2464.36
2025-06-30 15:31:11,805 - INFO - Processed data for BNBUSDT: $654.09
2025-06-30 15:31:13,731 - INFO - Processed data for BTCUSDT: $107746.61
2025-06-30 15:31:13,734 - INFO - Processed data for ETHUSDT: $2464.59
2025-06-30 15:31:15,715 - INFO - Processed data for BTCUSDT: $107746.62
2025-06-30 15:31:15,718 - INFO - Processed data for ETHUSDT: $2464.60
2025-06-30 15:31:15,800 - INFO - Processed data for BNBUSDT: $654.10
2025-06-30 15:31:17,804 - INFO - Processed data for BTCUSDT: $107746.62
2025-06-30 15:31:17,804 - INFO - Processed data for ETHUSDT: $2464.59
2025-06-30 15:31:17,804 - INFO - Processed data for BNBUSDT: $654.10
2025-06-30 15:31:19,703 - INFO - Processed data for BTCUSDT: $107730.52
2025-06-30 15:31:19,703 - INFO - Processed data for ETHUSDT: $2464.12
2025-06-30 15:31:19,807 - INFO - Processed data for BNBUSDT: $654.09
2025-06-30 15:31:22,105 - INFO - Inserted BTCUSDT data into database
2025-06-30 15:31:22,106 - INFO - Processed data for BTCUSDT: $107730.53
2025-06-30 15:31:22,107 - INFO - Processed data for ETHUSDT: $2464.11
2025-06-30 15:31:22,109 - INFO - Processed data for BNBUSDT: $654.10
2025-06-30 15:31:23,751 - INFO - Processed data for ETHUSDT: $2464.18
2025-06-30 15:31:23,835 - INFO - Processed data for BNBUSDT: $654.09
2025-06-30 15:31:25,727 - INFO - Processed data for BTCUSDT: $107730.52
2025-06-30 15:31:25,728 - INFO - Processed data for ETHUSDT: $2464.18
2025-06-30 15:31:25,801 - INFO - Processed data for BNBUSDT: $654.10
2025-06-30 15:31:27,738 - INFO - Processed data for BTCUSDT: $107730.53
2025-06-30 15:31:27,740 - INFO - Processed data for ETHUSDT: $2464.18
2025-06-30 15:31:27,801 - INFO - Processed data for BNBUSDT: $654.10
2025-06-30 15:31:29,783 - INFO - Processed data for BTCUSDT: $107730.52
2025-06-30 15:31:29,783 - INFO - Processed data for ETHUSDT: $2464.18
2025-06-30 15:31:29,811 - INFO - Processed data for BNBUSDT: $654.09
2025-06-30 15:31:31,707 - INFO - Processed data for BTCUSDT: $107734.82
2025-06-30 15:31:31,707 - INFO - Processed data for ETHUSDT: $2464.25
2025-06-30 15:31:33,705 - INFO - Processed data for BTCUSDT: $107734.93
2025-06-30 15:31:33,907 - INFO - Inserted ETHUSDT data into database
2025-06-30 15:31:33,907 - INFO - Processed data for ETHUSDT: $2464.27
2025-06-30 15:31:33,907 - INFO - Processed data for BNBUSDT: $654.10
2025-06-30 15:31:35,725 - INFO - Processed data for BTCUSDT: $107734.92
2025-06-30 15:31:35,728 - INFO - Processed data for ETHUSDT: $2464.32
2025-06-30 15:31:35,930 - INFO - Processed data for BNBUSDT: $654.09
2025-06-30 15:31:37,776 - INFO - Processed data for BTCUSDT: $107734.93
2025-06-30 15:31:37,779 - INFO - Processed data for ETHUSDT: $2464.33
2025-06-30 15:31:37,836 - INFO - Processed data for BNBUSDT: $654.10
2025-06-30 15:31:39,717 - INFO - Processed data for BTCUSDT: $107734.92
2025-06-30 15:31:39,724 - INFO - Processed data for ETHUSDT: $2464.33
2025-06-30 15:31:39,808 - INFO - Processed data for BNBUSDT: $654.10
2025-06-30 15:31:41,784 - INFO - Processed data for BTCUSDT: $107734.92
2025-06-30 15:31:41,786 - INFO - Processed data for ETHUSDT: $2464.08
2025-06-30 15:31:41,837 - INFO - Processed data for BNBUSDT: $654.09
2025-06-30 15:31:43,735 - INFO - Processed data for BTCUSDT: $107734.93
2025-06-30 15:31:43,736 - INFO - Processed data for ETHUSDT: $2464.08
2025-06-30 15:31:43,803 - INFO - Processed data for BNBUSDT: $654.09
2025-06-30 15:31:45,741 - INFO - Processed data for BTCUSDT: $107734.93
2025-06-30 15:31:45,742 - INFO - Processed data for ETHUSDT: $2464.08
2025-06-30 15:31:45,806 - INFO - Processed data for BNBUSDT: $654.10
2025-06-30 15:31:47,752 - INFO - Processed data for BTCUSDT: $107734.93
2025-06-30 15:31:47,753 - INFO - Processed data for ETHUSDT: $2464.08
2025-06-30 15:31:47,801 - INFO - Processed data for BNBUSDT: $654.10
2025-06-30 15:31:49,753 - INFO - Processed data for BTCUSDT: $107734.92
2025-06-30 15:31:49,754 - INFO - Processed data for ETHUSDT: $2464.07
2025-06-30 15:31:49,808 - INFO - Processed data for BNBUSDT: $654.10
2025-06-30 15:31:51,710 - INFO - Processed data for BTCUSDT: $107734.92
2025-06-30 15:31:51,711 - INFO - Processed data for ETHUSDT: $2463.65
2025-06-30 15:31:51,802 - INFO - Processed data for BNBUSDT: $654.09
2025-06-30 15:31:53,722 - INFO - Processed data for BTCUSDT: $107722.14
2025-06-30 15:31:53,722 - INFO - Processed data for ETHUSDT: $2463.41
2025-06-30 15:31:53,795 - INFO - Processed data for BNBUSDT: $654.09
2025-06-30 15:31:55,708 - INFO - Processed data for BTCUSDT: $107718.64
2025-06-30 15:31:55,722 - INFO - Processed data for ETHUSDT: $2463.40
2025-06-30 15:31:56,009 - INFO - Inserted BNBUSDT data into database
2025-06-30 15:31:56,010 - INFO - Processed data for BNBUSDT: $654.09
2025-06-30 15:31:57,699 - INFO - Processed data for BTCUSDT: $107718.65
2025-06-30 15:31:57,699 - INFO - Processed data for ETHUSDT: $2463.33
2025-06-30 15:31:59,789 - INFO - Processed data for BNBUSDT: $654.09
2025-06-30 15:31:59,789 - INFO - Processed data for BTCUSDT: $107707.50
2025-06-30 15:31:59,790 - INFO - Processed data for BTCUSDT: $107707.50
2025-06-30 15:31:59,790 - INFO - Processed data for ETHUSDT: $2463.33
2025-06-30 15:31:59,790 - INFO - Processed data for ETHUSDT: $2463.33
2025-06-30 15:31:59,799 - INFO - Processed data for BNBUSDT: $654.10
2025-06-30 15:32:01,715 - INFO - Processed data for BTCUSDT: $107700.44
2025-06-30 15:32:01,715 - INFO - Processed data for ETHUSDT: $2463.33
2025-06-30 15:32:03,711 - INFO - Processed data for BTCUSDT: $107700.44
2025-06-30 15:32:03,714 - INFO - Processed data for ETHUSDT: $2463.21
2025-06-30 15:32:05,728 - INFO - Processed data for BTCUSDT: $107698.91
2025-06-30 15:32:05,728 - INFO - Processed data for ETHUSDT: $2463.05
2025-06-30 15:32:05,804 - INFO - Processed data for BNBUSDT: $654.09
2025-06-30 15:32:07,710 - INFO - Processed data for BTCUSDT: $107689.65
2025-06-30 15:32:07,713 - INFO - Processed data for ETHUSDT: $2462.47
2025-06-30 15:32:07,797 - INFO - Processed data for BNBUSDT: $654.06
2025-06-30 15:32:09,718 - INFO - Processed data for BTCUSDT: $107678.88
2025-06-30 15:32:09,718 - INFO - Processed data for ETHUSDT: $2462.47
2025-06-30 15:32:09,798 - INFO - Processed data for BNBUSDT: $654.01
2025-06-30 15:32:11,741 - INFO - Processed data for BTCUSDT: $107678.88
2025-06-30 15:32:11,742 - INFO - Processed data for ETHUSDT: $2462.55
2025-06-30 15:32:11,808 - INFO - Processed data for BNBUSDT: $654.02
2025-06-30 15:32:13,712 - INFO - Processed data for BTCUSDT: $107677.36
2025-06-30 15:32:13,713 - INFO - Processed data for ETHUSDT: $2462.25
2025-06-30 15:32:13,809 - INFO - Processed data for BNBUSDT: $654.01
2025-06-30 15:32:15,720 - INFO - Processed data for BTCUSDT: $107677.37
2025-06-30 15:32:15,722 - INFO - Processed data for ETHUSDT: $2462.06
2025-06-30 15:32:15,802 - INFO - Processed data for BNBUSDT: $654.02
2025-06-30 15:32:17,714 - INFO - Processed data for BTCUSDT: $107677.37
2025-06-30 15:32:17,716 - INFO - Processed data for ETHUSDT: $2461.74
2025-06-30 15:32:17,801 - INFO - Processed data for BNBUSDT: $654.01
2025-06-30 15:32:19,758 - INFO - Processed data for BTCUSDT: $107670.84
2025-06-30 15:32:19,758 - INFO - Processed data for ETHUSDT: $2461.71
2025-06-30 15:32:19,798 - INFO - Processed data for BNBUSDT: $654.01
2025-06-30 15:32:21,710 - INFO - Processed data for BTCUSDT: $107670.83
2025-06-30 15:32:21,735 - INFO - Processed data for ETHUSDT: $2461.67
2025-06-30 15:32:21,803 - INFO - Processed data for BNBUSDT: $654.01
2025-06-30 15:32:23,945 - INFO - Inserted BTCUSDT data into database
2025-06-30 15:32:23,945 - INFO - Processed data for BTCUSDT: $107670.84
2025-06-30 15:32:23,945 - INFO - Processed data for ETHUSDT: $2461.53
2025-06-30 15:32:25,791 - INFO - Processed data for BTCUSDT: $107662.51
2025-06-30 15:32:25,791 - INFO - Processed data for ETHUSDT: $2461.39
2025-06-30 15:32:25,804 - INFO - Processed data for BNBUSDT: $654.01
2025-06-30 15:32:27,743 - INFO - Processed data for BTCUSDT: $107662.52
2025-06-30 15:32:27,744 - INFO - Processed data for ETHUSDT: $2461.38
2025-06-30 15:32:27,814 - INFO - Processed data for BNBUSDT: $654.00
2025-06-30 15:32:29,782 - INFO - Processed data for BTCUSDT: $107662.52
2025-06-30 15:32:29,782 - INFO - Processed data for ETHUSDT: $2461.35
2025-06-30 15:32:29,799 - INFO - Processed data for BNBUSDT: $654.00
2025-06-30 15:32:31,833 - INFO - Processed data for BTCUSDT: $107662.51
2025-06-30 15:32:31,834 - INFO - Processed data for ETHUSDT: $2460.85
2025-06-30 15:32:31,834 - INFO - Processed data for BNBUSDT: $653.94
2025-06-30 15:32:33,704 - INFO - Processed data for BTCUSDT: $107656.53
2025-06-30 15:32:33,704 - INFO - Processed data for ETHUSDT: $2460.84
2025-06-30 15:32:33,806 - INFO - Processed data for BNBUSDT: $653.93
2025-06-30 15:32:35,731 - INFO - Processed data for BTCUSDT: $107656.52
2025-06-30 15:32:35,933 - INFO - Inserted ETHUSDT data into database
2025-06-30 15:32:35,933 - INFO - Processed data for ETHUSDT: $2460.84
2025-06-30 15:32:35,934 - INFO - Processed data for BNBUSDT: $653.94
2025-06-30 15:32:37,779 - INFO - Processed data for BTCUSDT: $107656.52
2025-06-30 15:32:37,779 - INFO - Processed data for ETHUSDT: $2460.83
2025-06-30 15:32:37,812 - INFO - Processed data for BNBUSDT: $653.93
2025-06-30 15:32:39,725 - INFO - Processed data for BTCUSDT: $107656.52
2025-06-30 15:32:39,726 - INFO - Processed data for ETHUSDT: $2460.84
2025-06-30 15:32:39,800 - INFO - Processed data for BNBUSDT: $653.89
2025-06-30 15:32:41,709 - INFO - Processed data for BTCUSDT: $107656.53
2025-06-30 15:32:41,710 - INFO - Processed data for ETHUSDT: $2460.83
2025-06-30 15:32:41,799 - INFO - Processed data for BNBUSDT: $653.89
2025-06-30 15:32:43,708 - INFO - Processed data for BTCUSDT: $107656.53
2025-06-30 15:32:43,718 - INFO - Processed data for ETHUSDT: $2460.84
2025-06-30 15:32:43,814 - INFO - Processed data for BNBUSDT: $653.88
2025-06-30 15:32:45,713 - INFO - Processed data for BTCUSDT: $107656.53
2025-06-30 15:32:45,717 - INFO - Processed data for ETHUSDT: $2460.83
2025-06-30 15:32:45,814 - INFO - Processed data for BNBUSDT: $653.89
2025-06-30 15:32:47,704 - INFO - Processed data for BTCUSDT: $107656.53
2025-06-30 15:32:47,704 - INFO - Processed data for ETHUSDT: $2460.84
2025-06-30 15:32:47,794 - INFO - Processed data for BNBUSDT: $653.88
2025-06-30 15:32:49,762 - INFO - Processed data for BTCUSDT: $107656.53
2025-06-30 15:32:49,766 - INFO - Processed data for ETHUSDT: $2460.84
2025-06-30 15:32:49,799 - INFO - Processed data for BNBUSDT: $653.89
2025-06-30 15:32:51,704 - INFO - Processed data for BTCUSDT: $107656.52
2025-06-30 15:32:51,704 - INFO - Processed data for ETHUSDT: $2460.62
2025-06-30 15:32:51,793 - INFO - Processed data for BNBUSDT: $653.88
2025-06-30 15:32:53,758 - INFO - Processed data for BTCUSDT: $107656.53
2025-06-30 15:32:53,758 - INFO - Processed data for ETHUSDT: $2460.62
2025-06-30 15:32:53,796 - INFO - Processed data for BNBUSDT: $653.88
2025-06-30 15:32:55,797 - INFO - Processed data for BTCUSDT: $107656.53
2025-06-30 15:32:55,813 - INFO - Processed data for ETHUSDT: $2460.62
2025-06-30 15:32:56,003 - INFO - Inserted BNBUSDT data into database
2025-06-30 15:32:56,018 - INFO - Processed data for BNBUSDT: $653.88
2025-06-30 15:32:57,704 - INFO - Processed data for BTCUSDT: $107656.53
2025-06-30 15:32:57,704 - INFO - Processed data for ETHUSDT: $2460.61
2025-06-30 15:32:57,808 - INFO - Processed data for BNBUSDT: $653.89
2025-06-30 15:32:59,781 - INFO - Processed data for BNBUSDT: $653.89
2025-06-30 15:32:59,797 - INFO - Processed data for BTCUSDT: $107656.53
2025-06-30 15:32:59,797 - INFO - Processed data for BTCUSDT: $107656.53
2025-06-30 15:32:59,797 - INFO - Processed data for ETHUSDT: $2460.08
2025-06-30 15:32:59,797 - INFO - Processed data for ETHUSDT: $2460.08
2025-06-30 15:32:59,829 - INFO - Processed data for BNBUSDT: $653.88
2025-06-30 15:33:01,728 - INFO - Processed data for BTCUSDT: $107656.52
2025-06-30 15:33:01,729 - INFO - Processed data for ETHUSDT: $2460.09
2025-06-30 15:33:01,793 - INFO - Processed data for BNBUSDT: $653.88
2025-06-30 15:33:03,704 - INFO - Processed data for BTCUSDT: $107637.09
2025-06-30 15:33:03,704 - INFO - Processed data for ETHUSDT: $2459.67
2025-06-30 15:33:03,801 - INFO - Processed data for BNBUSDT: $653.88
2025-06-30 15:33:05,734 - INFO - Processed data for BTCUSDT: $107637.09
2025-06-30 15:33:05,736 - INFO - Processed data for ETHUSDT: $2459.67
2025-06-30 15:33:05,797 - INFO - Processed data for BNBUSDT: $653.83
2025-06-30 15:33:07,699 - INFO - Processed data for BTCUSDT: $107626.01
2025-06-30 15:33:07,714 - INFO - Processed data for ETHUSDT: $2459.66
2025-06-30 15:33:07,803 - INFO - Processed data for BNBUSDT: $653.82
2025-06-30 15:33:09,728 - INFO - Processed data for BTCUSDT: $107625.70
2025-06-30 15:33:09,729 - INFO - Processed data for ETHUSDT: $2459.67
2025-06-30 15:33:09,805 - INFO - Processed data for BNBUSDT: $653.82
2025-06-30 15:33:11,716 - INFO - Processed data for BTCUSDT: $107625.70
2025-06-30 15:33:11,719 - INFO - Processed data for ETHUSDT: $2459.66
2025-06-30 15:33:11,801 - INFO - Processed data for BNBUSDT: $653.82
2025-06-30 15:33:13,726 - INFO - Processed data for BTCUSDT: $107622.03
2025-06-30 15:33:13,726 - INFO - Processed data for ETHUSDT: $2459.65
2025-06-30 15:33:13,789 - INFO - Processed data for BNBUSDT: $653.82
2025-06-30 15:33:15,748 - INFO - Processed data for BTCUSDT: $107622.03
2025-06-30 15:33:15,749 - INFO - Processed data for ETHUSDT: $2459.65
2025-06-30 15:33:15,795 - INFO - Processed data for BNBUSDT: $653.82
2025-06-30 15:33:17,708 - INFO - Processed data for BTCUSDT: $107622.03
2025-06-30 15:33:17,710 - INFO - Processed data for ETHUSDT: $2459.66
2025-06-30 15:33:17,810 - INFO - Processed data for BNBUSDT: $653.82
2025-06-30 15:33:19,707 - INFO - Processed data for BTCUSDT: $107622.04
2025-06-30 15:33:19,708 - INFO - Processed data for ETHUSDT: $2459.57
2025-06-30 15:33:19,825 - INFO - Processed data for BNBUSDT: $653.82
2025-06-30 15:33:21,712 - INFO - Processed data for BTCUSDT: $107617.44
2025-06-30 15:33:21,712 - INFO - Processed data for ETHUSDT: $2459.56
2025-06-30 15:33:21,827 - INFO - Processed data for BNBUSDT: $653.77
2025-06-30 15:33:23,910 - INFO - Inserted BTCUSDT data into database
2025-06-30 15:33:23,910 - INFO - Processed data for BTCUSDT: $107617.44
2025-06-30 15:33:23,910 - INFO - Processed data for ETHUSDT: $2459.57
2025-06-30 15:33:23,921 - INFO - Processed data for BNBUSDT: $653.76
2025-06-30 15:33:25,715 - INFO - Processed data for BTCUSDT: $107617.44
2025-06-30 15:33:25,715 - INFO - Processed data for ETHUSDT: $2459.56
2025-06-30 15:33:25,805 - INFO - Processed data for BNBUSDT: $653.77
2025-06-30 15:33:27,751 - INFO - Processed data for BTCUSDT: $107617.44
2025-06-30 15:33:27,752 - INFO - Processed data for ETHUSDT: $2459.54
2025-06-30 15:33:27,801 - INFO - Processed data for BNBUSDT: $653.77
2025-06-30 15:33:29,719 - INFO - Processed data for BTCUSDT: $107617.44
2025-06-30 15:33:29,720 - INFO - Processed data for ETHUSDT: $2459.53
2025-06-30 15:33:29,799 - INFO - Processed data for BNBUSDT: $653.76
2025-06-30 15:33:31,708 - INFO - Processed data for BTCUSDT: $107617.44
2025-06-30 15:33:31,708 - INFO - Processed data for ETHUSDT: $2459.44
2025-06-30 15:33:31,805 - INFO - Processed data for BNBUSDT: $653.76
2025-06-30 15:33:33,716 - INFO - Processed data for BTCUSDT: $107617.44
2025-06-30 15:33:33,716 - INFO - Processed data for ETHUSDT: $2459.43
2025-06-30 15:33:33,889 - INFO - Processed data for BNBUSDT: $653.77
2025-06-30 15:33:35,738 - INFO - Processed data for BTCUSDT: $107617.44
2025-06-30 15:33:35,938 - INFO - Inserted ETHUSDT data into database
2025-06-30 15:33:35,938 - INFO - Processed data for ETHUSDT: $2458.61
2025-06-30 15:33:35,938 - INFO - Processed data for BNBUSDT: $653.71
2025-06-30 15:33:37,713 - INFO - Processed data for BTCUSDT: $107617.45
2025-06-30 15:33:37,714 - INFO - Processed data for ETHUSDT: $2458.25
2025-06-30 15:33:37,888 - INFO - Processed data for BNBUSDT: $653.71
2025-06-30 15:33:39,709 - INFO - Processed data for BTCUSDT: $107617.45
2025-06-30 15:33:39,712 - INFO - Processed data for ETHUSDT: $2458.25
2025-06-30 15:33:39,798 - INFO - Processed data for BNBUSDT: $653.68
2025-06-30 15:33:41,696 - INFO - Processed data for BTCUSDT: $107615.38
2025-06-30 15:33:41,708 - INFO - Processed data for ETHUSDT: $2458.25
2025-06-30 15:33:41,801 - INFO - Processed data for BNBUSDT: $653.67
2025-06-30 15:33:43,707 - INFO - Processed data for BTCUSDT: $107612.80
2025-06-30 15:33:43,707 - INFO - Processed data for ETHUSDT: $2457.82
2025-06-30 15:33:43,798 - INFO - Processed data for BNBUSDT: $653.54
2025-06-30 15:33:45,721 - INFO - Processed data for BTCUSDT: $107612.79
2025-06-30 15:33:45,722 - INFO - Processed data for ETHUSDT: $2457.59
2025-06-30 15:33:45,812 - INFO - Processed data for BNBUSDT: $653.54
2025-06-30 15:33:47,709 - INFO - Processed data for BTCUSDT: $107602.65
2025-06-30 15:33:47,717 - INFO - Processed data for ETHUSDT: $2457.88
2025-06-30 15:33:47,799 - INFO - Processed data for BNBUSDT: $653.53
2025-06-30 15:33:49,767 - INFO - Processed data for BTCUSDT: $107600.00
2025-06-30 15:33:49,768 - INFO - Processed data for ETHUSDT: $2458.41
2025-06-30 15:33:49,806 - INFO - Processed data for BNBUSDT: $653.52
2025-06-30 15:33:51,714 - INFO - Processed data for BTCUSDT: $107600.00
2025-06-30 15:33:51,717 - INFO - Processed data for ETHUSDT: $2458.42
2025-06-30 15:33:51,799 - INFO - Processed data for BNBUSDT: $653.52
2025-06-30 15:33:53,703 - INFO - Processed data for BTCUSDT: $107600.00
2025-06-30 15:33:53,703 - INFO - Processed data for ETHUSDT: $2458.49
2025-06-30 15:33:53,795 - INFO - Processed data for BNBUSDT: $653.53
2025-06-30 15:33:55,704 - INFO - Processed data for BTCUSDT: $107600.01
2025-06-30 15:33:55,704 - INFO - Processed data for ETHUSDT: $2458.49
2025-06-30 15:33:56,016 - INFO - Inserted BNBUSDT data into database
2025-06-30 15:33:56,016 - INFO - Processed data for BNBUSDT: $653.52
2025-06-30 15:33:57,735 - INFO - Processed data for BTCUSDT: $107600.01
2025-06-30 15:33:57,735 - INFO - Processed data for ETHUSDT: $2458.49
2025-06-30 15:33:57,786 - INFO - Processed data for BNBUSDT: $653.52
2025-06-30 15:33:59,806 - INFO - Processed data for BNBUSDT: $653.53
2025-06-30 15:33:59,809 - INFO - Processed data for BTCUSDT: $107600.01
2025-06-30 15:33:59,810 - INFO - Processed data for BTCUSDT: $107600.01
2025-06-30 15:33:59,810 - INFO - Processed data for ETHUSDT: $2458.49
2025-06-30 15:33:59,810 - INFO - Processed data for ETHUSDT: $2458.49
2025-06-30 15:33:59,826 - INFO - Processed data for BNBUSDT: $653.53
2025-06-30 15:34:01,703 - INFO - Processed data for BTCUSDT: $107605.50
2025-06-30 15:34:01,703 - INFO - Processed data for ETHUSDT: $2458.81
2025-06-30 15:34:01,799 - INFO - Processed data for BNBUSDT: $653.53
2025-06-30 15:34:03,712 - INFO - Processed data for BTCUSDT: $107609.30
2025-06-30 15:34:03,712 - INFO - Processed data for ETHUSDT: $2458.92
2025-06-30 15:34:03,807 - INFO - Processed data for BNBUSDT: $653.57
2025-06-30 15:34:05,743 - INFO - Processed data for BTCUSDT: $107611.35
2025-06-30 15:34:05,745 - INFO - Processed data for ETHUSDT: $2458.93
2025-06-30 15:34:05,848 - INFO - Processed data for BNBUSDT: $653.58
2025-06-30 15:34:07,789 - INFO - Processed data for BTCUSDT: $107611.34
2025-06-30 15:34:07,790 - INFO - Processed data for ETHUSDT: $2459.21
2025-06-30 15:34:07,802 - INFO - Processed data for BNBUSDT: $653.58
2025-06-30 15:34:09,725 - INFO - Processed data for BTCUSDT: $107611.34
2025-06-30 15:34:09,725 - INFO - Processed data for ETHUSDT: $2459.21
2025-06-30 15:34:09,829 - INFO - Processed data for BNBUSDT: $653.57
2025-06-30 15:34:11,780 - INFO - Processed data for BTCUSDT: $107619.99
2025-06-30 15:34:11,780 - INFO - Processed data for ETHUSDT: $2459.24
2025-06-30 15:34:11,804 - INFO - Processed data for BNBUSDT: $653.58
2025-06-30 15:34:13,710 - INFO - Processed data for BTCUSDT: $107634.80
2025-06-30 15:34:13,711 - INFO - Processed data for ETHUSDT: $2459.51
2025-06-30 15:34:13,783 - INFO - Processed data for BNBUSDT: $653.57
2025-06-30 15:34:15,776 - INFO - Processed data for BTCUSDT: $107634.79
2025-06-30 15:34:15,777 - INFO - Processed data for ETHUSDT: $2459.51
2025-06-30 15:34:15,797 - INFO - Processed data for BNBUSDT: $653.58
2025-06-30 15:34:17,725 - INFO - Processed data for BTCUSDT: $107634.80
2025-06-30 15:34:17,726 - INFO - Processed data for ETHUSDT: $2459.53
2025-06-30 15:34:17,800 - INFO - Processed data for BNBUSDT: $653.58
2025-06-30 15:34:19,718 - INFO - Processed data for BTCUSDT: $107634.79
2025-06-30 15:34:19,720 - INFO - Processed data for ETHUSDT: $2459.64
2025-06-30 15:34:19,796 - INFO - Processed data for BNBUSDT: $653.58
2025-06-30 15:34:21,716 - INFO - Processed data for BTCUSDT: $107634.79
2025-06-30 15:34:21,717 - INFO - Processed data for ETHUSDT: $2459.64
2025-06-30 15:34:21,806 - INFO - Processed data for BNBUSDT: $653.58
2025-06-30 15:34:23,710 - INFO - Processed data for BTCUSDT: $107634.80
2025-06-30 15:34:23,713 - INFO - Processed data for ETHUSDT: $2459.65
2025-06-30 15:34:23,809 - INFO - Processed data for BNBUSDT: $653.58
2025-06-30 15:34:26,524 - INFO - Inserted BTCUSDT data into database
2025-06-30 15:34:26,524 - INFO - Processed data for BTCUSDT: $107634.80
2025-06-30 15:34:26,524 - INFO - Processed data for ETHUSDT: $2459.65
2025-06-30 15:34:26,524 - INFO - Processed data for BNBUSDT: $653.57
2025-06-30 15:34:27,759 - INFO - Processed data for BTCUSDT: $107634.80
2025-06-30 15:34:27,762 - INFO - Processed data for ETHUSDT: $2459.82
2025-06-30 15:34:27,794 - INFO - Processed data for BNBUSDT: $653.70
2025-06-30 15:34:29,730 - INFO - Processed data for BTCUSDT: $107634.80
2025-06-30 15:34:29,734 - INFO - Processed data for ETHUSDT: $2460.06
2025-06-30 15:34:29,910 - INFO - Processed data for BNBUSDT: $653.69
2025-06-30 15:34:31,705 - INFO - Processed data for BTCUSDT: $107637.49
2025-06-30 15:34:31,713 - INFO - Processed data for ETHUSDT: $2460.06
2025-06-30 15:34:31,797 - INFO - Processed data for BNBUSDT: $653.69
2025-06-30 15:34:33,713 - INFO - Processed data for BTCUSDT: $107637.49
2025-06-30 15:34:33,714 - INFO - Processed data for ETHUSDT: $2460.06
2025-06-30 15:34:33,816 - INFO - Processed data for BNBUSDT: $653.71
2025-06-30 15:34:35,744 - INFO - Processed data for BTCUSDT: $107637.49
2025-06-30 15:34:36,137 - INFO - Inserted ETHUSDT data into database
2025-06-30 15:34:36,137 - INFO - Processed data for ETHUSDT: $2459.93
2025-06-30 15:34:36,137 - INFO - Processed data for BNBUSDT: $653.71
2025-06-30 15:34:37,794 - INFO - Processed data for BTCUSDT: $107637.49
2025-06-30 15:34:37,794 - INFO - Processed data for ETHUSDT: $2459.66
2025-06-30 15:34:37,801 - INFO - Processed data for BNBUSDT: $653.71
2025-06-30 15:34:39,741 - INFO - Processed data for BTCUSDT: $107637.48
2025-06-30 15:34:39,743 - INFO - Processed data for ETHUSDT: $2459.66
2025-06-30 15:34:39,945 - INFO - Processed data for BNBUSDT: $653.70
2025-06-30 15:34:41,786 - INFO - Processed data for BTCUSDT: $107637.48
2025-06-30 15:34:41,787 - INFO - Processed data for ETHUSDT: $2459.66
2025-06-30 15:34:41,800 - INFO - Processed data for BNBUSDT: $653.71
2025-06-30 15:34:43,722 - INFO - Processed data for BTCUSDT: $107637.48
2025-06-30 15:34:43,727 - INFO - Processed data for ETHUSDT: $2460.60
2025-06-30 15:34:45,790 - INFO - Processed data for BTCUSDT: $107653.49
2025-06-30 15:34:45,790 - INFO - Processed data for ETHUSDT: $2461.78
2025-06-30 15:34:45,845 - INFO - Processed data for BNBUSDT: $653.78
2025-06-30 15:34:47,726 - INFO - Processed data for BTCUSDT: $107653.50
2025-06-30 15:34:47,732 - INFO - Processed data for ETHUSDT: $2461.77
2025-06-30 15:34:49,703 - INFO - Processed data for BTCUSDT: $107653.50
2025-06-30 15:34:49,703 - INFO - Processed data for ETHUSDT: $2461.78
2025-06-30 15:34:49,797 - INFO - Processed data for BNBUSDT: $653.77
2025-06-30 15:34:51,718 - INFO - Processed data for BTCUSDT: $107653.49
2025-06-30 15:34:51,722 - INFO - Processed data for ETHUSDT: $2461.78
2025-06-30 15:34:51,809 - INFO - Processed data for BNBUSDT: $653.77
2025-06-30 15:34:53,707 - INFO - Processed data for BTCUSDT: $107653.50
2025-06-30 15:34:53,707 - INFO - Processed data for ETHUSDT: $2461.77
2025-06-30 15:34:53,794 - INFO - Processed data for BNBUSDT: $653.78
2025-06-30 15:34:55,720 - INFO - Processed data for BTCUSDT: $107653.49
2025-06-30 15:34:55,720 - INFO - Processed data for ETHUSDT: $2461.77
2025-06-30 15:34:55,801 - INFO - Processed data for BNBUSDT: $653.77
2025-06-30 15:34:57,761 - INFO - Processed data for BTCUSDT: $107656.49
2025-06-30 15:34:57,762 - INFO - Processed data for ETHUSDT: $2462.05
2025-06-30 15:34:57,999 - INFO - Inserted BNBUSDT data into database
2025-06-30 15:34:58,001 - INFO - Processed data for BNBUSDT: $653.77
2025-06-30 15:34:59,707 - INFO - Processed data for BNBUSDT: $653.77
2025-06-30 15:34:59,726 - INFO - Processed data for BTCUSDT: $107656.51
2025-06-30 15:34:59,730 - INFO - Processed data for BTCUSDT: $107656.51
2025-06-30 15:34:59,730 - INFO - Processed data for ETHUSDT: $2462.06
2025-06-30 15:34:59,733 - INFO - Processed data for ETHUSDT: $2462.06
2025-06-30 15:34:59,791 - INFO - Processed data for BNBUSDT: $653.77
2025-06-30 15:35:01,701 - INFO - Processed data for BTCUSDT: $107656.51
2025-06-30 15:35:01,701 - INFO - Processed data for ETHUSDT: $2462.02
2025-06-30 15:35:01,801 - INFO - Processed data for BNBUSDT: $653.77
2025-06-30 15:35:03,717 - INFO - Processed data for BTCUSDT: $107641.10
2025-06-30 15:35:03,718 - INFO - Processed data for ETHUSDT: $2461.29
2025-06-30 15:35:03,801 - INFO - Processed data for BNBUSDT: $653.78
2025-06-30 15:35:05,707 - INFO - Processed data for BTCUSDT: $107597.71
2025-06-30 15:35:05,707 - INFO - Processed data for ETHUSDT: $2460.08
2025-06-30 15:35:05,796 - INFO - Processed data for BNBUSDT: $653.76
2025-06-30 15:35:07,795 - INFO - Processed data for BTCUSDT: $107597.72
2025-06-30 15:35:07,798 - INFO - Processed data for ETHUSDT: $2460.07
2025-06-30 15:35:07,801 - INFO - Processed data for BNBUSDT: $653.77
2025-06-30 15:35:09,741 - INFO - Processed data for BTCUSDT: $107597.72
2025-06-30 15:35:09,741 - INFO - Processed data for ETHUSDT: $2460.19
2025-06-30 15:35:09,789 - INFO - Processed data for BNBUSDT: $653.76
2025-06-30 15:35:11,708 - INFO - Processed data for BTCUSDT: $107597.72
2025-06-30 15:35:11,708 - INFO - Processed data for ETHUSDT: $2460.32
2025-06-30 15:35:11,854 - INFO - Processed data for BNBUSDT: $653.77
2025-06-30 15:35:13,708 - INFO - Processed data for BTCUSDT: $107597.71
2025-06-30 15:35:13,709 - INFO - Processed data for ETHUSDT: $2460.32
2025-06-30 15:35:13,840 - INFO - Processed data for BNBUSDT: $653.77
2025-06-30 15:35:15,784 - INFO - Processed data for BTCUSDT: $107597.72
2025-06-30 15:35:15,785 - INFO - Processed data for ETHUSDT: $2460.32
2025-06-30 15:35:15,804 - INFO - Processed data for BNBUSDT: $653.71
2025-06-30 15:35:17,728 - INFO - Processed data for BTCUSDT: $107597.72
2025-06-30 15:35:17,729 - INFO - Processed data for ETHUSDT: $2460.32
2025-06-30 15:35:17,938 - INFO - Processed data for BNBUSDT: $653.70
2025-06-30 15:35:19,716 - INFO - Processed data for BTCUSDT: $107597.72
2025-06-30 15:35:19,802 - INFO - Processed data for BNBUSDT: $653.70
2025-06-30 15:35:21,709 - INFO - Processed data for BTCUSDT: $107597.71
2025-06-30 15:35:21,710 - INFO - Processed data for ETHUSDT: $2459.84
2025-06-30 15:35:21,804 - INFO - Processed data for BNBUSDT: $653.71
2025-06-30 15:35:23,706 - INFO - Processed data for BTCUSDT: $107597.71
2025-06-30 15:35:23,708 - INFO - Processed data for ETHUSDT: $2459.84
2025-06-30 15:35:23,826 - INFO - Processed data for BNBUSDT: $653.71
2025-06-30 15:35:25,717 - INFO - Processed data for BTCUSDT: $107597.72
2025-06-30 15:35:25,721 - INFO - Processed data for ETHUSDT: $2460.08
2025-06-30 15:35:25,798 - INFO - Processed data for BNBUSDT: $653.68
2025-06-30 15:35:27,769 - ERROR - WebSocket error: 0
2025-06-30 15:35:28,280 - INFO - WebSocket connection closed
